timestep,timestamp,error,lap_number,speed_scalar,blur_level,pos_x,pos_y,pos_z
1,0.0001,0.1562,0,0.2,0,-0.0,-0.0,1.00046
2,0.032,0.1562,0,0.2,0,-0.0,-0.0,1.000446
3,0.064,0.1668,0,0.2,0,-0.0,-0.0,1.000434
4,0.0954,0.1551,0,0.2,0,0.000155,-0.0,1.000421
5,0.1272,0.1651,0,0.2,0,0.00062,-0.0,1.000402
6,0.1602,0.1836,0,0.2,0,0.001509,-0.0,1.000374
7,0.1951,0.1935,0,0.2,0,0.002909,-1e-06,1.000334
8,0.2279,0.2024,0,0.2,0,0.004874,-3e-06,1.000279
9,0.2618,0.2017,0,0.2,0,0.007412,-9e-06,1.000211
10,0.2926,0.2004,0,0.2,0,0.010497,-2e-05,1.000131
11,0.3235,0.2067,0,0.2,0,0.014072,-3.7e-05,1.000043
12,0.3535,0.2049,0,0.2,0,0.018058,-6.2e-05,0.999951
13,0.3851,0.2111,0,0.2,0,0.022368,-9.5e-05,0.99986
14,0.4179,0.2019,0,0.2,0,0.026917,-0.000138,0.999772
15,0.4554,0.2089,0,0.2,0,0.031626,-0.000191,0.999689
16,0.4885,0.2001,0,0.2,0,0.036427,-0.000253,0.999611
17,0.5187,0.2068,0,0.2,0,0.04127,-0.000325,0.999539
18,0.5522,0.2223,0,0.2,0,0.046128,-0.000407,0.999473
19,0.5814,0.2145,0,0.2,0,0.050993,-0.0005,0.999413
20,0.6126,0.23,0,0.2,0,0.055876,-0.000604,0.999359
21,0.646,0.2378,0,0.2,0,0.06079,-0.000721,0.99931
22,0.6789,0.2459,0,0.2,0,0.06575,-0.00085,0.999267
23,0.7142,0.2462,0,0.2,0,0.070771,-0.000993,0.999229
24,0.7447,0.2537,0,0.2,0,0.075865,-0.001149,0.999197
25,0.7765,0.2538,0,0.2,0,0.081037,-0.001319,0.999169
26,0.808,0.2609,0,0.2,0,0.086294,-0.001503,0.999146
27,0.8409,0.2535,0,0.2,0,0.091634,-0.001701,0.999127
28,0.8725,0.254,0,0.2,0,0.097057,-0.001912,0.999114
29,0.9031,0.2466,0,0.2,0,0.102554,-0.002137,0.999104
30,0.9376,0.2464,0,0.2,0,0.108115,-0.002376,0.999099
31,0.9719,0.2313,0,0.2,0,0.113724,-0.002627,0.999098
32,1.0061,0.2462,0,0.2,0,0.119365,-0.00289,0.999101
33,1.0388,0.2619,0,0.2,0,0.125027,-0.003166,0.999108
34,1.0712,0.2541,0,0.2,0,0.130703,-0.003454,0.999119
35,1.1045,0.2077,0,0.2,0,0.13639,-0.003754,0.999133
36,1.1339,0.2153,0,0.2,0,0.142089,-0.004066,0.999151
37,1.1644,0.2074,0,0.2,0,0.147801,-0.004391,0.999172
38,1.1966,0.231,0,0.2,0,0.153528,-0.004728,0.999196
39,1.2296,0.2454,0,0.2,0,0.159274,-0.005077,0.999222
40,1.2618,0.2531,0,0.2,0,0.165042,-0.005439,0.999251
41,1.2931,0.2302,0,0.2,0,0.170834,-0.005813,0.999282
42,1.3273,0.2213,0,0.2,0,0.176654,-0.0062,0.999316
43,1.3606,0.2367,0,0.2,0,0.182502,-0.006599,0.999351
44,1.3977,0.2357,0,0.2,0,0.188379,-0.00701,0.999388
45,1.4294,0.2057,0,0.2,0,0.194285,-0.007434,0.999427
46,1.462,0.1757,0,0.2,0,0.20022,-0.007871,0.999467
47,1.4932,0.1907,0,0.2,0,0.206181,-0.00832,0.999507
48,1.5215,0.1979,0,0.2,0,0.212161,-0.008782,0.999549
49,1.5508,0.213,0,0.2,0,0.21815,-0.009256,0.999592
50,1.5848,0.2129,0,0.2,0,0.224137,-0.009741,0.999635
51,1.6171,0.2207,0,0.2,0,0.230114,-0.010238,0.999679
52,1.6553,0.2125,0,0.2,0,0.23608,-0.010746,0.999723
53,1.6853,0.2128,0,0.2,0,0.242034,-0.011266,0.999767
54,1.7175,0.2285,0,0.2,0,0.247974,-0.011797,0.999811
55,1.7505,0.2284,0,0.2,0,0.253904,-0.01234,0.999855
56,1.7795,0.2439,0,0.2,0,0.25983,-0.012896,0.999899
57,1.8131,0.2046,0,0.2,0,0.265754,-0.013464,0.999942
58,1.8438,0.213,0,0.2,0,0.271682,-0.014045,0.999985
59,1.8758,0.2058,0,0.2,0,0.277623,-0.01464,1.000027
60,1.9093,0.1982,0,0.2,0,0.283581,-0.015249,1.000068
61,1.9457,0.1977,0,0.2,0,0.28956,-0.015872,1.000108
62,1.9763,0.2054,0,0.2,0,0.295561,-0.01651,1.000147
63,2.0093,0.2205,0,0.2,0,0.301582,-0.017162,1.000185
64,2.0421,0.2053,0,0.2,0,0.307619,-0.017828,1.000221
65,2.0699,0.2049,0,0.2,0,0.313669,-0.018508,1.000257
66,2.1016,0.1896,0,0.2,0,0.319727,-0.019201,1.000291
67,2.1324,0.2124,0,0.2,0,0.325786,-0.019906,1.000324
68,2.1655,0.1816,0,0.2,0,0.331839,-0.020624,1.000355
69,2.1956,0.197,0,0.2,0,0.337887,-0.021355,1.000384
70,2.2318,0.1968,0,0.2,0,0.343932,-0.022099,1.000413
71,2.2666,0.1814,0,0.2,0,0.349972,-0.022855,1.000439
72,2.302,0.1889,0,0.2,0,0.356006,-0.023625,1.000464
73,2.3336,0.1733,0,0.2,0,0.362037,-0.024408,1.000487
74,2.3663,0.1966,0,0.2,0,0.368069,-0.025204,1.000509
75,2.3979,0.1813,0,0.2,0,0.374106,-0.026014,1.000529
76,2.4273,0.1661,0,0.2,0,0.38015,-0.026839,1.000547
77,2.4569,0.1656,0,0.2,0,0.386199,-0.027678,1.000564
78,2.4885,0.1421,0,0.2,0,0.39225,-0.02853,1.000578
79,2.5199,0.1418,0,0.2,0,0.3983,-0.029396,1.000591
80,2.5583,0.1659,0,0.2,0,0.404345,-0.030273,1.000603
81,2.5927,0.1584,0,0.2,0,0.410385,-0.031163,1.000613
82,2.6247,0.1899,0,0.2,0,0.416418,-0.032065,1.000621
83,2.6576,0.1822,0,0.2,0,0.422452,-0.03298,1.000627
84,2.6888,0.1977,0,0.2,0,0.428484,-0.033907,1.000633
85,2.7191,0.1665,0,0.2,0,0.434514,-0.034848,1.000636
86,2.755,0.1742,0,0.2,0,0.440545,-0.035802,1.000638
87,2.7853,0.1906,0,0.2,0,0.446579,-0.036769,1.000638
88,2.8158,0.1512,0,0.2,0,0.452618,-0.037751,1.000638
89,2.848,0.1747,0,0.2,0,0.458667,-0.038747,1.000635
90,2.8803,0.1661,0,0.2,0,0.464724,-0.039758,1.000632
91,2.9148,0.1892,0,0.2,0,0.470777,-0.040781,1.000627
92,2.9496,0.1825,0,0.2,0,0.476823,-0.041816,1.000621
93,2.9834,0.1988,0,0.2,0,0.48286,-0.042862,1.000614
94,3.0161,0.1754,0,0.2,0,0.488888,-0.04392,1.000605
95,3.0503,0.1753,0,0.2,0,0.4949,-0.044988,1.000596
96,3.0816,0.1595,0,0.2,0,0.500897,-0.046067,1.000586
97,3.1136,0.198,0,0.2,0,0.506885,-0.047157,1.000574
98,3.1444,0.174,0,0.2,0,0.512867,-0.048259,1.000562
99,3.1766,0.1823,0,0.2,0,0.518842,-0.049373,1.000549
100,3.2062,0.1747,0,0.2,0,0.52481,-0.050499,1.000535
101,3.2417,0.1589,0,0.2,0,0.530775,-0.051638,1.000521
102,3.2757,0.1597,0,0.2,0,0.536744,-0.05279,1.000506
103,3.3085,0.1362,0,0.2,0,0.542717,-0.053955,1.00049
104,3.3423,0.1281,0,0.2,0,0.548692,-0.055134,1.000474
105,3.3721,0.1355,0,0.2,0,0.554671,-0.056326,1.000458
106,3.4056,0.1274,0,0.2,0,0.560657,-0.057532,1.000441
107,3.4346,0.1352,0,0.2,0,0.566653,-0.058753,1.000424
108,3.4663,0.1427,0,0.2,0,0.572659,-0.059989,1.000406
109,3.5004,0.1578,0,0.2,0,0.578664,-0.061237,1.000388
110,3.5342,0.1431,0,0.2,0,0.584664,-0.062497,1.00037
111,3.5654,0.1442,0,0.2,0,0.590656,-0.063767,1.000352
112,3.5976,0.1353,0,0.2,0,0.596638,-0.065049,1.000334
113,3.6294,0.1588,0,0.2,0,0.602615,-0.066343,1.000316
114,3.6614,0.1671,0,0.2,0,0.608591,-0.06765,1.000298
115,3.6933,0.1592,0,0.2,0,0.614569,-0.068971,1.00028
116,3.7265,0.1749,0,0.2,0,0.620551,-0.070306,1.000262
117,3.7609,0.1834,0,0.2,0,0.626532,-0.071654,1.000245
118,3.7927,0.1516,0,0.2,0,0.63251,-0.073016,1.000227
119,3.8256,0.1525,0,0.2,0,0.638483,-0.07439,1.00021
120,3.8578,0.1511,0,0.2,0,0.644445,-0.075775,1.000193
121,3.89,0.1512,0,0.2,0,0.650402,-0.077172,1.000177
122,3.9214,0.1742,0,0.2,0,0.656356,-0.078583,1.00016
123,3.9539,0.1354,0,0.2,0,0.662301,-0.080005,1.000144
124,3.9856,0.1277,0,0.2,0,0.668233,-0.081438,1.000129
125,4.0194,0.1035,0,0.2,0,0.674157,-0.082882,1.000114
126,4.0543,0.1193,0,0.2,0,0.680076,-0.084338,1.0001
127,4.086,0.1188,0,0.2,0,0.685986,-0.085805,1.000085
128,4.1159,0.0953,0,0.2,0,0.691894,-0.087286,1.000072
129,4.1498,0.1029,0,0.2,0,0.697804,-0.08878,1.000059
130,4.1808,0.0941,0,0.2,0,0.703721,-0.09029,1.000046
131,4.2143,0.0874,0,0.2,0,0.70964,-0.091813,1.000034
132,4.2452,0.111,0,0.2,0,0.715552,-0.093349,1.000023
133,4.2794,0.0724,0,0.2,0,0.721464,-0.094898,1.000012
134,4.3134,0.1039,0,0.2,0,0.727376,-0.09646,1.000002
135,4.3461,0.1352,0,0.2,0,0.733284,-0.098036,0.999992
136,4.3791,0.1359,0,0.2,0,0.739191,-0.099624,0.999983
137,4.4136,0.1436,0,0.2,0,0.7451,-0.101226,0.999974
138,4.4436,0.1366,0,0.2,0,0.751014,-0.102844,0.999966
139,4.4725,0.1212,0,0.2,0,0.756928,-0.104475,0.999959
140,4.5047,0.1434,0,0.2,0,0.762838,-0.106118,0.999952
141,4.5376,0.1039,0,0.2,0,0.768744,-0.107774,0.999946
142,4.5704,0.1039,0,0.2,0,0.774638,-0.10944,0.99994
143,4.6019,0.0877,0,0.2,0,0.780517,-0.111116,0.999935
144,4.636,0.1113,0,0.2,0,0.786387,-0.112802,0.999931
145,4.6689,0.0724,0,0.2,0,0.792251,-0.1145,0.999927
146,4.7006,0.1023,0,0.2,0,0.798108,-0.11621,0.999923
147,4.7331,0.1028,0,0.2,0,0.803966,-0.117934,0.99992
148,4.7651,0.0792,0,0.2,0,0.809821,-0.119671,0.999917
149,4.7973,0.0714,0,0.2,0,0.815678,-0.121423,0.999915
150,4.8276,0.073,0,0.2,0,0.821533,-0.123187,0.999914
151,4.8565,0.096,0,0.2,0,0.827385,-0.124964,0.999913
152,4.8888,0.1121,0,0.2,0,0.833234,-0.126754,0.999912
153,4.9212,0.1112,0,0.2,0,0.839085,-0.128559,0.999912
154,4.9582,0.1042,0,0.2,0,0.844938,-0.130378,0.999912
155,4.9896,0.1202,0,0.2,0,0.850789,-0.13221,0.999912
156,5.0223,0.0891,0,0.2,0,0.856639,-0.134056,0.999913
157,5.0529,0.1204,0,0.2,0,0.862483,-0.135914,0.999915
158,5.083,0.0723,0,0.2,0,0.868312,-0.137781,0.999916
159,5.115,0.0877,0,0.2,0,0.874128,-0.139658,0.999918
160,5.1477,0.0795,0,0.2,0,0.879936,-0.141546,0.99992
161,5.1812,0.0881,0,0.2,0,0.885739,-0.143447,0.999922
162,5.216,0.0802,0,0.2,0,0.891536,-0.145359,0.999925
163,5.2499,0.0567,0,0.2,0,0.897327,-0.147283,0.999928
164,5.2799,0.0791,0,0.2,0,0.903115,-0.149219,0.999931
165,5.313,0.1035,0,0.2,0,0.908906,-0.151171,0.999934
166,5.3458,0.0966,0,0.2,0,0.914696,-0.153136,0.999938
167,5.3748,0.1038,0,0.2,0,0.920486,-0.155114,0.999941
168,5.4091,0.081,0,0.2,0,0.926276,-0.157107,0.999945
169,5.4411,0.0889,0,0.2,0,0.932068,-0.159114,0.999949
170,5.4729,0.0963,0,0.2,0,0.937856,-0.161135,0.999953
171,5.5099,0.0718,0,0.2,0,0.943633,-0.163165,0.999957
172,5.5415,0.0876,0,0.2,0,0.949395,-0.165205,0.999961
173,5.5734,0.0653,0,0.2,0,0.955148,-0.167256,0.999965
174,5.6048,0.0729,0,0.2,0,0.960901,-0.16932,0.999969
175,5.6361,0.0722,0,0.2,0,0.966653,-0.171398,0.999973
176,5.6676,0.0869,0,0.2,0,0.9724,-0.173489,0.999978
177,5.7014,0.0489,0,0.2,0,0.978148,-0.175594,0.999982
178,5.7333,0.0718,0,0.2,0,0.983893,-0.177712,0.999986
179,5.767,0.0654,0,0.2,0,0.98964,-0.179844,0.99999
180,5.8018,0.0802,0,0.2,0,0.99539,-0.181992,0.999994
181,5.8331,0.0486,0,0.2,0,1.001135,-0.184153,0.999998
182,5.867,0.1036,0,0.2,0,1.006867,-0.186322,1.000002
183,5.8976,0.057,0,0.2,0,1.01258,-0.188499,1.000006
184,5.9274,0.049,0,0.2,0,1.018277,-0.190684,1.00001
185,5.9597,0.0734,0,0.2,0,1.023971,-0.192881,1.000014
186,5.9942,0.0573,0,0.2,0,1.029667,-0.195094,1.000017
187,6.0247,0.0713,0,0.2,0,1.035367,-0.197322,1.000021
188,6.0598,0.0487,0,0.2,0,1.041061,-0.199562,1.000024
189,6.0917,0.0494,0,0.2,0,1.046758,-0.201818,1.000027
190,6.1247,0.057,0,0.2,0,1.052449,-0.204085,1.00003
191,6.1578,0.0242,0,0.2,0,1.058132,-0.206364,1.000033
192,6.1885,0.0798,0,0.2,0,1.063806,-0.208652,1.000036
193,6.2217,0.0811,0,0.2,0,1.069466,-0.21095,1.000039
194,6.2527,0.0566,0,0.2,0,1.07512,-0.213258,1.000041
195,6.2856,0.0809,0,0.2,0,1.08077,-0.21558,1.000044
196,6.3181,0.0487,0,0.2,0,1.086417,-0.217915,1.000046
197,6.3539,0.0722,0,0.2,0,1.092062,-0.220262,1.000048
198,6.3861,0.0483,0,0.2,0,1.097707,-0.222624,1.00005
199,6.4189,0.0408,0,0.2,0,1.103349,-0.224999,1.000051
200,6.4515,0.0412,0,0.2,0,1.108984,-0.227386,1.000053
201,6.4859,0.0565,0,0.2,0,1.114613,-0.229784,1.000054
202,6.5166,0.0878,0,0.2,0,1.120229,-0.232191,1.000056
203,6.5501,0.0482,0,0.2,0,1.125837,-0.234609,1.000057
204,6.5781,0.0499,0,0.2,0,1.131436,-0.237037,1.000058
205,6.6092,0.0256,0,0.2,0,1.137031,-0.239477,1.000058
206,6.6418,0.0411,0,0.2,0,1.142624,-0.241931,1.000059
207,6.6732,0.0401,0,0.2,0,1.14821,-0.244397,1.000059
208,6.7069,0.0483,0,0.2,0,1.153785,-0.246871,1.00006
209,6.7411,0.0249,0,0.2,0,1.159357,-0.249359,1.00006
210,6.7728,0.0257,0,0.2,0,1.164934,-0.251864,1.00006
211,6.8054,0.0724,0,0.2,0,1.170515,-0.254385,1.00006
212,6.8374,0.0574,0,0.2,0,1.176094,-0.256919,1.000059
213,6.8706,0.0252,0,0.2,0,1.181665,-0.259464,1.000059
214,6.9008,0.0566,0,0.2,0,1.187226,-0.262019,1.000059
215,6.9332,0.0102,0,0.2,0,1.192774,-0.264582,1.000058
216,6.9676,0.0794,0,0.2,0,1.198317,-0.267158,1.000057
217,7.0012,0.0091,0,0.2,0,1.203857,-0.269747,1.000057
218,7.0348,0.0567,0,0.2,0,1.209394,-0.272349,1.000056
219,7.0663,0.0023,0,0.2,0,1.214927,-0.274963,1.000055
220,7.103,0.0647,0,0.2,0,1.220456,-0.277591,1.000053
221,7.1339,0.0329,0,0.2,0,1.225978,-0.280229,1.000052
222,7.1639,0.0179,0,0.2,0,1.23149,-0.282877,1.000051
223,7.1965,0.0332,0,0.2,0,1.236986,-0.285532,1.00005
224,7.2268,0.0327,0,0.2,0,1.242467,-0.288194,1.000048
225,7.2616,0.0254,0,0.2,0,1.24795,-0.290872,1.000047
226,7.2934,0.0015,0,0.2,0,1.253434,-0.293565,1.000045
227,7.3256,0.025,0,0.2,0,1.25892,-0.296273,1.000044
228,7.3551,0.0335,0,0.2,0,1.264407,-0.298996,1.000042
229,7.388,0.0249,0,0.2,0,1.269879,-0.301728,1.000041
230,7.422,0.0331,0,0.2,0,1.275344,-0.30447,1.000039
231,7.4541,0.0059,0,0.2,0,1.280794,-0.307219,1.000038
232,7.4841,0.0252,0,0.2,0,1.286238,-0.30998,1.000036
233,7.517,0.0136,0,0.2,0,1.291672,-0.312751,1.000034
234,7.5534,0.0328,0,0.2,0,1.297107,-0.315536,1.000033
235,7.5882,0.0105,0,0.2,0,1.302546,-0.318339,1.000031
236,7.619,0.0419,0,0.2,0,1.307986,-0.321158,1.000029
237,7.6533,0.0011,0,0.2,0,1.313425,-0.32399,1.000028
238,7.6841,0.0168,0,0.2,0,1.318842,-0.326827,1.000026
239,7.7133,0.033,0,0.2,0,1.324241,-0.329668,1.000025
240,7.7456,0.01,0,0.2,0,1.329631,-0.332519,1.000023
241,7.7763,0.0182,0,0.2,0,1.335016,-0.335383,1.000022
242,7.8091,0.0331,0,0.2,0,1.340399,-0.338261,1.00002
243,7.8454,0.0247,0,0.2,0,1.34578,-0.341152,1.000018
244,7.8769,0.0414,0,0.2,0,1.35116,-0.344058,1.000017
245,7.9088,0.0145,0,0.2,0,1.356532,-0.346974,1.000015
246,7.9423,0.0329,0,0.2,0,1.361892,-0.3499,1.000014
247,7.971,0.0138,0,0.2,0,1.367241,-0.352833,1.000013
248,8.005,0.0021,0,0.2,0,1.37258,-0.355777,1.000011
249,8.035,0.0025,0,0.2,0,1.377918,-0.358734,1.00001
250,8.07,0.0061,0,0.2,0,1.383255,-0.361707,1.000008
251,8.1054,0.0329,0,0.2,0,1.388583,-0.364689,1.000007
252,8.1369,0.0168,0,0.2,0,1.3939,-0.367681,1.000006
253,8.1686,0.0099,0,0.2,0,1.39921,-0.370683,1.000005
254,8.2019,0.0172,0,0.2,0,1.404517,-0.373699,1.000004
255,8.2311,0.0332,0,0.2,0,1.409819,-0.376727,1.000003
256,8.2638,0.0176,0,0.2,0,1.415112,-0.379765,1.000002
257,8.2965,0.0106,0,0.2,0,1.420404,-0.382818,1.000001
258,8.328,0.0177,0,0.2,0,1.425695,-0.385885,1.0
259,8.3615,0.002,0,0.2,0,1.430982,-0.388965,0.999999
260,8.3934,0.0055,0,0.2,0,1.436258,-0.392054,0.999998
261,8.4257,0.0019,0,0.2,0,1.441527,-0.395153,0.999997
262,8.4577,0.0338,0,0.2,0,1.44679,-0.398265,0.999997
263,8.4892,0.0017,0,0.2,0,1.452052,-0.401391,0.999996
264,8.5209,0.029,0,0.2,0,1.45731,-0.40453,0.999995
265,8.5575,0.0023,0,0.2,0,1.462559,-0.407679,0.999995
266,8.5901,0.0103,0,0.2,0,1.467795,-0.410836,0.999994
267,8.6214,0.0172,0,0.2,0,1.473017,-0.414,0.999994
268,8.6516,0.0098,0,0.2,0,1.478227,-0.417173,0.999993
269,8.6828,0.0022,0,0.2,0,1.48343,-0.420356,0.999993
270,8.7156,0.0094,0,0.2,0,1.488633,-0.423555,0.999992
271,8.7488,0.0217,0,0.2,0,1.493834,-0.426768,0.999992
272,8.7815,0.0242,0,0.2,0,1.499027,-0.429991,0.999992
273,8.815,0.0372,0,0.2,0,1.504208,-0.433222,0.999992
274,8.8503,0.0094,0,0.2,0,1.509377,-0.436461,0.999992
275,8.8812,0.0101,0,0.2,0,1.514543,-0.439714,0.999991
276,8.9145,0.0057,0,0.2,0,1.519701,-0.442977,0.999991
277,8.9448,0.0214,0,0.2,0,1.524855,-0.446252,0.999991
278,8.974,0.0017,0,0.2,0,1.530002,-0.449539,0.999991
279,9.0043,0.0299,0,0.2,0,1.535141,-0.452836,0.999991
280,9.0379,0.0064,0,0.2,0,1.540271,-0.456143,0.999991
281,9.0696,0.0182,0,0.2,0,1.545396,-0.459462,0.999991
282,9.1061,0.0216,0,0.2,0,1.550514,-0.462792,0.999992
283,9.1387,0.0101,0,0.2,0,1.555627,-0.466135,0.999992
284,9.1728,0.0132,0,0.2,0,1.560735,-0.46949,0.999992
285,9.2056,0.0138,0,0.2,0,1.565835,-0.472855,0.999992
286,9.2354,0.0222,0,0.2,0,1.570926,-0.476231,0.999992
287,9.2648,0.0033,0,0.2,0,1.576008,-0.479615,0.999993
288,9.2962,0.0173,0,0.2,0,1.581086,-0.483013,0.999993
289,9.3274,0.0133,0,0.2,0,1.586159,-0.486423,0.999993
290,9.363,0.0063,0,0.2,0,1.591227,-0.489846,0.999993
291,9.3976,0.0297,0,0.2,0,1.596283,-0.493276,0.999994
292,9.4305,0.0103,0,0.2,0,1.601323,-0.496711,0.999994
293,9.4619,0.0058,0,0.2,0,1.606353,-0.500156,0.999994
294,9.4937,0.0212,0,0.2,0,1.611377,-0.503612,0.999995
295,9.5228,0.0208,0,0.2,0,1.616395,-0.507079,0.999995
296,9.5536,0.0453,0,0.2,0,1.621405,-0.510557,0.999996
297,9.5851,0.0288,0,0.2,0,1.626406,-0.514045,0.999996
298,9.6173,0.0101,0,0.2,0,1.631397,-0.517542,0.999996
299,9.6529,0.0605,0,0.2,0,1.636382,-0.521051,0.999997
300,9.687,0.0032,0,0.2,0,1.64137,-0.524577,0.999997
301,9.7207,0.0529,0,0.2,0,1.646359,-0.528121,0.999997
302,9.7549,0.0133,0,0.2,0,1.651343,-0.531676,0.999998
303,9.7857,0.0608,0,0.2,0,1.656311,-0.535236,0.999998
304,9.8149,0.0292,0,0.2,0,1.661277,-0.538811,0.999999
305,9.8442,0.0372,0,0.2,0,1.666235,-0.542395,0.999999
306,9.8762,0.0293,0,0.2,0,1.671188,-0.545993,1.0
307,9.9095,0.0372,0,0.2,0,1.676133,-0.5496,1.0
308,9.9455,0.0139,0,0.2,0,1.68107,-0.553218,1.000001
309,9.9784,0.0368,0,0.2,0,1.685993,-0.556842,1.000001
310,10.0139,0.045,0,0.2,0,1.690906,-0.560475,1.000002
311,10.0453,0.0058,0,0.2,0,1.695812,-0.564119,1.000002
312,10.0765,0.0535,0,0.2,0,1.700717,-0.567779,1.000003
313,10.1081,0.0216,0,0.2,0,1.705604,-0.571442,1.000003
314,10.142,0.0451,0,0.2,0,1.71048,-0.575113,1.000004
315,10.1747,0.0183,0,0.2,0,1.71534,-0.578789,1.000004
316,10.2098,0.037,0,0.2,0,1.720201,-0.582482,1.000005
317,10.2412,0.0056,0,0.2,0,1.725052,-0.586184,1.000005
318,10.2705,0.0454,0,0.2,0,1.729894,-0.589895,1.000006
319,10.2989,0.0138,0,0.2,0,1.734722,-0.593612,1.000007
320,10.3298,0.0529,0,0.2,0,1.739542,-0.59734,1.000007
321,10.3632,0.0446,0,0.2,0,1.744353,-0.601077,1.000008
322,10.3973,0.0451,0,0.2,0,1.749161,-0.604828,1.000008
323,10.4297,0.0137,0,0.2,0,1.753963,-0.60859,1.000009
324,10.4638,0.0531,0,0.2,0,1.758758,-0.612364,1.000009
325,10.4978,0.0297,0,0.2,0,1.763541,-0.616144,1.000009
326,10.5293,0.0217,0,0.2,0,1.768318,-0.619936,1.00001
327,10.561,0.0368,0,0.2,0,1.773094,-0.623744,1.00001
328,10.5928,0.053,0,0.2,0,1.777867,-0.627566,1.00001
329,10.6226,0.0229,0,0.2,0,1.78263,-0.631397,1.00001
330,10.6552,0.037,0,0.2,0,1.787374,-0.635229,1.00001
331,10.6899,0.0373,0,0.2,0,1.792111,-0.639072,1.00001
332,10.7212,0.0447,0,0.2,0,1.796839,-0.642925,1.000011
333,10.7569,0.0607,0,0.2,0,1.801558,-0.646788,1.000011
334,10.7895,0.0523,0,0.2,0,1.806269,-0.65066,1.000011
335,10.8216,0.0526,0,0.2,0,1.810972,-0.654543,1.000011
336,10.8544,0.0445,0,0.2,0,1.815666,-0.658436,1.000011
337,10.8836,0.0455,0,0.2,0,1.820357,-0.662343,1.000011
338,10.9153,0.0295,0,0.2,0,1.825044,-0.666264,1.000011
339,10.9478,0.0686,0,0.2,0,1.829718,-0.670192,1.000011
340,10.982,0.0365,0,0.2,0,1.834382,-0.674128,1.00001
341,11.0168,0.0686,0,0.2,0,1.839043,-0.678079,1.00001
342,11.0498,0.0526,0,0.2,0,1.843704,-0.682046,1.00001
343,11.0809,0.0605,0,0.2,0,1.848355,-0.686023,1.00001
344,11.1125,0.0375,0,0.2,0,1.85299,-0.690003,1.00001
345,11.1451,0.0521,0,0.2,0,1.857611,-0.693988,1.000009
346,11.1753,0.0692,0,0.2,0,1.862224,-0.697983,1.000009
347,11.209,0.0527,0,0.2,0,1.866825,-0.701985,1.000009
348,11.2412,0.069,0,0.2,0,1.871411,-0.70599,1.000008
349,11.2744,0.0457,0,0.2,0,1.875986,-0.710004,1.000008
350,11.3097,0.0764,0,0.2,0,1.880557,-0.714031,1.000008
351,11.3425,0.0527,0,0.2,0,1.885117,-0.718066,1.000007
352,11.3724,0.0367,0,0.2,0,1.88967,-0.722111,1.000007
353,11.4062,0.0373,0,0.2,0,1.894211,-0.726163,1.000007
354,11.4361,0.0681,0,0.2,0,1.898743,-0.730223,1.000006
355,11.4655,0.0373,0,0.2,0,1.903268,-0.734295,1.000006
356,11.5014,0.0527,0,0.2,0,1.907786,-0.738377,1.000006
357,11.5333,0.0534,0,0.2,0,1.912296,-0.742469,1.000005
358,11.5628,0.0374,0,0.2,0,1.916795,-0.746569,1.000005
359,11.5968,0.0532,0,0.2,0,1.92129,-0.750681,1.000004
360,11.6319,0.0608,0,0.2,0,1.925776,-0.754804,1.000004
361,11.6659,0.0528,0,0.2,0,1.930258,-0.758939,1.000004
362,11.7014,0.053,0,0.2,0,1.934726,-0.76308,1.000003
363,11.7347,0.0458,0,0.2,0,1.939184,-0.767229,1.000003
364,11.7675,0.0372,0,0.2,0,1.943635,-0.771388,1.000003
365,11.8015,0.0612,0,0.2,0,1.948082,-0.775562,1.000002
366,11.8308,0.0458,0,0.2,0,1.95252,-0.779746,1.000002
367,11.8602,0.0685,0,0.2,0,1.95695,-0.783939,1.000002
368,11.8931,0.0528,0,0.2,0,1.961377,-0.788149,1.000001
369,11.9239,0.0605,0,0.2,0,1.965805,-0.792376,1.000001
370,11.9575,0.0688,0,0.2,0,1.970229,-0.796619,1.000001
371,11.994,0.0529,0,0.2,0,1.97464,-0.800868,1.0
372,12.0256,0.0919,0,0.2,0,1.979044,-0.805128,1.0
373,12.0584,0.0689,0,0.2,0,1.983439,-0.809399,1.0
374,12.0895,0.0841,0,0.2,0,1.987822,-0.813675,0.999999
375,12.1182,0.0603,0,0.2,0,1.99219,-0.817956,0.999999
376,12.1495,0.084,0,0.2,0,1.996545,-0.822241,0.999999
377,12.1804,0.0921,0,0.2,0,2.000888,-0.826534,0.999999
378,12.2122,0.0607,0,0.2,0,2.005218,-0.830832,0.999998
379,12.2498,0.0765,0,0.2,0,2.009534,-0.835134,0.999998
380,12.2812,0.0682,0,0.2,0,2.013841,-0.839446,0.999998
381,12.3132,0.0695,0,0.2,0,2.01814,-0.843768,0.999998
382,12.3461,0.0846,0,0.2,0,2.02243,-0.848099,0.999997
383,12.3752,0.1,0,0.2,0,2.026709,-0.852437,0.999997
384,12.4099,0.0608,0,0.2,0,2.030978,-0.856783,0.999997
385,12.4414,0.0768,0,0.2,0,2.03524,-0.861141,0.999997
386,12.473,0.0683,0,0.2,0,2.039492,-0.865506,0.999997
387,12.5046,0.0526,0,0.2,0,2.043731,-0.869878,0.999996
388,12.5405,0.0611,0,0.2,0,2.04796,-0.874256,0.999996
389,12.5743,0.0599,0,0.2,0,2.05218,-0.878645,0.999996
390,12.6059,0.0455,0,0.2,0,2.056394,-0.883047,0.999996
391,12.6384,0.0521,0,0.2,0,2.0606,-0.887458,0.999996
392,12.668,0.0603,0,0.2,0,2.0648,-0.891883,0.999996
393,12.7022,0.0678,0,0.2,0,2.068994,-0.896321,0.999996
394,12.734,0.0611,0,0.2,0,2.073184,-0.900773,0.999995
395,12.7658,0.0532,0,0.2,0,2.07737,-0.905239,0.999995
396,12.8016,0.0762,0,0.2,0,2.081547,-0.909715,0.999995
397,12.8312,0.0618,0,0.2,0,2.085714,-0.914199,0.999995
398,12.8644,0.0996,0,0.2,0,2.089872,-0.918692,0.999995
399,12.8966,0.0451,0,0.2,0,2.09402,-0.923194,0.999995
400,12.9302,0.0689,0,0.2,0,2.098152,-0.927698,0.999995
401,12.9605,0.0535,0,0.2,0,2.102267,-0.932202,0.999995
402,12.9936,0.0526,0,0.2,0,2.106371,-0.936713,0.999995
403,13.0267,0.0618,0,0.2,0,2.110461,-0.94123,0.999995
404,13.0624,0.0688,0,0.2,0,2.114539,-0.945752,0.999995
405,13.0959,0.0998,0,0.2,0,2.118602,-0.950277,0.999995
406,13.1286,0.0608,0,0.2,0,2.122655,-0.95481,0.999995
407,13.1606,0.0918,0,0.2,0,2.126698,-0.959353,0.999995
408,13.1919,0.0767,0,0.2,0,2.130733,-0.963906,0.999995
409,13.2216,0.0921,0,0.2,0,2.134759,-0.968469,0.999995
410,13.2547,0.0531,0,0.2,0,2.138771,-0.973035,0.999995
411,13.2859,0.0836,0,0.2,0,2.142774,-0.977612,0.999995
412,13.3184,0.0532,0,0.2,0,2.146767,-0.982196,0.999996
413,13.3528,0.0606,0,0.2,0,2.15075,-0.986789,0.999996
414,13.3873,0.1004,0,0.2,0,2.154724,-0.99139,0.999996
415,13.419,0.0839,0,0.2,0,2.158689,-0.996,0.999996
416,13.4522,0.0917,0,0.2,0,2.16265,-1.000626,0.999996
417,13.4833,0.0531,0,0.2,0,2.166602,-1.005262,0.999996
418,13.5148,0.1004,0,0.2,0,2.17055,-1.009912,0.999996
419,13.5472,0.0609,0,0.2,0,2.174486,-1.014567,0.999997
420,13.5805,0.1078,0,0.2,0,2.178413,-1.019232,0.999997
421,13.6132,0.0926,0,0.2,0,2.182333,-1.023909,0.999997
422,13.6458,0.1082,0,0.2,0,2.186246,-1.028598,0.999997
423,13.6766,0.0842,0,0.2,0,2.190149,-1.033295,0.999998
424,13.7087,0.0841,0,0.2,0,2.19404,-1.037996,0.999998
425,13.744,0.092,0,0.2,0,2.197926,-1.042713,0.999998
426,13.7759,0.0689,0,0.2,0,2.2018,-1.047436,0.999998
427,13.8085,0.0617,0,0.2,0,2.205662,-1.052164,0.999999
428,13.84,0.0607,0,0.2,0,2.209511,-1.056897,0.999999
429,13.8715,0.0925,0,0.2,0,2.213352,-1.061641,0.999999
430,13.9049,0.053,0,0.2,0,2.217183,-1.066392,0.999999
431,13.9371,0.0689,0,0.2,0,2.221001,-1.071149,1.0
432,13.9722,0.0534,0,0.2,0,2.22481,-1.075915,1.0
433,14.0048,0.1075,0,0.2,0,2.228608,-1.080689,1.0
434,14.0367,0.076,0,0.2,0,2.232398,-1.085474,1.0
435,14.0699,0.0833,0,0.2,0,2.236178,-1.090267,1.0
436,14.1009,0.061,0,0.2,0,2.239946,-1.095065,1.000001
437,14.1307,0.0844,0,0.2,0,2.243702,-1.099869,1.000001
438,14.1595,0.0689,0,0.2,0,2.247447,-1.10468,1.000001
439,14.1948,0.0844,0,0.2,0,2.251186,-1.109505,1.000001
440,14.2251,0.0693,0,0.2,0,2.254915,-1.114337,1.000001
441,14.2581,0.0689,0,0.2,0,2.258628,-1.119172,1.000001
442,14.2932,0.0536,0,0.2,0,2.262328,-1.12401,1.000001
443,14.3255,0.0927,0,0.2,0,2.266025,-1.128865,1.000002
444,14.3572,0.0773,0,0.2,0,2.269709,-1.133725,1.000002
445,14.39,0.0846,0,0.2,0,2.273379,-1.138588,1.000002
446,14.4186,0.0768,0,0.2,0,2.277037,-1.143458,1.000002
447,14.4524,0.077,0,0.2,0,2.280689,-1.14834,1.000003
448,14.4839,0.0922,0,0.2,0,2.284334,-1.153235,1.000003
449,14.5164,0.0764,0,0.2,0,2.287967,-1.158136,1.000003
450,14.5536,0.0922,0,0.2,0,2.291589,-1.163045,1.000003
451,14.586,0.0919,0,0.2,0,2.295198,-1.167957,1.000003
452,14.6178,0.0999,0,0.2,0,2.298796,-1.172878,1.000003
453,14.6509,0.0766,0,0.2,0,2.302393,-1.177818,1.000003
454,14.6806,0.1081,0,0.2,0,2.305985,-1.182774,1.000003
455,14.7141,0.085,0,0.2,0,2.309567,-1.187737,1.000004
456,14.7452,0.1001,0,0.2,0,2.313136,-1.192706,1.000004
457,14.7762,0.0685,0,0.2,0,2.316693,-1.19768,1.000004
458,14.8083,0.0607,0,0.2,0,2.320244,-1.202668,1.000004
459,14.846,0.0836,0,0.2,0,2.323782,-1.207661,1.000004
460,14.8808,0.07,0,0.2,0,2.327305,-1.212655,1.000004
461,14.9136,0.0844,0,0.2,0,2.330812,-1.217649,1.000004
462,14.947,0.1001,0,0.2,0,2.334307,-1.222649,1.000004
463,14.9779,0.0459,0,0.2,0,2.337791,-1.227656,1.000004
464,15.01,0.0998,0,0.2,0,2.341265,-1.232672,1.000004
465,15.042,0.0613,0,0.2,0,2.344728,-1.237694,1.000004
466,15.0722,0.093,0,0.2,0,2.348178,-1.24272,1.000004
467,15.1045,0.0918,0,0.2,0,2.351618,-1.247755,1.000003
468,15.1374,0.0458,0,0.2,0,2.35505,-1.252802,1.000003
469,15.1704,0.0768,0,0.2,0,2.358476,-1.257863,1.000003
470,15.2068,0.0849,0,0.2,0,2.361892,-1.262934,1.000003
471,15.2421,0.077,0,0.2,0,2.365292,-1.268002,1.000003
472,15.2722,0.0998,0,0.2,0,2.368681,-1.273078,1.000003
473,15.3052,0.1317,0,0.2,0,2.372062,-1.278166,1.000003
474,15.3351,0.077,0,0.2,0,2.375434,-1.283265,1.000003
475,15.3651,0.0762,0,0.2,0,2.378798,-1.288374,1.000003
476,15.3963,0.0916,0,0.2,0,2.382152,-1.293493,1.000003
477,15.4294,0.085,0,0.2,0,2.385493,-1.298615,1.000002
478,15.4613,0.0762,0,0.2,0,2.388819,-1.303739,1.000002
479,15.4969,0.0678,0,0.2,0,2.392129,-1.308862,1.000002
480,15.5293,0.0694,0,0.2,0,2.395428,-1.313993,1.000002
481,15.562,0.0926,0,0.2,0,2.398717,-1.319132,1.000002
482,15.593,0.0761,0,0.2,0,2.401994,-1.324278,1.000002
483,15.6223,0.0766,0,0.2,0,2.405261,-1.329431,1.000001
484,15.6568,0.1078,0,0.2,0,2.408516,-1.33459,1.000001
485,15.6892,0.0997,0,0.2,0,2.411762,-1.339759,1.000001
486,15.721,0.0766,0,0.2,0,2.414998,-1.344938,1.000001
487,15.7559,0.0762,0,0.2,0,2.418227,-1.35013,1.000001
488,15.788,0.0998,0,0.2,0,2.421451,-1.355338,1.000001
489,15.819,0.0776,0,0.2,0,2.424668,-1.36056,1.0
490,15.8549,0.1012,0,0.2,0,2.427874,-1.365788,1.0
491,15.8841,0.0845,0,0.2,0,2.431063,-1.371014,1.0
492,15.9144,0.0765,0,0.2,0,2.434239,-1.376245,1.0
493,15.9497,0.1092,0,0.2,0,2.437403,-1.38148,1.0
494,15.9812,0.0771,0,0.2,0,2.440553,-1.386716,1.0
495,16.0148,0.0842,0,0.2,0,2.443685,-1.391949,0.999999
496,16.0486,0.0845,0,0.2,0,2.446803,-1.397184,0.999999
497,16.08,0.1003,0,0.2,0,2.449909,-1.402423,0.999999
498,16.1122,0.0772,0,0.2,0,2.453004,-1.407672,0.999999
499,16.1459,0.1238,0,0.2,0,2.456094,-1.412935,0.999999
500,16.1762,0.0773,0,0.2,0,2.459174,-1.418209,0.999999
501,16.2052,0.1005,0,0.2,0,2.462248,-1.423499,0.999999
502,16.2378,0.1155,0,0.2,0,2.465308,-1.428789,0.999999
503,16.2688,0.0759,0,0.2,0,2.468354,-1.434083,0.999998
504,16.3015,0.1,0,0.2,0,2.471393,-1.439389,0.999998
505,16.3355,0.0842,0,0.2,0,2.474422,-1.444706,0.999998
506,16.3687,0.1168,0,0.2,0,2.477442,-1.450031,0.999998
507,16.3997,0.1,0,0.2,0,2.480449,-1.455362,0.999998
508,16.4324,0.0996,0,0.2,0,2.483441,-1.460691,0.999998
509,16.4648,0.1079,0,0.2,0,2.486422,-1.466029,0.999998
510,16.4981,0.1154,0,0.2,0,2.489392,-1.471374,0.999998
511,16.5299,0.0847,0,0.2,0,2.492349,-1.476722,0.999998
512,16.5625,0.1156,0,0.2,0,2.495294,-1.482077,0.999998
513,16.5985,0.0534,0,0.2,0,2.49823,-1.487442,0.999999
514,16.629,0.0851,0,0.2,0,2.501153,-1.492809,0.999999
515,16.6673,0.0924,0,0.2,0,2.504063,-1.498182,0.999999
516,16.7,0.0845,0,0.2,0,2.50696,-1.50356,0.999999
517,16.7299,0.0606,0,0.2,0,2.509846,-1.508943,0.999999
518,16.7625,0.1006,0,0.2,0,2.512726,-1.514343,0.999999
519,16.7885,0.0858,0,0.2,0,2.515595,-1.51975,0.999999
520,16.8184,0.1081,0,0.2,0,2.518448,-1.525155,0.999999
521,16.8494,0.0843,0,0.2,0,2.521287,-1.530562,0.999999
522,16.882,0.0918,0,0.2,0,2.524114,-1.535975,0.999999
523,16.9132,0.0849,0,0.2,0,2.526933,-1.541399,0.999999
524,16.9455,0.1154,0,0.2,0,2.529741,-1.546831,0.999999
525,16.9792,0.1002,0,0.2,0,2.532535,-1.552264,0.999999
526,17.0131,0.1007,0,0.2,0,2.535314,-1.557697,0.999999
527,17.0445,0.0934,0,0.2,0,2.538082,-1.563138,0.999999
528,17.0761,0.0841,0,0.2,0,2.54084,-1.568586,0.999999
529,17.1088,0.0691,0,0.2,0,2.543586,-1.574041,0.999999
530,17.1413,0.1074,0,0.2,0,2.546323,-1.579507,0.999999
531,17.1728,0.0841,0,0.2,0,2.54905,-1.584984,0.999999
532,17.2053,0.1238,0,0.2,0,2.551767,-1.59047,0.999999
533,17.2416,0.0692,0,0.2,0,2.554473,-1.595963,0.999999
534,17.2729,0.108,0,0.2,0,2.557164,-1.601456,0.999999
535,17.305,0.0465,0,0.2,0,2.559842,-1.606953,0.999999
536,17.3366,0.1081,0,0.2,0,2.56251,-1.612457,0.999999
537,17.366,0.0845,0,0.2,0,2.565166,-1.61797,0.999999
538,17.4008,0.1003,0,0.2,0,2.567811,-1.623487,0.999999
539,17.4334,0.0845,0,0.2,0,2.570439,-1.629002,0.999999
540,17.4656,0.0757,0,0.2,0,2.573054,-1.634519,0.999999
541,17.4973,0.1083,0,0.2,0,2.575658,-1.640044,0.999999
542,17.5303,0.0843,0,0.2,0,2.578252,-1.645577,0.999999
543,17.5609,0.0774,0,0.2,0,2.580833,-1.651116,0.999999
544,17.5939,0.0932,0,0.2,0,2.583404,-1.656664,0.999999
545,17.6276,0.0927,0,0.2,0,2.585964,-1.66222,0.999999
546,17.6603,0.1,0,0.2,0,2.588512,-1.667782,0.999999
547,17.6919,0.0922,0,0.2,0,2.591052,-1.673355,0.999999
548,17.7249,0.1076,0,0.2,0,2.59358,-1.678937,0.999999
549,17.7601,0.0843,0,0.2,0,2.596096,-1.684523,0.999999
550,17.7942,0.1165,0,0.2,0,2.598597,-1.690108,0.999999
551,17.8228,0.0849,0,0.2,0,2.601086,-1.695699,0.999999
552,17.8546,0.0845,0,0.2,0,2.60356,-1.701289,0.999999
553,17.8853,0.0929,0,0.2,0,2.606019,-1.706878,0.999999
554,17.917,0.0536,0,0.2,0,2.608462,-1.712464,0.999999
555,17.9536,0.1086,0,0.2,0,2.610895,-1.71806,0.999999
556,17.9851,0.0607,0,0.2,0,2.613321,-1.723673,0.999999
557,18.0169,0.0917,0,0.2,0,2.615738,-1.729298,0.999999
558,18.0486,0.0691,0,0.2,0,2.618143,-1.734929,0.999999
559,18.0787,0.1157,0,0.2,0,2.620537,-1.740566,0.999999
560,18.1141,0.0693,0,0.2,0,2.622916,-1.746204,0.999999
561,18.1456,0.092,0,0.2,0,2.625281,-1.751843,0.999999
562,18.1763,0.0916,0,0.2,0,2.627632,-1.757481,0.999999
563,18.2097,0.0542,0,0.2,0,2.62997,-1.763123,0.999999
564,18.2465,0.0617,0,0.2,0,2.632298,-1.768775,0.999999
565,18.2766,0.108,0,0.2,0,2.634617,-1.774439,0.999999
566,18.3096,0.0857,0,0.2,0,2.636925,-1.780111,0.999999
567,18.3402,0.1075,0,0.2,0,2.639221,-1.785787,0.999999
568,18.371,0.061,0,0.2,0,2.641503,-1.791465,0.999999
569,18.4056,0.0928,0,0.2,0,2.643767,-1.797135,0.999999
570,18.4419,0.1003,0,0.2,0,2.646015,-1.802799,0.999999
571,18.4736,0.0844,0,0.2,0,2.64825,-1.808468,0.999999
572,18.5058,0.0988,0,0.2,0,2.650475,-1.814146,0.999999
573,18.535,0.0843,0,0.2,0,2.65269,-1.819836,0.999999
574,18.564,0.1011,0,0.2,0,2.654896,-1.82554,0.999999
575,18.5973,0.1012,0,0.2,0,2.657089,-1.831246,0.999999
576,18.6294,0.1,0,0.2,0,2.65927,-1.836956,0.999999
577,18.6613,0.0766,0,0.2,0,2.661436,-1.842667,0.999999
578,18.6953,0.0997,0,0.2,0,2.663587,-1.848372,0.999999
579,18.7295,0.1077,0,0.2,0,2.665723,-1.854077,0.999999
580,18.7619,0.117,0,0.2,0,2.667846,-1.859786,0.999999
581,18.7933,0.0843,0,0.2,0,2.66996,-1.865506,0.999999
582,18.8233,0.0908,0,0.2,0,2.672065,-1.871241,0.999999
583,18.8534,0.0922,0,0.2,0,2.674161,-1.87699,0.999999
584,18.8854,0.1154,0,0.2,0,2.676245,-1.882743,0.999999
585,18.9168,0.0851,0,0.2,0,2.678315,-1.888496,0.999999
586,18.9532,0.0855,0,0.2,0,2.680369,-1.894245,0.999999
587,18.9849,0.0457,0,0.2,0,2.682409,-1.899992,0.999999
588,19.0158,0.07,0,0.2,0,2.684435,-1.905739,0.999999
589,19.0498,0.0927,0,0.2,0,2.686449,-1.911489,0.999999
590,19.0809,0.0847,0,0.2,0,2.68845,-1.917247,0.999999
591,19.1138,0.0847,0,0.2,0,2.690442,-1.923016,0.999999
592,19.1455,0.1083,0,0.2,0,2.692424,-1.9288,0.999999
593,19.177,0.0993,0,0.2,0,2.694396,-1.934595,0.999999
594,19.2099,0.0995,0,0.2,0,2.696357,-1.940396,0.999999
595,19.2457,0.0996,0,0.2,0,2.698302,-1.946194,0.999999
596,19.2781,0.108,0,0.2,0,2.700231,-1.951987,0.999999
597,19.3122,0.1002,0,0.2,0,2.702144,-1.957771,0.999999
598,19.3435,0.109,0,0.2,0,2.704041,-1.963548,0.999999
599,19.3763,0.061,0,0.2,0,2.705924,-1.969326,0.999999
600,19.4089,0.0929,0,0.2,0,2.707794,-1.975108,0.999999
601,19.4414,0.0621,0,0.2,0,2.709655,-1.980901,0.999999
602,19.4727,0.0698,0,0.2,0,2.711505,-1.986705,0.999999
603,19.5057,0.109,0,0.2,0,2.713344,-1.992517,0.999999
604,19.538,0.0761,0,0.2,0,2.715171,-1.998335,0.999999
605,19.5705,0.0919,0,0.2,0,2.716987,-2.00416,0.999999
606,19.6063,0.1073,0,0.2,0,2.71879,-2.009989,0.999999
607,19.6407,0.1076,0,0.2,0,2.72058,-2.015821,0.999999
608,19.6748,0.1235,0,0.2,0,2.722356,-2.021655,0.999999
609,19.7063,0.1006,0,0.2,0,2.724118,-2.027483,0.999999
610,19.7347,0.1229,0,0.2,0,2.725862,-2.033301,0.999999
611,19.7626,0.0604,0,0.2,0,2.727593,-2.039121,0.999999
612,19.7973,0.1077,0,0.2,0,2.729311,-2.044941,0.999999
613,19.8293,0.1006,0,0.2,0,2.731016,-2.050764,0.999999
614,19.8624,0.0852,0,0.2,0,2.73271,-2.056594,0.999999
615,19.8973,0.1168,0,0.2,0,2.734391,-2.062427,0.999999
616,19.93,0.0855,0,0.2,0,2.736061,-2.068265,0.999999
617,19.9617,0.0527,0,0.2,0,2.737719,-2.07411,0.999999
618,19.9922,0.1006,0,0.2,0,2.739366,-2.079964,0.999999
619,20.0219,0.0697,0,0.2,0,2.741002,-2.085826,0.999999
620,20.0539,0.1003,0,0.2,0,2.742627,-2.091701,0.999999
621,20.0854,0.1318,0,0.2,0,2.744242,-2.097587,0.999999
622,20.1167,0.1004,0,0.2,0,2.745844,-2.103474,0.999999
623,20.1535,0.1072,0,0.2,0,2.747431,-2.109358,0.999999
624,20.1855,0.1072,0,0.2,0,2.749004,-2.11524,0.999999
625,20.2171,0.1001,0,0.2,0,2.750563,-2.12112,0.999999
626,20.2493,0.1164,0,0.2,0,2.752106,-2.126996,0.999999
627,20.2796,0.1078,0,0.2,0,2.753635,-2.132865,0.999999
628,20.3124,0.1004,0,0.2,0,2.75515,-2.138731,0.999999
629,20.3462,0.0999,0,0.2,0,2.75665,-2.144596,0.999999
630,20.3774,0.0686,0,0.2,0,2.758137,-2.150459,0.999999
631,20.4089,0.0848,0,0.2,0,2.759613,-2.156331,0.999999
632,20.4463,0.0771,0,0.2,0,2.76108,-2.162222,0.999999
633,20.4775,0.1084,0,0.2,0,2.76254,-2.168138,0.999999
634,20.5086,0.0933,0,0.2,0,2.763991,-2.174067,0.999999
635,20.5426,0.0849,0,0.2,0,2.765427,-2.179995,0.999999
636,20.5717,0.0772,0,0.2,0,2.766849,-2.185917,0.999999
637,20.6051,0.0922,0,0.2,0,2.768258,-2.191841,0.999999
638,20.6362,0.0923,0,0.2,0,2.769655,-2.197769,0.999999
639,20.669,0.0998,0,0.2,0,2.77104,-2.203704,0.999999
640,20.7028,0.1389,0,0.2,0,2.772414,-2.209649,0.999999
641,20.7331,0.1392,0,0.2,0,2.773776,-2.215597,0.999999
642,20.7659,0.101,0,0.2,0,2.775123,-2.221539,0.999999
643,20.8016,0.1006,0,0.2,0,2.776453,-2.227468,0.999999
644,20.8336,0.0843,0,0.2,0,2.777766,-2.23338,0.999999
645,20.8666,0.1003,0,0.2,0,2.779063,-2.239279,0.999999
646,20.8958,0.0918,0,0.2,0,2.780346,-2.245173,0.999999
647,20.9267,0.1157,0,0.2,0,2.781616,-2.251071,0.999999
648,20.9555,0.1007,0,0.2,0,2.782875,-2.256983,0.999999
649,20.9889,0.0934,0,0.2,0,2.784123,-2.262903,0.999999
650,21.0218,0.0768,0,0.2,0,2.785359,-2.268827,0.999999
651,21.0585,0.0922,0,0.2,0,2.786582,-2.274757,0.999999
652,21.0935,0.0686,0,0.2,0,2.787794,-2.280696,0.999999
653,21.1279,0.0766,0,0.2,0,2.788996,-2.286649,0.999999
654,21.162,0.0847,0,0.2,0,2.790189,-2.292624,0.999999
655,21.1937,0.0618,0,0.2,0,2.791374,-2.298627,0.999999
656,21.2255,0.0937,0,0.2,0,2.792552,-2.304657,0.999999
657,21.2562,0.0859,0,0.2,0,2.79372,-2.310705,0.999999
658,21.2886,0.078,0,0.2,0,2.794874,-2.316752,0.999999
659,21.3218,0.0784,0,0.2,0,2.796012,-2.322786,0.999999
660,21.3547,0.077,0,0.2,0,2.797133,-2.328801,0.999999
661,21.3877,0.0923,0,0.2,0,2.798239,-2.334805,0.999999
662,21.4216,0.1078,0,0.2,0,2.799331,-2.340804,0.999999
663,21.4544,0.1078,0,0.2,0,2.80041,-2.346803,0.999999
664,21.4859,0.1159,0,0.2,0,2.801476,-2.352806,0.999999
665,21.5174,0.1238,0,0.2,0,2.802529,-2.358813,0.999999
666,21.5487,0.1159,0,0.2,0,2.803568,-2.364815,0.999999
667,21.5806,0.1164,0,0.2,0,2.804592,-2.370802,0.999999
668,21.6132,0.1001,0,0.2,0,2.805599,-2.376768,0.999998
669,21.6494,0.1078,0,0.2,0,2.80659,-2.38272,0.999998
670,21.681,0.1232,0,0.2,0,2.807568,-2.388667,0.999998
671,21.7137,0.1381,0,0.2,0,2.808533,-2.394619,0.999998
672,21.7454,0.1537,0,0.2,0,2.809487,-2.40058,0.999998
673,21.7753,0.1539,0,0.2,0,2.810431,-2.406558,0.999998
674,21.8075,0.1461,0,0.2,0,2.811364,-2.412555,0.999998
675,21.8415,0.1304,0,0.2,0,2.812288,-2.418564,0.999998
676,21.872,0.1389,0,0.2,0,2.813198,-2.424577,0.999998
677,21.9047,0.1066,0,0.2,0,2.814096,-2.430587,0.999998
678,21.942,0.1072,0,0.2,0,2.81498,-2.436591,0.999998
679,21.9755,0.1081,0,0.2,0,2.815851,-2.44259,0.999998
680,22.0097,0.1076,0,0.2,0,2.816708,-2.448583,0.999998
681,22.0414,0.132,0,0.2,0,2.817553,-2.45457,0.999998
682,22.0718,0.1081,0,0.2,0,2.818384,-2.460552,0.999998
683,22.1009,0.1002,0,0.2,0,2.819203,-2.466536,0.999998
684,22.1339,0.1312,0,0.2,0,2.82001,-2.472525,0.999998
685,22.1659,0.1314,0,0.2,0,2.820806,-2.478519,0.999998
686,22.197,0.1153,0,0.2,0,2.82159,-2.484525,0.999998
687,22.23,0.0992,0,0.2,0,2.822364,-2.490542,0.999998
688,22.2633,0.1077,0,0.2,0,2.823126,-2.496572,0.999998
689,22.2983,0.1078,0,0.2,0,2.823877,-2.502614,0.999998
690,22.3294,0.1158,0,0.2,0,2.824616,-2.508666,0.999998
691,22.3623,0.1081,0,0.2,0,2.825343,-2.514724,0.999999
692,22.3926,0.1162,0,0.2,0,2.826057,-2.520778,0.999999
693,22.4248,0.1,0,0.2,0,2.826757,-2.526822,0.999999
694,22.4577,0.1076,0,0.2,0,2.827443,-2.532855,0.999999
695,22.4939,0.1079,0,0.2,0,2.828114,-2.538876,0.999999
696,22.5258,0.1235,0,0.2,0,2.828772,-2.544891,0.999999
697,22.5609,0.1225,0,0.2,0,2.829416,-2.550905,0.999999
698,22.5924,0.1385,0,0.2,0,2.830047,-2.55692,0.999999
699,22.6218,0.146,0,0.2,0,2.830666,-2.56294,0.999999
700,22.6551,0.1616,0,0.2,0,2.831272,-2.568972,0.999999
701,22.685,0.185,0,0.2,0,2.831867,-2.575019,0.999999
702,22.7165,0.2014,0,0.2,0,2.832451,-2.581079,0.999999
703,22.7482,0.1856,0,0.2,0,2.833022,-2.587146,0.999999
704,22.781,0.1295,0,0.2,0,2.833582,-2.593217,0.999999
705,22.8146,0.1535,0,0.2,0,2.834129,-2.599291,0.999999
706,22.8485,0.1459,0,0.2,0,2.834664,-2.605366,0.999999
707,22.8826,0.1619,0,0.2,0,2.835186,-2.61144,0.999999
708,22.917,0.1464,0,0.2,0,2.835696,-2.617515,0.999999
709,22.9484,0.1704,0,0.2,0,2.836193,-2.623588,0.999999
710,22.9816,0.1627,0,0.2,0,2.836677,-2.629658,0.999999
711,23.0141,0.155,0,0.2,0,2.837147,-2.635726,0.999999
712,23.0454,0.1231,0,0.2,0,2.837606,-2.641797,1.0
713,23.0757,0.1386,0,0.2,0,2.838051,-2.64787,1.0
714,23.1088,0.1469,0,0.2,0,2.838485,-2.653946,1.0
715,23.1414,0.1473,0,0.2,0,2.838905,-2.660023,1.0
716,23.1757,0.1477,0,0.2,0,2.839312,-2.666093,1.0
717,23.2087,0.1313,0,0.2,0,2.839705,-2.67215,1.0
718,23.239,0.1389,0,0.2,0,2.840085,-2.678192,1.0
719,23.2707,0.1239,0,0.2,0,2.840451,-2.684217,1.0
720,23.3063,0.1238,0,0.2,0,2.840805,-2.690232,1.0
721,23.3375,0.1239,0,0.2,0,2.841145,-2.696245,1.0
722,23.3704,0.132,0,0.2,0,2.841473,-2.702264,1.0
723,23.4021,0.1161,0,0.2,0,2.841789,-2.708292,1.0
724,23.4342,0.1321,0,0.2,0,2.842094,-2.714334,1.0
725,23.4655,0.1556,0,0.2,0,2.842386,-2.720391,1.0
726,23.4972,0.1487,0,0.2,0,2.842668,-2.726464,1.0
727,23.5298,0.1801,0,0.2,0,2.842937,-2.732554,1.0
728,23.5636,0.1397,0,0.2,0,2.843194,-2.738656,1.0
729,23.5978,0.1398,0,0.2,0,2.843438,-2.744763,1.0
730,23.6298,0.0927,0,0.2,0,2.84367,-2.750866,1.0
731,23.6608,0.1008,0,0.2,0,2.843888,-2.756959,1.0
732,23.6945,0.0617,0,0.2,0,2.844093,-2.763038,1.0
733,23.7257,0.0703,0,0.2,0,2.844285,-2.769108,1.0
734,23.7607,0.045,0,0.2,0,2.844462,-2.775168,1.0
735,23.7925,0.0298,0,0.2,0,2.844627,-2.781221,1.0
736,23.824,0.0534,0,0.2,0,2.844778,-2.78727,1.0
737,23.8561,0.0764,0,0.2,0,2.844916,-2.793318,1.0
738,23.8875,0.0769,0,0.2,0,2.84504,-2.799373,1.0
739,23.9202,0.0925,0,0.2,0,2.845151,-2.80544,1.0
740,23.9539,0.1081,0,0.2,0,2.845249,-2.811526,1.0
741,23.9851,0.1241,0,0.2,0,2.845334,-2.817635,1.0
742,24.0178,0.1246,0,0.2,0,2.845405,-2.82377,1.0
743,24.0496,0.1327,0,0.2,0,2.845462,-2.829928,1.0
744,24.0844,0.1247,0,0.2,0,2.845505,-2.836096,0.999999
745,24.1166,0.1164,0,0.2,0,2.845533,-2.842259,0.999999
746,24.1521,0.1248,0,0.2,0,2.845547,-2.848403,0.999999
747,24.1851,0.1173,0,0.2,0,2.845546,-2.854516,0.999999
748,24.2166,0.1317,0,0.2,0,2.845532,-2.860588,0.999999
749,24.249,0.1397,0,0.2,0,2.845505,-2.866615,0.999999
750,24.2804,0.1087,0,0.2,0,2.845464,-2.872601,0.999998
751,24.3132,0.1005,0,0.2,0,2.845411,-2.878553,0.999998
752,24.3466,0.0849,0,0.2,0,2.845345,-2.884484,0.999998
753,24.3792,0.1017,0,0.2,0,2.845268,-2.890405,0.999997
754,24.4135,0.0856,0,0.2,0,2.845179,-2.896331,0.999997
755,24.4451,0.0621,0,0.2,0,2.845078,-2.902268,0.999997
756,24.4772,0.0546,0,0.2,0,2.844966,-2.908223,0.999996
757,24.5089,0.0546,0,0.2,0,2.844842,-2.914202,0.999996
758,24.5407,0.047,0,0.2,0,2.844706,-2.920209,0.999996
759,24.5739,0.0699,0,0.2,0,2.844557,-2.926247,0.999996
760,24.6047,0.0699,0,0.2,0,2.844397,-2.932317,0.999995
761,24.6382,0.0468,0,0.2,0,2.844223,-2.938416,0.999995
762,24.6709,0.0863,0,0.2,0,2.844036,-2.94454,0.999995
763,24.7052,0.0711,0,0.2,0,2.843835,-2.950685,0.999995
764,24.7372,0.0933,0,0.2,0,2.84362,-2.956841,0.999994
765,24.769,0.1083,0,0.2,0,2.84339,-2.963002,0.999994
766,24.801,0.1314,0,0.2,0,2.843147,-2.96916,0.999994
767,24.8313,0.108,0,0.2,0,2.842889,-2.975309,0.999994
768,24.865,0.1005,0,0.2,0,2.842616,-2.981439,0.999994
769,24.8965,0.0776,0,0.2,0,2.84233,-2.987543,0.999994
770,24.9323,0.078,0,0.2,0,2.842031,-2.99362,0.999994
771,24.9665,0.0857,0,0.2,0,2.841719,-2.999677,0.999993
772,25.0019,0.094,0,0.2,0,2.841394,-3.005718,0.999993
773,25.0332,0.1092,0,0.2,0,2.841056,-3.011743,0.999993
774,25.0657,0.0933,0,0.2,0,2.840705,-3.017759,0.999993
775,25.0984,0.0938,0,0.2,0,2.840342,-3.023776,0.999993
776,25.1264,0.1089,0,0.2,0,2.839966,-3.0298,0.999993
777,25.156,0.1319,0,0.2,0,2.839577,-3.035835,0.999994
778,25.1881,0.0931,0,0.2,0,2.839175,-3.041881,0.999994
779,25.2217,0.0936,0,0.2,0,2.83876,-3.047938,0.999994
780,25.2537,0.1091,0,0.2,0,2.838332,-3.054004,0.999994
781,25.287,0.1092,0,0.2,0,2.83789,-3.060077,0.999994
782,25.3213,0.1246,0,0.2,0,2.837436,-3.066148,0.999994
783,25.3575,0.1409,0,0.2,0,2.836969,-3.07221,0.999995
784,25.3897,0.1179,0,0.2,0,2.83649,-3.07826,0.999995
785,25.4217,0.1181,0,0.2,0,2.835999,-3.084293,0.999995
786,25.4523,0.1028,0,0.2,0,2.835497,-3.090306,0.999995
787,25.4827,0.0954,0,0.2,0,2.834982,-3.096301,0.999995
788,25.5131,0.0943,0,0.2,0,2.834456,-3.102281,0.999996
789,25.5481,0.1249,0,0.2,0,2.833917,-3.10825,0.999996
790,25.5803,0.1323,0,0.2,0,2.833366,-3.114217,0.999996
791,25.6139,0.1167,0,0.2,0,2.832801,-3.120187,0.999997
792,25.6495,0.1093,0,0.2,0,2.832223,-3.126167,0.999997
793,25.6817,0.1011,0,0.2,0,2.83163,-3.13216,0.999997
794,25.7146,0.0779,0,0.2,0,2.831025,-3.138167,0.999997
795,25.7468,0.1091,0,0.2,0,2.830405,-3.144185,0.999998
796,25.7743,0.086,0,0.2,0,2.829772,-3.150214,0.999998
797,25.8053,0.078,0,0.2,0,2.829124,-3.156253,0.999998
798,25.8368,0.0625,0,0.2,0,2.828463,-3.162301,0.999999
799,25.8687,0.0703,0,0.2,0,2.827789,-3.168353,0.999999
800,25.9062,0.0779,0,0.2,0,2.827101,-3.174403,0.999999
801,25.9432,0.0699,0,0.2,0,2.826401,-3.180448,0.999999
802,25.9748,0.07,0,0.2,0,2.825689,-3.186484,1.0
803,26.0087,0.0624,0,0.2,0,2.824964,-3.192507,1.0
804,26.0413,0.0542,0,0.2,0,2.824227,-3.198518,1.0
805,26.0725,0.0618,0,0.2,0,2.823478,-3.204518,1.000001
806,26.1078,0.0765,0,0.2,0,2.822716,-3.210515,1.000001
807,26.1376,0.0689,0,0.2,0,2.821941,-3.216514,1.000001
808,26.1697,0.0697,0,0.2,0,2.821151,-3.222525,1.000001
809,26.2051,0.0695,0,0.2,0,2.820346,-3.228551,1.000002
810,26.2378,0.0774,0,0.2,0,2.819526,-3.234591,1.000002
811,26.2699,0.0852,0,0.2,0,2.818691,-3.24064,1.000002
812,26.3004,0.093,0,0.2,0,2.817843,-3.246689,1.000002
813,26.3318,0.0778,0,0.2,0,2.816983,-3.252729,1.000003
814,26.3636,0.1013,0,0.2,0,2.816112,-3.25876,1.000003
815,26.3971,0.0937,0,0.2,0,2.815227,-3.264787,1.000003
816,26.4306,0.1013,0,0.2,0,2.81433,-3.27081,1.000003
817,26.4632,0.0935,0,0.2,0,2.81342,-3.276828,1.000003
818,26.4965,0.1246,0,0.2,0,2.812498,-3.282843,1.000003
819,26.5302,0.0925,0,0.2,0,2.811562,-3.288855,1.000004
820,26.5604,0.0994,0,0.2,0,2.810613,-3.294869,1.000004
821,26.5932,0.0688,0,0.2,0,2.809649,-3.300889,1.000004
822,26.6228,0.0768,0,0.2,0,2.808672,-3.306913,1.000004
823,26.6533,0.0925,0,0.2,0,2.807682,-3.312933,1.000004
824,26.685,0.0695,0,0.2,0,2.806681,-3.318945,1.000004
825,26.7169,0.0697,0,0.2,0,2.805668,-3.324951,1.000004
826,26.7552,0.1003,0,0.2,0,2.804642,-3.330954,1.000005
827,26.7872,0.0769,0,0.2,0,2.803605,-3.336953,1.000005
828,26.8193,0.0691,0,0.2,0,2.802555,-3.342944,1.000005
829,26.8531,0.0615,0,0.2,0,2.801494,-3.34893,1.000005
830,26.8851,0.0845,0,0.2,0,2.80042,-3.354916,1.000005
831,26.9152,0.0606,0,0.2,0,2.799333,-3.360902,1.000005
832,26.9456,0.0451,0,0.2,0,2.798233,-3.366886,1.000005
833,26.9786,0.0605,0,0.2,0,2.797121,-3.372867,1.000005
834,27.0123,0.0448,0,0.2,0,2.795996,-3.378845,1.000005
835,27.0426,0.0836,0,0.2,0,2.794859,-3.384821,1.000005
836,27.0754,0.0526,0,0.2,0,2.793709,-3.390795,1.000005
837,27.1093,0.0681,0,0.2,0,2.792548,-3.396766,1.000005
838,27.141,0.0607,0,0.2,0,2.791373,-3.402738,1.000005
839,27.1741,0.0602,0,0.2,0,2.790185,-3.408711,1.000005
840,27.2058,0.0534,0,0.2,0,2.788983,-3.41469,1.000005
841,27.2356,0.0846,0,0.2,0,2.787768,-3.420668,1.000005
842,27.2666,0.0762,0,0.2,0,2.786542,-3.426638,1.000005
843,27.3012,0.0839,0,0.2,0,2.785304,-3.432601,1.000005
844,27.3336,0.0767,0,0.2,0,2.784055,-3.438557,1.000005
845,27.3681,0.0923,0,0.2,0,2.782793,-3.444508,1.000005
846,27.4027,0.0695,0,0.2,0,2.781519,-3.450454,1.000005
847,27.4332,0.0773,0,0.2,0,2.780233,-3.456398,1.000005
848,27.4645,0.0689,0,0.2,0,2.778933,-3.46234,1.000005
849,27.4963,0.0685,0,0.2,0,2.77762,-3.468282,1.000005
850,27.5269,0.0838,0,0.2,0,2.776294,-3.474223,1.000004
851,27.5611,0.0846,0,0.2,0,2.774955,-3.480164,1.000004
852,27.5938,0.0842,0,0.2,0,2.773603,-3.486099,1.000004
853,27.6271,0.084,0,0.2,0,2.772238,-3.492032,1.000004
854,27.6619,0.0457,0,0.2,0,2.770859,-3.497965,1.000004
855,27.6928,0.029,0,0.2,0,2.769468,-3.503895,1.000004
856,27.7255,0.0678,0,0.2,0,2.768064,-3.509822,1.000004
857,27.7574,0.0439,0,0.2,0,2.766647,-3.515749,1.000004
858,27.7894,0.084,0,0.2,0,2.765216,-3.521677,1.000004
859,27.8202,0.0765,0,0.2,0,2.763773,-3.527602,1.000003
860,27.8528,0.0765,0,0.2,0,2.762318,-3.53352,1.000003
861,27.8877,0.0467,0,0.2,0,2.760852,-3.539428,1.000003
862,27.9208,0.1012,0,0.2,0,2.759373,-3.545332,1.000003
863,27.9566,0.0855,0,0.2,0,2.757883,-3.551233,1.000003
864,27.989,0.1086,0,0.2,0,2.756379,-3.557131,1.000003
865,28.0203,0.0929,0,0.2,0,2.754863,-3.563025,1.000003
866,28.0533,0.1088,0,0.2,0,2.753334,-3.568917,1.000003
867,28.0829,0.1017,0,0.2,0,2.751791,-3.574808,1.000002
868,28.1149,0.0776,0,0.2,0,2.750237,-3.580691,1.000002
869,28.1478,0.0927,0,0.2,0,2.748669,-3.586575,1.000002
870,28.1811,0.0845,0,0.2,0,2.747087,-3.592461,1.000002
871,28.2146,0.0999,0,0.2,0,2.74549,-3.59835,1.000002
872,28.2491,0.0602,0,0.2,0,2.743881,-3.604239,1.000002
873,28.2811,0.076,0,0.2,0,2.742258,-3.610125,1.000002
874,28.3136,0.0379,0,0.2,0,2.740624,-3.616002,1.000002
875,28.3455,0.0453,0,0.2,0,2.738981,-3.621862,1.000002
876,28.3761,0.0608,0,0.2,0,2.737329,-3.627708,1.000002
877,28.4056,0.0683,0,0.2,0,2.735665,-3.633551,1.000001
878,28.4412,0.084,0,0.2,0,2.733987,-3.639392,1.000001
879,28.4719,0.0996,0,0.2,0,2.732296,-3.645233,1.000001
880,28.5052,0.0614,0,0.2,0,2.73059,-3.651079,1.000001
881,28.5398,0.1085,0,0.2,0,2.72887,-3.656928,1.000001
882,28.5739,0.0929,0,0.2,0,2.727137,-3.662773,1.000001
883,28.6046,0.1249,0,0.2,0,2.725392,-3.668613,1.000001
884,28.6362,0.1088,0,0.2,0,2.723635,-3.674448,1.000001
885,28.6678,0.1317,0,0.2,0,2.721865,-3.680281,1.000001
886,28.7019,0.0625,0,0.2,0,2.72008,-3.686119,1.000001
887,28.7331,0.0772,0,0.2,0,2.718282,-3.691952,1.000001
888,28.765,0.068,0,0.2,0,2.716473,-3.697775,1.000001
889,28.8009,0.0529,0,0.2,0,2.714655,-3.703585,1.000001
890,28.8337,0.0597,0,0.2,0,2.712828,-3.709379,1.000001
891,28.8645,0.0525,0,0.2,0,2.710992,-3.715156,1.000001
892,28.8967,0.0755,0,0.2,0,2.709144,-3.720926,1.000001
893,28.9276,0.0686,0,0.2,0,2.707281,-3.726703,1.0
894,28.9607,0.1,0,0.2,0,2.705401,-3.732489,1.0
895,28.9935,0.0848,0,0.2,0,2.703506,-3.73828,1.0
896,29.0259,0.0846,0,0.2,0,2.701597,-3.744072,1.0
897,29.0561,0.1162,0,0.2,0,2.699676,-3.749861,1.0
898,29.0929,0.1014,0,0.2,0,2.697741,-3.755649,1.0
899,29.1273,0.1009,0,0.2,0,2.695794,-3.761435,1.0
900,29.1612,0.0934,0,0.2,0,2.693834,-3.767216,1.0
901,29.1932,0.0846,0,0.2,0,2.691862,-3.772991,1.0
902,29.225,0.0931,0,0.2,0,2.689877,-3.778763,1.0
903,29.257,0.0384,0,0.2,0,2.687882,-3.784525,1.0
904,29.289,0.0834,0,0.2,0,2.685879,-3.790268,1.0
905,29.3217,0.0681,0,0.2,0,2.683867,-3.795997,1.0
906,29.3525,0.0835,0,0.2,0,2.681843,-3.801721,1.0
907,29.3858,0.0926,0,0.2,0,2.679802,-3.807451,1.0
908,29.419,0.0846,0,0.2,0,2.677746,-3.813185,1.0
909,29.4533,0.0857,0,0.2,0,2.675676,-3.81892,1.0
910,29.4875,0.1002,0,0.2,0,2.673593,-3.824651,1.0
911,29.5188,0.1,0,0.2,0,2.671497,-3.830381,1.0
912,29.549,0.1084,0,0.2,0,2.669388,-3.836108,1.0
913,29.5807,0.0926,0,0.2,0,2.667266,-3.841832,1.0
914,29.6132,0.0777,0,0.2,0,2.665133,-3.847549,1.0
915,29.6451,0.1084,0,0.2,0,2.662991,-3.85325,1.0
916,29.6807,0.0766,0,0.2,0,2.660842,-3.858934,1.0
917,29.7125,0.068,0,0.2,0,2.658682,-3.864609,1.0
918,29.7442,0.076,0,0.2,0,2.656508,-3.870283,1.0
919,29.7768,0.077,0,0.2,0,2.654319,-3.875962,1.0
920,29.8095,0.0771,0,0.2,0,2.652113,-3.881646,1.0
921,29.8402,0.108,0,0.2,0,2.649894,-3.887329,1.0
922,29.8722,0.1,0,0.2,0,2.64766,-3.893012,1.0
923,29.9054,0.1166,0,0.2,0,2.645417,-3.898685,1.0
924,29.9406,0.077,0,0.2,0,2.643164,-3.904345,1.0
925,29.9749,0.0699,0,0.2,0,2.640902,-3.909995,1.0
926,30.0107,0.0925,0,0.2,0,2.63863,-3.915635,1.0
927,30.0412,0.0837,0,0.2,0,2.636345,-3.92127,1.0
928,30.0729,0.0601,0,0.2,0,2.634048,-3.926902,1.0
929,30.1052,0.1006,0,0.2,0,2.631738,-3.93253,1.0
930,30.1359,0.0765,0,0.2,0,2.629418,-3.938149,1.0
931,30.1676,0.0841,0,0.2,0,2.627085,-3.943764,1.0
932,30.2006,0.0768,0,0.2,0,2.624739,-3.949376,1.0
933,30.2333,0.1005,0,0.2,0,2.62238,-3.954986,1.0
934,30.2665,0.0931,0,0.2,0,2.62001,-3.960591,1.0
935,30.3013,0.1006,0,0.2,0,2.617627,-3.966191,1.0
936,30.3358,0.1084,0,0.2,0,2.615233,-3.971783,1.0
937,30.3668,0.0847,0,0.2,0,2.612827,-3.977371,1.0
938,30.4017,0.0761,0,0.2,0,2.610407,-3.982959,1.0
939,30.4334,0.0927,0,0.2,0,2.607973,-3.988546,1.0
940,30.463,0.0772,0,0.2,0,2.605529,-3.994123,1.0
941,30.4973,0.0767,0,0.2,0,2.603075,-3.999689,1.0
942,30.5292,0.0923,0,0.2,0,2.600609,-4.005251,1.000001
943,30.5609,0.1,0,0.2,0,2.598129,-4.010812,1.000001
944,30.5978,0.1086,0,0.2,0,2.595633,-4.016377,1.000001
945,30.629,0.093,0,0.2,0,2.593122,-4.021942,1.000001
946,30.6627,0.1004,0,0.2,0,2.590601,-4.027499,1.000001
947,30.6934,0.0766,0,0.2,0,2.588068,-4.03305,1.000001
948,30.7236,0.061,0,0.2,0,2.585525,-4.03859,1.000001
949,30.7581,0.0848,0,0.2,0,2.582975,-4.044116,1.000001
950,30.7896,0.0844,0,0.2,0,2.580413,-4.049634,1.000001
951,30.8209,0.116,0,0.2,0,2.57784,-4.055147,1.000001
952,30.8529,0.084,0,0.2,0,2.575255,-4.060654,1.000001
953,30.8896,0.1089,0,0.2,0,2.572656,-4.06616,1.000001
954,30.923,0.0847,0,0.2,0,2.570045,-4.07166,1.000001
955,30.9573,0.108,0,0.2,0,2.567421,-4.077157,1.000001
956,30.9893,0.1002,0,0.2,0,2.564787,-4.082647,1.000001
957,31.0212,0.092,0,0.2,0,2.562145,-4.088122,1.000001
958,31.0521,0.0924,0,0.2,0,2.559492,-4.093588,1.000001
959,31.0849,0.1079,0,0.2,0,2.556827,-4.099052,1.000001
960,31.117,0.0931,0,0.2,0,2.554148,-4.104513,1.000001
961,31.1488,0.1246,0,0.2,0,2.551455,-4.109973,1.000001
962,31.1818,0.1152,0,0.2,0,2.548752,-4.115424,1.000001
963,31.2148,0.1086,0,0.2,0,2.546039,-4.120866,1.000001
964,31.2494,0.0923,0,0.2,0,2.543313,-4.126305,1.000001
965,31.2826,0.0842,0,0.2,0,2.540577,-4.131734,1.000001
966,31.3186,0.0846,0,0.2,0,2.53783,-4.137157,1.000002
967,31.3488,0.1321,0,0.2,0,2.535074,-4.14257,1.000002
968,31.381,0.084,0,0.2,0,2.532302,-4.147984,1.000002
969,31.4129,0.116,0,0.2,0,2.529516,-4.153397,1.000002
970,31.4456,0.1237,0,0.2,0,2.526715,-4.158811,1.000002
971,31.477,0.0696,0,0.2,0,2.523903,-4.164218,1.000002
972,31.5094,0.0762,0,0.2,0,2.521085,-4.169609,1.000002
973,31.5451,0.0846,0,0.2,0,2.518256,-4.174992,1.000002
974,31.5785,0.0766,0,0.2,0,2.515416,-4.180367,1.000002
975,31.6126,0.0849,0,0.2,0,2.512563,-4.185738,1.000002
976,31.6461,0.0928,0,0.2,0,2.509698,-4.191104,1.000002
977,31.6779,0.1004,0,0.2,0,2.506818,-4.196472,1.000002
978,31.7093,0.0774,0,0.2,0,2.503923,-4.201838,1.000002
979,31.741,0.1163,0,0.2,0,2.501019,-4.207195,1.000002
980,31.7711,0.0927,0,0.2,0,2.498107,-4.212539,1.000002
981,31.8043,0.1085,0,0.2,0,2.495187,-4.217869,1.000002
982,31.8365,0.1,0,0.2,0,2.492254,-4.223197,1.000002
983,31.8693,0.1154,0,0.2,0,2.489308,-4.228521,1.000002
984,31.9046,0.108,0,0.2,0,2.486347,-4.233845,1.000002
985,31.9406,0.1159,0,0.2,0,2.483375,-4.239161,1.000002
986,31.9752,0.0849,0,0.2,0,2.480393,-4.244469,1.000002
987,32.0052,0.1078,0,0.2,0,2.477399,-4.249772,1.000002
988,32.0373,0.0775,0,0.2,0,2.474392,-4.255071,1.000002
989,32.0675,0.1157,0,0.2,0,2.471377,-4.260357,1.000002
990,32.1015,0.0999,0,0.2,0,2.468354,-4.265633,1.000002
991,32.1332,0.0688,0,0.2,0,2.465314,-4.270909,1.000002
992,32.1652,0.1086,0,0.2,0,2.462262,-4.276182,1.000002
993,32.1997,0.0842,0,0.2,0,2.459201,-4.281445,1.000002
994,32.233,0.1082,0,0.2,0,2.45613,-4.286697,1.000002
995,32.2643,0.0924,0,0.2,0,2.45305,-4.291941,1.000002
996,32.299,0.0916,0,0.2,0,2.449956,-4.297182,1.000002
997,32.3269,0.0926,0,0.2,0,2.446846,-4.302424,1.000002
998,32.3615,0.108,0,0.2,0,2.443722,-4.307665,1.000002
999,32.3943,0.0847,0,0.2,0,2.440585,-4.3129,1.000002
1000,32.4277,0.1086,0,0.2,0,2.437438,-4.318127,1.000001
1001,32.461,0.093,0,0.2,0,2.434284,-4.32334,1.000001
1002,32.4941,0.0759,0,0.2,0,2.431123,-4.328542,1.000001
1003,32.5252,0.1075,0,0.2,0,2.427948,-4.333737,1.000001
1004,32.5575,0.1008,0,0.2,0,2.42476,-4.338932,1.000001
1005,32.5886,0.0999,0,0.2,0,2.42156,-4.344121,1.000001
1006,32.6214,0.1086,0,0.2,0,2.418351,-4.349298,1.000001
1007,32.6524,0.1078,0,0.2,0,2.415136,-4.354462,1.000001
1008,32.6869,0.0923,0,0.2,0,2.411912,-4.359615,1.000001
1009,32.72,0.1238,0,0.2,0,2.408672,-4.364769,1.000001
1010,32.7527,0.1001,0,0.2,0,2.405421,-4.369915,1.000001
1011,32.7853,0.1077,0,0.2,0,2.402158,-4.375057,1.000001
1012,32.8161,0.1012,0,0.2,0,2.398887,-4.380186,1.000001
1013,32.8487,0.0924,0,0.2,0,2.395606,-4.385308,1.000001
1014,32.8809,0.0917,0,0.2,0,2.392313,-4.390422,1.000001
1015,32.9153,0.086,0,0.2,0,2.389007,-4.395534,1.000001
1016,32.9498,0.0921,0,0.2,0,2.38569,-4.400639,1.000001
1017,32.9805,0.0997,0,0.2,0,2.382359,-4.405742,1.000001
1018,33.0127,0.1234,0,0.2,0,2.379018,-4.410836,1.000001
1019,33.0444,0.1002,0,0.2,0,2.375668,-4.415921,1.000001
1020,33.077,0.077,0,0.2,0,2.372308,-4.420997,1.000001
1021,33.11,0.0927,0,0.2,0,2.368937,-4.426065,1.0
1022,33.1457,0.0928,0,0.2,0,2.365552,-4.431131,1.0
1023,33.1774,0.0761,0,0.2,0,2.362157,-4.43619,1.0
1024,33.21,0.1087,0,0.2,0,2.35875,-4.441242,1.0
1025,33.2415,0.092,0,0.2,0,2.355336,-4.446282,1.0
1026,33.2716,0.0689,0,0.2,0,2.351915,-4.451309,1.0
1027,33.3044,0.101,0,0.2,0,2.348483,-4.45633,1.0
1028,33.3374,0.0761,0,0.2,0,2.345037,-4.461347,1.0
1029,33.3699,0.1396,0,0.2,0,2.341578,-4.466359,1.0
1030,33.4053,0.1003,0,0.2,0,2.338112,-4.471361,1.0
1031,33.4371,0.0922,0,0.2,0,2.334636,-4.476353,1.0
1032,33.469,0.1009,0,0.2,0,2.331151,-4.481334,1.0
1033,33.5007,0.1001,0,0.2,0,2.327656,-4.486309,1.0
1034,33.5332,0.0995,0,0.2,0,2.324142,-4.491287,1.0
1035,33.5651,0.0925,0,0.2,0,2.320613,-4.496264,1.0
1036,33.5982,0.1237,0,0.2,0,2.317075,-4.501232,1.0
1037,33.6301,0.108,0,0.2,0,2.313532,-4.506184,1.0
1038,33.6648,0.1,0,0.2,0,2.309976,-4.511133,1.0
1039,33.6964,0.1242,0,0.2,0,2.306408,-4.516074,1.0
1040,33.7295,0.0996,0,0.2,0,2.302827,-4.521013,1.0
1041,33.7616,0.1312,0,0.2,0,2.299237,-4.525942,1.0
1042,33.7937,0.0929,0,0.2,0,2.295636,-4.530862,1.0
1043,33.8255,0.1163,0,0.2,0,2.292029,-4.535769,1.0
1044,33.8554,0.0913,0,0.2,0,2.288412,-4.540668,1.0
1045,33.8892,0.0847,0,0.2,0,2.284778,-4.545568,1.000001
1046,33.9249,0.0769,0,0.2,0,2.281132,-4.550462,1.000001
1047,33.9611,0.092,0,0.2,0,2.277483,-4.555338,1.000001
1048,33.9962,0.1158,0,0.2,0,2.273829,-4.560199,1.000001
1049,34.0297,0.0922,0,0.2,0,2.270164,-4.565052,1.000001
1050,34.0613,0.0923,0,0.2,0,2.266486,-4.5699,1.000001
1051,34.0918,0.1232,0,0.2,0,2.262799,-4.57474,1.000001
1052,34.1223,0.108,0,0.2,0,2.259101,-4.579571,1.000001
1053,34.1531,0.0847,0,0.2,0,2.255395,-4.584393,1.000001
1054,34.1855,0.1086,0,0.2,0,2.251676,-4.58921,1.000001
1055,34.2161,0.0997,0,0.2,0,2.247947,-4.594019,1.000001
1056,34.2504,0.116,0,0.2,0,2.244205,-4.598823,1.000001
1057,34.2826,0.1085,0,0.2,0,2.240453,-4.603619,1.000001
1058,34.3177,0.1316,0,0.2,0,2.236693,-4.608404,1.000001
1059,34.354,0.1004,0,0.2,0,2.232926,-4.613178,1.000001
1060,34.3852,0.0922,0,0.2,0,2.229146,-4.617947,1.000001
1061,34.4174,0.108,0,0.2,0,2.225355,-4.622711,1.000001
1062,34.4492,0.1153,0,0.2,0,2.221551,-4.627468,1.000001
1063,34.4786,0.1006,0,0.2,0,2.217742,-4.632212,1.000001
1064,34.5131,0.0999,0,0.2,0,2.21393,-4.636939,1.000001
1065,34.5457,0.108,0,0.2,0,2.210106,-4.641661,1.000001
1066,34.5806,0.1392,0,0.2,0,2.20627,-4.646376,1.000001
1067,34.6135,0.0847,0,0.2,0,2.202423,-4.651084,1.000001
1068,34.6454,0.1238,0,0.2,0,2.198564,-4.655787,1.000001
1069,34.6761,0.1316,0,0.2,0,2.194693,-4.660483,1.000001
1070,34.7091,0.0841,0,0.2,0,2.190813,-4.665171,1.000001
1071,34.7413,0.1154,0,0.2,0,2.18692,-4.669853,1.000001
1072,34.7734,0.0926,0,0.2,0,2.183014,-4.67453,1.000001
1073,34.8052,0.1318,0,0.2,0,2.179104,-4.679193,1.000001
1074,34.8374,0.1159,0,0.2,0,2.175186,-4.683844,1.000001
1075,34.8704,0.1467,0,0.2,0,2.171253,-4.688493,1.000001
1076,34.9064,0.0921,0,0.2,0,2.167304,-4.693141,1.000001
1077,34.9412,0.1241,0,0.2,0,2.163347,-4.697779,1.000001
1078,34.9728,0.1003,0,0.2,0,2.159386,-4.7024,1.000001
1079,35.0046,0.1316,0,0.2,0,2.155416,-4.707013,1.000001
1080,35.0366,0.1005,0,0.2,0,2.151435,-4.711619,1.000001
1081,35.0671,0.0842,0,0.2,0,2.147446,-4.716214,1.000001
1082,35.1009,0.1393,0,0.2,0,2.143455,-4.720793,1.000001
1083,35.1338,0.1243,0,0.2,0,2.139458,-4.725358,1.000001
1084,35.1654,0.1557,0,0.2,0,2.135448,-4.729919,1.000001
1085,35.2023,0.0845,0,0.2,0,2.131428,-4.734472,1.000001
1086,35.2343,0.1156,0,0.2,0,2.127398,-4.739017,1.000001
1087,35.2653,0.1007,0,0.2,0,2.123359,-4.743553,1.000001
1088,35.2973,0.1315,0,0.2,0,2.119309,-4.748083,1.000001
1089,35.3278,0.1156,0,0.2,0,2.11525,-4.752604,1.000001
1090,35.3619,0.0999,0,0.2,0,2.111178,-4.75712,1.000001
1091,35.3932,0.1003,0,0.2,0,2.107099,-4.761624,1.000001
1092,35.4247,0.0851,0,0.2,0,2.103014,-4.766117,1.000001
1093,35.4607,0.1401,0,0.2,0,2.098916,-4.770604,1.000001
1094,35.4927,0.0925,0,0.2,0,2.094807,-4.775084,1.000001
1095,35.5239,0.1391,0,0.2,0,2.090686,-4.77956,1.000001
1096,35.5585,0.0924,0,0.2,0,2.086557,-4.784024,1.000001
1097,35.5901,0.1091,0,0.2,0,2.082419,-4.788479,1.000001
1098,35.6212,0.1014,0,0.2,0,2.078269,-4.792927,1.000001
1099,35.6532,0.0924,0,0.2,0,2.074106,-4.797371,1.000001
1100,35.6853,0.0922,0,0.2,0,2.069935,-4.801804,1.000001
1101,35.7197,0.1243,0,0.2,0,2.065756,-4.806227,1.000001
1102,35.753,0.0849,0,0.2,0,2.061561,-4.810647,1.000001
1103,35.7889,0.1159,0,0.2,0,2.057349,-4.815065,1.000001
1104,35.8227,0.1234,0,0.2,0,2.053121,-4.819482,1.000001
1105,35.857,0.1311,0,0.2,0,2.048885,-4.823888,1.000001
1106,35.8902,0.1237,0,0.2,0,2.044639,-4.828285,1.000001
1107,35.9213,0.1081,0,0.2,0,2.040382,-4.832675,1.000001
1108,35.953,0.1153,0,0.2,0,2.03612,-4.83705,1.0
1109,35.9831,0.1163,0,0.2,0,2.031856,-4.84141,1.0
1110,36.0156,0.1235,0,0.2,0,2.027587,-4.845755,1.0
1111,36.0489,0.1077,0,0.2,0,2.023312,-4.850088,1.0
1112,36.0809,0.1467,0,0.2,0,2.019031,-4.85441,1.0
1113,36.1126,0.1393,0,0.2,0,2.014746,-4.858716,1.0
1114,36.1446,0.1402,0,0.2,0,2.010454,-4.863012,1.0
1115,36.1788,0.132,0,0.2,0,2.006152,-4.8673,1.0
1116,36.2147,0.1006,0,0.2,0,2.00184,-4.87158,1.0
1117,36.2451,0.1079,0,0.2,0,1.997521,-4.875849,1.0
1118,36.2761,0.1006,0,0.2,0,1.993192,-4.880108,1.0
1119,36.309,0.1319,0,0.2,0,1.98885,-4.884364,1.0
1120,36.3407,0.1162,0,0.2,0,1.984497,-4.888612,1.0
1121,36.3738,0.1235,0,0.2,0,1.980135,-4.892851,1.0
1122,36.4094,0.0927,0,0.2,0,1.975767,-4.897078,0.999999
1123,36.4452,0.1396,0,0.2,0,1.971389,-4.901295,0.999999
1124,36.4766,0.0851,0,0.2,0,1.967,-4.905505,0.999999
1125,36.5087,0.1075,0,0.2,0,1.962602,-4.909706,0.999999
1126,36.5425,0.0999,0,0.2,0,1.958194,-4.913898,0.999999
1127,36.5699,0.1235,0,0.2,0,1.953775,-4.918083,0.999999
1128,36.6005,0.0923,0,0.2,0,1.949341,-4.922263,0.999999
1129,36.6332,0.1159,0,0.2,0,1.944893,-4.92644,0.999999
1130,36.6653,0.1313,0,0.2,0,1.940434,-4.930609,0.999999
1131,36.7006,0.1006,0,0.2,0,1.935964,-4.93477,0.999999
1132,36.7348,0.1316,0,0.2,0,1.931482,-4.938925,0.999998
1133,36.7678,0.0852,0,0.2,0,1.926992,-4.943069,0.999998
1134,36.8006,0.116,0,0.2,0,1.9225,-4.947199,0.999998
1135,36.8328,0.1003,0,0.2,0,1.918007,-4.951311,0.999998
1136,36.8648,0.1083,0,0.2,0,1.913507,-4.955411,0.999998
1137,36.8969,0.085,0,0.2,0,1.909001,-4.9595,0.999998
1138,36.9298,0.0848,0,0.2,0,1.90449,-4.963576,0.999998
1139,36.9641,0.1246,0,0.2,0,1.899974,-4.967639,0.999998
1140,36.9959,0.0921,0,0.2,0,1.895446,-4.971695,0.999998
1141,37.0291,0.1312,0,0.2,0,1.890905,-4.975745,0.999998
1142,37.061,0.0846,0,0.2,0,1.886353,-4.979787,0.999998
1143,37.0929,0.1161,0,0.2,0,1.881793,-4.983818,0.999998
1144,37.1224,0.0929,0,0.2,0,1.87723,-4.987835,0.999998
1145,37.1572,0.1073,0,0.2,0,1.872661,-4.991839,0.999998
1146,37.1904,0.1084,0,0.2,0,1.868088,-4.99583,0.999998
1147,37.2205,0.1236,0,0.2,0,1.863509,-4.999808,0.999998
1148,37.2564,0.1004,0,0.2,0,1.858925,-5.003775,0.999998
1149,37.2897,0.1236,0,0.2,0,1.854331,-5.007732,0.999998
1150,37.3215,0.1154,0,0.2,0,1.849723,-5.011685,0.999998
1151,37.3535,0.0998,0,0.2,0,1.845106,-5.015628,0.999998
1152,37.3819,0.1237,0,0.2,0,1.840475,-5.019567,0.999998
1153,37.4131,0.0928,0,0.2,0,1.835835,-5.023496,0.999998
1154,37.4456,0.1549,0,0.2,0,1.831187,-5.027416,0.999998
1155,37.4771,0.1155,0,0.2,0,1.826525,-5.03133,0.999998
1156,37.5127,0.1242,0,0.2,0,1.821849,-5.035239,0.999998
1157,37.5454,0.1158,0,0.2,0,1.817161,-5.039142,0.999998
1158,37.5793,0.1389,0,0.2,0,1.812468,-5.043033,0.999998
1159,37.6139,0.1162,0,0.2,0,1.807762,-5.046916,0.999998
1160,37.645,0.1318,0,0.2,0,1.803048,-5.05079,0.999998
1161,37.6757,0.1241,0,0.2,0,1.798328,-5.054652,0.999998
1162,37.71,0.0923,0,0.2,0,1.793599,-5.058505,0.999998
1163,37.7409,0.1085,0,0.2,0,1.78886,-5.062349,0.999998
1164,37.7733,0.1082,0,0.2,0,1.784112,-5.066183,0.999998
1165,37.8085,0.0997,0,0.2,0,1.779359,-5.070005,0.999999
1166,37.8424,0.0933,0,0.2,0,1.774597,-5.073817,0.999999
1167,37.8734,0.1314,0,0.2,0,1.769827,-5.077619,0.999999
1168,37.9056,0.0924,0,0.2,0,1.765049,-5.08141,0.999999
1169,37.937,0.1305,0,0.2,0,1.760264,-5.08519,0.999999
1170,37.969,0.1088,0,0.2,0,1.755475,-5.088957,0.999999
1171,38.0018,0.0924,0,0.2,0,1.750682,-5.09271,0.999999
1172,38.0336,0.1081,0,0.2,0,1.745883,-5.096452,0.999999
1173,38.0674,0.1003,0,0.2,0,1.741072,-5.100186,0.999999
1174,38.1018,0.1316,0,0.2,0,1.736251,-5.103912,0.999999
1175,38.136,0.0853,0,0.2,0,1.731423,-5.107626,0.999999
1176,38.169,0.1076,0,0.2,0,1.726591,-5.111327,0.999999
1177,38.2012,0.0919,0,0.2,0,1.721742,-5.115025,1.0
1178,38.2343,0.1086,0,0.2,0,1.716885,-5.118712,1.0
1179,38.264,0.1003,0,0.2,0,1.712025,-5.122385,1.0
1180,38.2977,0.1082,0,0.2,0,1.707161,-5.126045,1.0
1181,38.3293,0.093,0,0.2,0,1.70229,-5.129694,1.0
1182,38.3609,0.116,0,0.2,0,1.697405,-5.133337,1.0
1183,38.3933,0.0916,0,0.2,0,1.692515,-5.136968,1.000001
1184,38.4267,0.1317,0,0.2,0,1.687616,-5.140588,1.000001
1185,38.46,0.116,0,0.2,0,1.682715,-5.144195,1.000001
1186,38.4984,0.1235,0,0.2,0,1.677804,-5.147791,1.000001
1187,38.529,0.0997,0,0.2,0,1.672876,-5.151385,1.000002
1188,38.5633,0.1156,0,0.2,0,1.667932,-5.154974,1.000002
1189,38.5976,0.1164,0,0.2,0,1.66298,-5.158553,1.000002
1190,38.6271,0.0687,0,0.2,0,1.658025,-5.162118,1.000002
1191,38.6603,0.1387,0,0.2,0,1.653066,-5.16567,1.000002
1192,38.6931,0.085,0,0.2,0,1.648092,-5.169216,1.000002
1193,38.7255,0.1158,0,0.2,0,1.643109,-5.172753,1.000003
1194,38.7572,0.1163,0,0.2,0,1.638121,-5.176278,1.000003
1195,38.7938,0.0925,0,0.2,0,1.633132,-5.179788,1.000003
1196,38.8263,0.1464,0,0.2,0,1.628135,-5.183286,1.000003
1197,38.857,0.078,0,0.2,0,1.623133,-5.186773,1.000003
1198,38.8899,0.1239,0,0.2,0,1.61812,-5.19025,1.000003
1199,38.9194,0.1154,0,0.2,0,1.613101,-5.193717,1.000003
1200,38.9523,0.0931,0,0.2,0,1.608079,-5.197169,1.000003
1201,38.9863,0.1237,0,0.2,0,1.603052,-5.200609,1.000003
1202,39.0193,0.0847,0,0.2,0,1.598016,-5.20404,1.000003
1203,39.0524,0.1003,0,0.2,0,1.592966,-5.207464,1.000003
1204,39.0843,0.1084,0,0.2,0,1.587904,-5.210881,1.000003
1205,39.1161,0.1002,0,0.2,0,1.582842,-5.214283,1.000003
1206,39.1505,0.1152,0,0.2,0,1.577776,-5.21767,1.000003
1207,39.1811,0.1394,0,0.2,0,1.572704,-5.221047,1.000003
1208,39.2147,0.0926,0,0.2,0,1.567621,-5.224415,1.000003
1209,39.2492,0.1158,0,0.2,0,1.562526,-5.227775,1.000002
1210,39.2821,0.1155,0,0.2,0,1.557421,-5.231126,1.000002
1211,39.3149,0.1162,0,0.2,0,1.552309,-5.234467,1.000002
1212,39.3493,0.1233,0,0.2,0,1.547188,-5.237797,1.000002
1213,39.3823,0.1074,0,0.2,0,1.542063,-5.241114,1.000002
1214,39.4131,0.1323,0,0.2,0,1.536931,-5.24442,1.000002
1215,39.4439,0.1008,0,0.2,0,1.53179,-5.247717,1.000002
1216,39.4771,0.1236,0,0.2,0,1.526641,-5.251002,1.000002
1217,39.5089,0.0919,0,0.2,0,1.521487,-5.254276,1.000002
1218,39.5414,0.1235,0,0.2,0,1.516329,-5.257536,1.000001
1219,39.5758,0.0999,0,0.2,0,1.511162,-5.260787,1.000001
1220,39.6088,0.1009,0,0.2,0,1.505987,-5.264027,1.000001
1221,39.6409,0.0923,0,0.2,0,1.500799,-5.26726,1.000001
1222,39.6712,0.1002,0,0.2,0,1.495596,-5.270486,1.000001
1223,39.7045,0.0934,0,0.2,0,1.490382,-5.273705,1.000001
1224,39.7372,0.1083,0,0.2,0,1.485164,-5.276909,1.0
1225,39.7714,0.1232,0,0.2,0,1.479948,-5.280098,1.0
1226,39.8059,0.0851,0,0.2,0,1.474729,-5.283273,1.0
1227,39.8378,0.1165,0,0.2,0,1.469503,-5.286437,1.0
1228,39.8696,0.1161,0,0.2,0,1.464275,-5.289587,1.0
1229,39.9015,0.101,0,0.2,0,1.459048,-5.292722,1.0
1230,39.9333,0.1002,0,0.2,0,1.453822,-5.295841,1.0
1231,39.9659,0.1395,0,0.2,0,1.448591,-5.298947,0.999999
1232,40.0014,0.1083,0,0.2,0,1.443354,-5.302042,0.999999
1233,40.0325,0.1231,0,0.2,0,1.438101,-5.30513,0.999999
1234,40.0633,0.1084,0,0.2,0,1.432835,-5.308212,0.999999
1235,40.0976,0.1242,0,0.2,0,1.42755,-5.31129,0.999999
1236,40.1309,0.1474,0,0.2,0,1.422259,-5.314356,0.999999
1237,40.1615,0.0839,0,0.2,0,1.416966,-5.317408,0.999999
1238,40.1924,0.1076,0,0.2,0,1.411664,-5.32045,0.999999
1239,40.2255,0.0995,0,0.2,0,1.406351,-5.323483,0.999999
1240,40.2615,0.1167,0,0.2,0,1.401033,-5.326505,0.999999
1241,40.2931,0.1159,0,0.2,0,1.395708,-5.329515,0.999999
1242,40.3249,0.1232,0,0.2,0,1.390387,-5.332508,0.999999
1243,40.3567,0.1236,0,0.2,0,1.385062,-5.335488,0.999999
1244,40.39,0.1316,0,0.2,0,1.379731,-5.338456,0.999999
1245,40.4215,0.1083,0,0.2,0,1.374398,-5.341411,0.999999
1246,40.4537,0.1078,0,0.2,0,1.36906,-5.344353,0.999999
1247,40.4856,0.0691,0,0.2,0,1.363707,-5.347289,0.999999
1248,40.5197,0.116,0,0.2,0,1.358344,-5.350214,0.999999
1249,40.5524,0.1002,0,0.2,0,1.352976,-5.353128,0.999999
1250,40.5869,0.1083,0,0.2,0,1.3476,-5.356031,0.999999
1251,40.6195,0.1076,0,0.2,0,1.342222,-5.35892,0.999999
1252,40.6526,0.1068,0,0.2,0,1.336831,-5.361801,0.999999
1253,40.6846,0.0934,0,0.2,0,1.331432,-5.364672,0.999999
1254,40.7153,0.1319,0,0.2,0,1.326033,-5.367528,0.999999
1255,40.7487,0.1158,0,0.2,0,1.320634,-5.370369,0.999999
1256,40.7809,0.1076,0,0.2,0,1.31523,-5.373199,0.999999
1257,40.814,0.1239,0,0.2,0,1.309812,-5.37602,0.999999
1258,40.8496,0.1548,0,0.2,0,1.304385,-5.378831,0.999999
1259,40.8813,0.1077,0,0.2,0,1.298955,-5.38163,0.999999
1260,40.9131,0.1165,0,0.2,0,1.293525,-5.384413,0.999999
1261,40.945,0.1083,0,0.2,0,1.288094,-5.387183,0.999999
1262,40.9754,0.1396,0,0.2,0,1.282654,-5.389943,1.0
1263,41.0089,0.1244,0,0.2,0,1.277209,-5.39269,1.0
1264,41.0417,0.1155,0,0.2,0,1.271755,-5.395427,1.0
1265,41.0749,0.1157,0,0.2,0,1.26629,-5.398155,1.0
1266,41.1103,0.1545,0,0.2,0,1.260815,-5.400874,1.0
1267,41.1414,0.1083,0,0.2,0,1.255329,-5.403583,1.0
1268,41.1732,0.1078,0,0.2,0,1.249843,-5.406277,1.0
1269,41.204,0.1005,0,0.2,0,1.244353,-5.408958,1.0
1270,41.237,0.1163,0,0.2,0,1.238857,-5.411628,1.0
1271,41.269,0.109,0,0.2,0,1.233349,-5.414289,1.0
1272,41.301,0.116,0,0.2,0,1.227832,-5.41694,1.0
1273,41.3319,0.1077,0,0.2,0,1.222315,-5.419577,1.0
1274,41.3665,0.1078,0,0.2,0,1.216794,-5.4222,1.0
1275,41.4013,0.1242,0,0.2,0,1.211269,-5.424811,1.0
1276,41.4373,0.1157,0,0.2,0,1.205735,-5.427411,1.0
1277,41.4682,0.1084,0,0.2,0,1.200194,-5.43,1.0
1278,41.5017,0.1082,0,0.2,0,1.194648,-5.432577,1.0
1279,41.5328,0.1159,0,0.2,0,1.189093,-5.435143,1.0
1280,41.564,0.1083,0,0.2,0,1.183535,-5.437696,1.0
1281,41.5977,0.1074,0,0.2,0,1.177969,-5.440238,1.0
1282,41.6296,0.1161,0,0.2,0,1.172393,-5.44277,1.0
1283,41.6625,0.1158,0,0.2,0,1.166813,-5.44529,1.0
1284,41.6971,0.1082,0,0.2,0,1.161232,-5.447795,1.0
1285,41.7307,0.1004,0,0.2,0,1.155646,-5.450288,1.0
1286,41.765,0.1084,0,0.2,0,1.150058,-5.452767,1.0
1287,41.797,0.0929,0,0.2,0,1.144472,-5.455232,1.0
1288,41.8287,0.0849,0,0.2,0,1.138889,-5.45768,1.0
1289,41.8609,0.1247,0,0.2,0,1.133302,-5.460115,1.0
1290,41.8886,0.1164,0,0.2,0,1.127698,-5.462544,1.0
1291,41.9195,0.0998,0,0.2,0,1.122082,-5.464964,1.0
1292,41.9512,0.0921,0,0.2,0,1.11646,-5.467371,0.999999
1293,41.9853,0.1003,0,0.2,0,1.110834,-5.469766,0.999999
1294,42.0171,0.1087,0,0.2,0,1.105205,-5.472148,0.999999
1295,42.0529,0.093,0,0.2,0,1.099573,-5.474517,0.999999
1296,42.0857,0.107,0,0.2,0,1.093939,-5.476871,0.999999
1297,42.1172,0.085,0,0.2,0,1.088302,-5.479214,0.999999
1298,42.1494,0.0777,0,0.2,0,1.082656,-5.481545,0.999999
1299,42.1788,0.1085,0,0.2,0,1.076995,-5.483869,0.999999
1300,42.2132,0.0849,0,0.2,0,1.071323,-5.486183,0.999999
1301,42.2445,0.0768,0,0.2,0,1.065646,-5.488484,0.999999
1302,42.2768,0.0768,0,0.2,0,1.059964,-5.490773,0.999999
1303,42.3137,0.1094,0,0.2,0,1.054291,-5.493045,0.999999
1304,42.3444,0.124,0,0.2,0,1.048629,-5.495297,0.999999
1305,42.3767,0.1155,0,0.2,0,1.042962,-5.497537,0.999999
1306,42.4102,0.0909,0,0.2,0,1.037289,-5.499764,0.999999
1307,42.4414,0.0917,0,0.2,0,1.031603,-5.501983,0.999999
1308,42.4734,0.085,0,0.2,0,1.025902,-5.504194,0.999999
1309,42.5047,0.1169,0,0.2,0,1.020197,-5.506392,0.999999
1310,42.5372,0.1168,0,0.2,0,1.014488,-5.508577,0.999999
1311,42.5705,0.085,0,0.2,0,1.00878,-5.510748,0.999999
1312,42.6034,0.1076,0,0.2,0,1.003079,-5.512902,0.999999
1313,42.6416,0.1231,0,0.2,0,0.997382,-5.515041,1.0
1314,42.6762,0.1164,0,0.2,0,0.991681,-5.517167,1.0
1315,42.7094,0.124,0,0.2,0,0.985972,-5.519282,1.0
1316,42.7424,0.1146,0,0.2,0,0.980247,-5.521388,1.0
1317,42.7735,0.1075,0,0.2,0,0.974506,-5.523487,1.0
1318,42.805,0.1153,0,0.2,0,0.968758,-5.525574,1.0
1319,42.8378,0.1081,0,0.2,0,0.96301,-5.527647,1.0
1320,42.8684,0.0861,0,0.2,0,0.957266,-5.529705,1.0
1321,42.9005,0.0937,0,0.2,0,0.951525,-5.531747,1.0
1322,42.9346,0.0619,0,0.2,0,0.945784,-5.533776,1.0
1323,42.9704,0.0927,0,0.2,0,0.940041,-5.535792,1.0
1324,43.0007,0.0847,0,0.2,0,0.934293,-5.537796,1.0
1325,43.0331,0.1076,0,0.2,0,0.928534,-5.539789,1.0
1326,43.067,0.1159,0,0.2,0,0.922762,-5.541773,1.0
1327,43.0962,0.1071,0,0.2,0,0.916975,-5.543748,0.999999
1328,43.1293,0.1234,0,0.2,0,0.911177,-5.545712,0.999999
1329,43.16,0.0997,0,0.2,0,0.905379,-5.547662,0.999999
1330,43.1931,0.1238,0,0.2,0,0.899585,-5.549597,0.999999
1331,43.2265,0.132,0,0.2,0,0.893799,-5.551516,0.999999
1332,43.2615,0.093,0,0.2,0,0.888017,-5.553419,0.999999
1333,43.2977,0.0852,0,0.2,0,0.882239,-5.555308,0.999999
1334,43.3309,0.1009,0,0.2,0,0.876457,-5.557184,0.999999
1335,43.3642,0.0854,0,0.2,0,0.870666,-5.559049,0.999999
1336,43.3951,0.0699,0,0.2,0,0.864864,-5.560903,0.999999
1337,43.4236,0.1247,0,0.2,0,0.859054,-5.562747,0.999999
1338,43.4538,0.108,0,0.2,0,0.853238,-5.564578,0.999999
1339,43.4855,0.1232,0,0.2,0,0.847415,-5.566398,0.999999
1340,43.5176,0.1157,0,0.2,0,0.841587,-5.568205,0.999999
1341,43.5492,0.1153,0,0.2,0,0.835757,-5.57,0.999999
1342,43.5815,0.1464,0,0.2,0,0.829923,-5.571781,0.999999
1343,43.6148,0.1004,0,0.2,0,0.824091,-5.573549,0.999999
1344,43.6493,0.1393,0,0.2,0,0.818267,-5.5753,0.999999
1345,43.6828,0.0845,0,0.2,0,0.812444,-5.577037,0.999999
1346,43.7181,0.1236,0,0.2,0,0.80662,-5.578761,0.999999
1347,43.7489,0.0928,0,0.2,0,0.800793,-5.580472,0.999999
1348,43.7806,0.1005,0,0.2,0,0.794963,-5.58217,0.999999
1349,43.8136,0.1169,0,0.2,0,0.789131,-5.583856,0.999999
1350,43.8456,0.1001,0,0.2,0,0.783299,-5.585528,0.999999
1351,43.8762,0.0842,0,0.2,0,0.777461,-5.587189,0.999999
1352,43.9101,0.1086,0,0.2,0,0.771616,-5.588838,0.999999
1353,43.9415,0.0695,0,0.2,0,0.765762,-5.590476,0.999999
1354,43.9725,0.1079,0,0.2,0,0.759896,-5.592104,0.999999
1355,44.0054,0.1087,0,0.2,0,0.754016,-5.593722,0.999999
1356,44.0424,0.1237,0,0.2,0,0.748132,-5.595328,0.999999
1357,44.0741,0.1159,0,0.2,0,0.74225,-5.596919,0.999999
1358,44.1087,0.115,0,0.2,0,0.736371,-5.598496,0.999999
1359,44.1403,0.123,0,0.2,0,0.730492,-5.600059,0.999999
1360,44.1703,0.1321,0,0.2,0,0.724616,-5.601608,0.999999
1361,44.2043,0.1162,0,0.2,0,0.718745,-5.603141,0.999999
1362,44.2374,0.1086,0,0.2,0,0.712881,-5.60466,0.999999
1363,44.2706,0.1236,0,0.2,0,0.707021,-5.606164,0.999999
1364,44.3047,0.0762,0,0.2,0,0.701163,-5.607655,0.999999
1365,44.3361,0.1081,0,0.2,0,0.695299,-5.609133,0.999999
1366,44.3687,0.0771,0,0.2,0,0.68942,-5.610602,0.999999
1367,44.4007,0.0929,0,0.2,0,0.683514,-5.612064,0.999999
1368,44.43,0.1167,0,0.2,0,0.67759,-5.613518,0.999999
1369,44.4639,0.1009,0,0.2,0,0.671662,-5.614959,0.999999
1370,44.4978,0.0862,0,0.2,0,0.66574,-5.616386,0.999999
1371,44.5288,0.1164,0,0.2,0,0.659819,-5.617799,0.999999
1372,44.5636,0.116,0,0.2,0,0.653896,-5.619199,0.999999
1373,44.5973,0.1077,0,0.2,0,0.647967,-5.620587,0.999999
1374,44.6291,0.1152,0,0.2,0,0.642027,-5.621965,0.999999
1375,44.662,0.1708,0,0.2,0,0.636077,-5.623332,0.999999
1376,44.696,0.1093,0,0.2,0,0.630131,-5.624683,0.999999
1377,44.7257,0.1084,0,0.2,0,0.624195,-5.62602,0.999999
1378,44.7579,0.0924,0,0.2,0,0.618278,-5.627338,0.999999
1379,44.7889,0.1,0,0.2,0,0.612374,-5.628641,0.999999
1380,44.822,0.1156,0,0.2,0,0.606477,-5.629928,0.999999
1381,44.8571,0.1076,0,0.2,0,0.600578,-5.631202,0.999999
1382,44.8931,0.1243,0,0.2,0,0.59467,-5.632465,0.999999
1383,44.9249,0.1015,0,0.2,0,0.588754,-5.633716,0.999999
1384,44.958,0.101,0,0.2,0,0.582834,-5.634955,0.999999
1385,44.9887,0.0923,0,0.2,0,0.576908,-5.636181,0.999999
1386,45.0195,0.0926,0,0.2,0,0.570974,-5.637396,0.999999
1387,45.048,0.0842,0,0.2,0,0.565027,-5.6386,0.999999
1388,45.0806,0.0768,0,0.2,0,0.559061,-5.639795,0.999999
1389,45.1139,0.0772,0,0.2,0,0.553071,-5.640982,0.999999
1390,45.1502,0.0777,0,0.2,0,0.547055,-5.64216,0.999999
1391,45.1817,0.0934,0,0.2,0,0.541017,-5.64333,0.999999
1392,45.2133,0.109,0,0.2,0,0.534973,-5.644487,0.999999
1393,45.2456,0.0783,0,0.2,0,0.528938,-5.64563,0.999999
1394,45.2749,0.077,0,0.2,0,0.522921,-5.646756,0.999999
1395,45.3082,0.1007,0,0.2,0,0.51692,-5.647865,0.999999
1396,45.3427,0.1235,0,0.2,0,0.510926,-5.64896,0.999999
1397,45.3718,0.1078,0,0.2,0,0.504933,-5.650042,0.999999
1398,45.4055,0.1236,0,0.2,0,0.498937,-5.65111,0.999999
1399,45.437,0.1397,0,0.2,0,0.492937,-5.652166,0.999999
1400,45.4681,0.1159,0,0.2,0,0.486937,-5.65321,0.999999
1401,45.5048,0.1241,0,0.2,0,0.480949,-5.654237,0.999999
1402,45.537,0.108,0,0.2,0,0.474982,-5.655248,0.999999
1403,45.569,0.1079,0,0.2,0,0.46903,-5.656244,0.999999
1404,45.6005,0.1312,0,0.2,0,0.463085,-5.657225,0.999999
1405,45.6311,0.1464,0,0.2,0,0.457136,-5.658194,0.999999
1406,45.6648,0.1535,0,0.2,0,0.451178,-5.659151,0.999999
1407,45.6979,0.1697,0,0.2,0,0.445204,-5.660099,0.999998
1408,45.7287,0.1378,0,0.2,0,0.439212,-5.661036,0.999998
1409,45.7613,0.146,0,0.2,0,0.433205,-5.661963,0.999998
1410,45.7941,0.1143,0,0.2,0,0.427193,-5.662877,0.999998
1411,45.8262,0.1147,0,0.2,0,0.421181,-5.663779,0.999998
1412,45.8609,0.1149,0,0.2,0,0.415175,-5.664668,0.999998
1413,45.8972,0.1162,0,0.2,0,0.409175,-5.665542,0.999998
1414,45.9281,0.1317,0,0.2,0,0.40318,-5.666404,0.999998
1415,45.9597,0.132,0,0.2,0,0.397192,-5.667252,0.999998
1416,45.9934,0.124,0,0.2,0,0.391212,-5.668087,0.999998
1417,46.0218,0.1084,0,0.2,0,0.385231,-5.668909,0.999998
1418,46.054,0.1156,0,0.2,0,0.379246,-5.66972,0.999998
1419,46.0845,0.1314,0,0.2,0,0.373256,-5.670518,0.999998
1420,46.1163,0.1392,0,0.2,0,0.367258,-5.671306,0.999998
1421,46.1526,0.131,0,0.2,0,0.361249,-5.672082,0.999998
1422,46.184,0.0993,0,0.2,0,0.355229,-5.672847,0.999998
1423,46.2169,0.1236,0,0.2,0,0.349195,-5.673601,0.999999
1424,46.2496,0.1238,0,0.2,0,0.343151,-5.674343,0.999999
1425,46.2785,0.1158,0,0.2,0,0.337101,-5.675073,0.999999
1426,46.3147,0.1162,0,0.2,0,0.331051,-5.675791,0.999999
1427,46.3449,0.1235,0,0.2,0,0.325011,-5.676495,0.999999
1428,46.3776,0.0995,0,0.2,0,0.318982,-5.677184,0.999999
1429,46.4116,0.1388,0,0.2,0,0.312963,-5.67786,0.999999
1430,46.4442,0.1235,0,0.2,0,0.306951,-5.678522,0.999999
1431,46.4768,0.1228,0,0.2,0,0.300942,-5.67917,0.999999
1432,46.5084,0.1468,0,0.2,0,0.294931,-5.679805,0.999999
1433,46.54,0.146,0,0.2,0,0.288915,-5.680428,0.999999
1434,46.5725,0.1537,0,0.2,0,0.282887,-5.681038,0.999999
1435,46.6039,0.1773,0,0.2,0,0.276843,-5.681638,0.999999
1436,46.6381,0.1933,0,0.2,0,0.270785,-5.682225,0.999999
1437,46.6709,0.2011,0,0.2,0,0.264719,-5.682801,0.999999
1438,46.7035,0.1619,0,0.2,0,0.258651,-5.683365,0.999999
1439,46.7349,0.1614,0,0.2,0,0.252578,-5.683916,0.999999
1440,46.7676,0.1457,0,0.2,0,0.246504,-5.684455,0.999999
1441,46.8003,0.1618,0,0.2,0,0.240431,-5.684982,0.999999
1442,46.8329,0.1459,0,0.2,0,0.234359,-5.685496,0.999999
1443,46.8642,0.1703,0,0.2,0,0.228287,-5.685997,0.999999
1444,46.8969,0.1706,0,0.2,0,0.22222,-5.686485,0.999999
1445,46.9298,0.1865,0,0.2,0,0.216155,-5.68696,0.999999
1446,46.9644,0.1393,0,0.2,0,0.210088,-5.687422,1.0
1447,46.996,0.1228,0,0.2,0,0.204018,-5.687872,1.0
1448,47.0288,0.1548,0,0.2,0,0.197945,-5.688309,1.0
1449,47.0615,0.1473,0,0.2,0,0.191868,-5.688734,1.0
1450,47.0921,0.1477,0,0.2,0,0.185795,-5.689146,1.0
1451,47.1248,0.1396,0,0.2,0,0.179729,-5.689544,1.0
1452,47.1562,0.1232,0,0.2,0,0.173677,-5.689929,1.0
1453,47.1886,0.1314,0,0.2,0,0.16764,-5.6903,1.0
1454,47.2215,0.1317,0,0.2,0,0.161616,-5.690658,1.0
1455,47.2558,0.1319,0,0.2,0,0.155598,-5.691003,1.0
1456,47.2938,0.1318,0,0.2,0,0.149579,-5.691336,1.0
1457,47.3242,0.1241,0,0.2,0,0.143554,-5.691656,1.0
1458,47.3558,0.1242,0,0.2,0,0.137519,-5.691964,1.0
1459,47.3888,0.1481,0,0.2,0,0.131472,-5.692261,1.0
1460,47.418,0.1481,0,0.2,0,0.12541,-5.692545,1.0
1461,47.4521,0.1721,0,0.2,0,0.119332,-5.692818,1.0
1462,47.4851,0.1478,0,0.2,0,0.113239,-5.693079,1.0
1463,47.5155,0.1557,0,0.2,0,0.107137,-5.693328,1.0
1464,47.5484,0.1006,0,0.2,0,0.101033,-5.693564,1.0
1465,47.58,0.1088,0,0.2,0,0.094937,-5.693787,1.0
1466,47.6166,0.0692,0,0.2,0,0.088854,-5.693996,1.0
1467,47.6484,0.0705,0,0.2,0,0.082782,-5.694192,1.0
1468,47.6813,0.053,0,0.2,0,0.07672,-5.694375,1.0
1469,47.713,0.0373,0,0.2,0,0.070666,-5.694544,1.0
1470,47.746,0.0454,0,0.2,0,0.064616,-5.6947,1.0
1471,47.7768,0.0613,0,0.2,0,0.058568,-5.694843,1.0
1472,47.81,0.0769,0,0.2,0,0.052514,-5.694973,1.0
1473,47.842,0.085,0,0.2,0,0.046452,-5.695088,1.0
1474,47.8753,0.1081,0,0.2,0,0.040374,-5.695191,1.0
1475,47.9095,0.1241,0,0.2,0,0.034273,-5.695281,1.0
1476,47.9428,0.1246,0,0.2,0,0.028148,-5.695357,1.0
1477,47.9731,0.1246,0,0.2,0,0.021999,-5.695419,1.0
1478,48.005,0.1329,0,0.2,0,0.015833,-5.695467,1.0
1479,48.0383,0.1247,0,0.2,0,0.009668,-5.695501,0.999999
1480,48.0691,0.1245,0,0.2,0,0.003517,-5.69552,0.999999
1481,48.1045,0.1173,0,0.2,0,-0.002605,-5.695525,0.999999
1482,48.1373,0.1477,0,0.2,0,-0.008689,-5.695516,0.999999
1483,48.1702,0.1396,0,0.2,0,-0.014729,-5.695493,0.999999
1484,48.2008,0.124,0,0.2,0,-0.020724,-5.695457,0.999998
1485,48.2315,0.1168,0,0.2,0,-0.026684,-5.695408,0.999998
1486,48.2647,0.093,0,0.2,0,-0.032618,-5.695347,0.999998
1487,48.2972,0.1091,0,0.2,0,-0.03854,-5.695274,0.999997
1488,48.3294,0.0856,0,0.2,0,-0.044461,-5.695189,0.999997
1489,48.3591,0.0775,0,0.2,0,-0.050392,-5.695092,0.999997
1490,48.3974,0.0546,0,0.2,0,-0.056338,-5.694983,0.999997
1491,48.4306,0.0625,0,0.2,0,-0.062307,-5.694863,0.999996
1492,48.4636,0.0465,0,0.2,0,-0.068302,-5.694731,0.999996
1493,48.4967,0.047,0,0.2,0,-0.074328,-5.694587,0.999996
1494,48.5288,0.0779,0,0.2,0,-0.080385,-5.694431,0.999995
1495,48.5614,0.0466,0,0.2,0,-0.086473,-5.694262,0.999995
1496,48.5935,0.0783,0,0.2,0,-0.092586,-5.694079,0.999995
1497,48.6257,0.0788,0,0.2,0,-0.098721,-5.693883,0.999995
1498,48.6576,0.1087,0,0.2,0,-0.104869,-5.693673,0.999994
1499,48.6935,0.0933,0,0.2,0,-0.111023,-5.693449,0.999994
1500,48.7258,0.139,0,0.2,0,-0.117175,-5.693211,0.999994
1501,48.7566,0.1155,0,0.2,0,-0.123323,-5.692957,0.999994
1502,48.7886,0.093,0,0.2,0,-0.129456,-5.69269,0.999994
1503,48.8168,0.0856,0,0.2,0,-0.135566,-5.69241,0.999994
1504,48.8475,0.078,0,0.2,0,-0.141651,-5.692115,0.999994
1505,48.8796,0.0935,0,0.2,0,-0.147713,-5.691807,0.999993
1506,48.914,0.0938,0,0.2,0,-0.153757,-5.691487,0.999993
1507,48.9444,0.1015,0,0.2,0,-0.159787,-5.691154,0.999993
1508,48.9775,0.0937,0,0.2,0,-0.165806,-5.690807,0.999993
1509,49.012,0.0781,0,0.2,0,-0.171823,-5.690449,0.999993
1510,49.0487,0.1166,0,0.2,0,-0.177844,-5.690077,0.999993
1511,49.0813,0.1319,0,0.2,0,-0.183876,-5.689692,0.999994
1512,49.1131,0.1083,0,0.2,0,-0.189921,-5.689294,0.999994
1513,49.1443,0.1092,0,0.2,0,-0.195978,-5.688883,0.999994
1514,49.1739,0.1168,0,0.2,0,-0.202045,-5.688459,0.999994
1515,49.2046,0.102,0,0.2,0,-0.20812,-5.688022,0.999994
1516,49.2391,0.1404,0,0.2,0,-0.214195,-5.687571,0.999994
1517,49.2696,0.1331,0,0.2,0,-0.220261,-5.687109,0.999994
1518,49.3047,0.1334,0,0.2,0,-0.226314,-5.686633,0.999995
1519,49.3377,0.1257,0,0.2,0,-0.23235,-5.686146,0.999995
1520,49.3689,0.1258,0,0.2,0,-0.238368,-5.685647,0.999995
1521,49.4013,0.103,0,0.2,0,-0.244368,-5.685136,0.999995
1522,49.4322,0.0952,0,0.2,0,-0.250352,-5.684614,0.999996
1523,49.4659,0.1249,0,0.2,0,-0.256324,-5.684079,0.999996
1524,49.5016,0.1323,0,0.2,0,-0.262291,-5.683531,0.999996
1525,49.5337,0.1167,0,0.2,0,-0.268261,-5.68297,0.999996
1526,49.5668,0.117,0,0.2,0,-0.274238,-5.682396,0.999997
1527,49.5973,0.0936,0,0.2,0,-0.280228,-5.681808,0.999997
1528,49.6269,0.0935,0,0.2,0,-0.286232,-5.681206,0.999997
1529,49.6578,0.1014,0,0.2,0,-0.292249,-5.68059,0.999998
1530,49.6887,0.1012,0,0.2,0,-0.298278,-5.67996,0.999998
1531,49.7201,0.0703,0,0.2,0,-0.304318,-5.679317,0.999998
1532,49.7537,0.078,0,0.2,0,-0.310367,-5.67866,0.999998
1533,49.7859,0.0627,0,0.2,0,-0.31642,-5.677989,0.999999
1534,49.8206,0.0704,0,0.2,0,-0.322471,-5.677306,0.999999
1535,49.8525,0.0699,0,0.2,0,-0.328515,-5.67661,0.999999
1536,49.8857,0.07,0,0.2,0,-0.334551,-5.675901,1.0
1537,49.9169,0.0703,0,0.2,0,-0.340576,-5.67518,1.0
1538,49.9485,0.0542,0,0.2,0,-0.346588,-5.674448,1.0
1539,49.9801,0.062,0,0.2,0,-0.352589,-5.673703,1.0
1540,50.0157,0.0768,0,0.2,0,-0.358584,-5.672945,1.000001
1541,50.0486,0.0769,0,0.2,0,-0.364582,-5.672174,1.000001
1542,50.0802,0.0697,0,0.2,0,-0.370587,-5.671389,1.000001
1543,50.1132,0.085,0,0.2,0,-0.376609,-5.670588,1.000001
1544,50.1463,0.0925,0,0.2,0,-0.382645,-5.669772,1.000002
1545,50.1768,0.0776,0,0.2,0,-0.388691,-5.668942,1.000002
1546,50.2096,0.0931,0,0.2,0,-0.39474,-5.668098,1.000002
1547,50.2453,0.0778,0,0.2,0,-0.400785,-5.667242,1.000002
1548,50.2784,0.0856,0,0.2,0,-0.406821,-5.666373,1.000003
1549,50.3127,0.1014,0,0.2,0,-0.412854,-5.665491,1.000003
1550,50.3459,0.0934,0,0.2,0,-0.418885,-5.664597,1.000003
1551,50.3768,0.1013,0,0.2,0,-0.424911,-5.66369,1.000003
1552,50.4087,0.1089,0,0.2,0,-0.430931,-5.66277,1.000003
1553,50.438,0.1163,0,0.2,0,-0.436947,-5.661838,1.000003
1554,50.4674,0.0771,0,0.2,0,-0.442961,-5.660892,1.000004
1555,50.4969,0.069,0,0.2,0,-0.44898,-5.659932,1.000004
1556,50.5304,0.0922,0,0.2,0,-0.455003,-5.658958,1.000004
1557,50.5603,0.0774,0,0.2,0,-0.461023,-5.657972,1.000004
1558,50.592,0.0772,0,0.2,0,-0.467035,-5.656974,1.000004
1559,50.6255,0.0853,0,0.2,0,-0.47304,-5.655964,1.000004
1560,50.6613,0.0847,0,0.2,0,-0.479042,-5.654942,1.000005
1561,50.6968,0.085,0,0.2,0,-0.485037,-5.653908,1.000005
1562,50.7295,0.0767,0,0.2,0,-0.491027,-5.652863,1.000005
1563,50.7629,0.0845,0,0.2,0,-0.49701,-5.651805,1.000005
1564,50.7968,0.061,0,0.2,0,-0.502993,-5.650735,1.000005
1565,50.8284,0.0607,0,0.2,0,-0.508979,-5.649651,1.000005
1566,50.8574,0.0453,0,0.2,0,-0.514965,-5.648555,1.000005
1567,50.8892,0.0528,0,0.2,0,-0.520947,-5.647446,1.000005
1568,50.9201,0.045,0,0.2,0,-0.526927,-5.646325,1.000005
1569,50.9534,0.076,0,0.2,0,-0.532903,-5.645191,1.000005
1570,50.9869,0.0525,0,0.2,0,-0.538878,-5.644045,1.000005
1571,51.021,0.0602,0,0.2,0,-0.544849,-5.642888,1.000005
1572,51.0564,0.0679,0,0.2,0,-0.550819,-5.641717,1.000005
1573,51.0941,0.0373,0,0.2,0,-0.556787,-5.640534,1.000005
1574,51.1264,0.0612,0,0.2,0,-0.562761,-5.639338,1.000005
1575,51.1622,0.0692,0,0.2,0,-0.568732,-5.638128,1.000005
1576,51.1935,0.0685,0,0.2,0,-0.574697,-5.636907,1.000005
1577,51.2228,0.0843,0,0.2,0,-0.580656,-5.635674,1.000005
1578,51.2532,0.0845,0,0.2,0,-0.586609,-5.634429,1.000005
1579,51.2864,0.1008,0,0.2,0,-0.592556,-5.633172,1.000005
1580,51.3172,0.0849,0,0.2,0,-0.598501,-5.631902,1.000005
1581,51.3529,0.0695,0,0.2,0,-0.604443,-5.63062,1.000005
1582,51.3848,0.069,0,0.2,0,-0.610385,-5.629324,1.000005
1583,51.4162,0.0764,0,0.2,0,-0.616325,-5.628016,1.000005
1584,51.4489,0.0755,0,0.2,0,-0.622267,-5.626694,1.000005
1585,51.4803,0.0922,0,0.2,0,-0.628208,-5.625358,1.000005
1586,51.5135,0.0842,0,0.2,0,-0.634144,-5.624011,1.000004
1587,51.5444,0.0841,0,0.2,0,-0.640079,-5.622649,1.000004
1588,51.5778,0.0611,0,0.2,0,-0.646012,-5.621275,1.000004
1589,51.6135,0.0367,0,0.2,0,-0.651944,-5.619888,1.000004
1590,51.6454,0.0452,0,0.2,0,-0.657874,-5.618487,1.000004
1591,51.6778,0.0444,0,0.2,0,-0.663802,-5.617074,1.000004
1592,51.7089,0.0839,0,0.2,0,-0.669729,-5.615648,1.000004
1593,51.7399,0.0688,0,0.2,0,-0.675656,-5.614209,1.000004
1594,51.7763,0.0844,0,0.2,0,-0.681573,-5.612758,1.000003
1595,51.8084,0.0619,0,0.2,0,-0.687482,-5.611296,1.000003
1596,51.8417,0.0852,0,0.2,0,-0.693384,-5.609823,1.000003
1597,51.87,0.1086,0,0.2,0,-0.699283,-5.608337,1.000003
1598,51.9014,0.0933,0,0.2,0,-0.705181,-5.606838,1.000003
1599,51.9334,0.116,0,0.2,0,-0.711071,-5.605327,1.000003
1600,51.9651,0.0932,0,0.2,0,-0.716959,-5.603804,1.000003
1601,51.9972,0.1248,0,0.2,0,-0.722846,-5.602266,1.000003
1602,52.0316,0.0932,0,0.2,0,-0.728725,-5.600718,1.000003
1603,52.0644,0.0693,0,0.2,0,-0.734599,-5.599157,1.000002
1604,52.0973,0.076,0,0.2,0,-0.740475,-5.597582,1.000002
1605,52.1313,0.1077,0,0.2,0,-0.746356,-5.595993,1.000002
1606,52.1613,0.0755,0,0.2,0,-0.752239,-5.594389,1.000002
1607,52.1936,0.0755,0,0.2,0,-0.758121,-5.592772,1.000002
1608,52.2274,0.0295,0,0.2,0,-0.763996,-5.591144,1.000002
1609,52.2622,0.053,0,0.2,0,-0.769854,-5.589506,1.000002
1610,52.2969,0.076,0,0.2,0,-0.775698,-5.58786,1.000002
1611,52.3281,0.0762,0,0.2,0,-0.781536,-5.586201,1.000002
1612,52.3612,0.0758,0,0.2,0,-0.787373,-5.584529,1.000001
1613,52.3941,0.0912,0,0.2,0,-0.79321,-5.582844,1.000001
1614,52.4238,0.069,0,0.2,0,-0.799054,-5.581144,1.000001
1615,52.4578,0.1087,0,0.2,0,-0.804904,-5.579428,1.000001
1616,52.4897,0.0929,0,0.2,0,-0.810754,-5.577699,1.000001
1617,52.521,0.1168,0,0.2,0,-0.816598,-5.575957,1.000001
1618,52.5577,0.0934,0,0.2,0,-0.822437,-5.574203,1.000001
1619,52.5894,0.1164,0,0.2,0,-0.828273,-5.572437,1.000001
1620,52.6216,0.1012,0,0.2,0,-0.83411,-5.570656,1.000001
1621,52.6522,0.0774,0,0.2,0,-0.839947,-5.568862,1.000001
1622,52.6837,0.0844,0,0.2,0,-0.845772,-5.567058,1.000001
1623,52.7157,0.0605,0,0.2,0,-0.851585,-5.565243,1.000001
1624,52.7482,0.0674,0,0.2,0,-0.857383,-5.563419,1.0
1625,52.7817,0.0601,0,0.2,0,-0.86316,-5.561587,1.0
1626,52.8141,0.0678,0,0.2,0,-0.868931,-5.559744,1.0
1627,52.8505,0.076,0,0.2,0,-0.874703,-5.557886,1.0
1628,52.8842,0.0924,0,0.2,0,-0.880487,-5.556011,1.0
1629,52.9154,0.1002,0,0.2,0,-0.886277,-5.554121,1.0
1630,52.9447,0.1003,0,0.2,0,-0.892069,-5.552216,1.0
1631,52.9731,0.1244,0,0.2,0,-0.897859,-5.550298,1.0
1632,53.0088,0.1172,0,0.2,0,-0.90365,-5.548367,1.0
1633,53.0414,0.1084,0,0.2,0,-0.909439,-5.546422,1.0
1634,53.0739,0.1002,0,0.2,0,-0.915225,-5.544466,1.0
1635,53.11,0.0925,0,0.2,0,-0.921003,-5.542497,1.0
1636,53.1402,0.0999,0,0.2,0,-0.926777,-5.540516,1.0
1637,53.1717,0.0615,0,0.2,0,-0.932542,-5.538525,1.0
1638,53.2052,0.0684,0,0.2,0,-0.938289,-5.536525,1.0
1639,53.2345,0.0521,0,0.2,0,-0.94402,-5.534516,1.0
1640,53.2674,0.0757,0,0.2,0,-0.94974,-5.532498,1.0
1641,53.3002,0.1077,0,0.2,0,-0.955461,-5.530465,1.0
1642,53.3333,0.0687,0,0.2,0,-0.961188,-5.528416,1.0
1643,53.3663,0.0848,0,0.2,0,-0.966917,-5.526352,1.0
1644,53.4007,0.0852,0,0.2,0,-0.972644,-5.524275,1.0
1645,53.4352,0.1155,0,0.2,0,-0.978372,-5.522184,1.0
1646,53.465,0.0845,0,0.2,0,-0.984101,-5.520078,1.0
1647,53.4973,0.1167,0,0.2,0,-0.989829,-5.517959,1.0
1648,53.5276,0.0692,0,0.2,0,-0.995548,-5.51583,1.0
1649,53.5572,0.0853,0,0.2,0,-1.001254,-5.51369,1.0
1650,53.5903,0.1,0,0.2,0,-1.006944,-5.511544,1.0
1651,53.6234,0.0915,0,0.2,0,-1.012624,-5.509387,1.0
1652,53.6563,0.0757,0,0.2,0,-1.0183,-5.507217,1.0
1653,53.6895,0.0848,0,0.2,0,-1.023981,-5.505032,1.0
1654,53.7213,0.0616,0,0.2,0,-1.029667,-5.502831,1.0
1655,53.7586,0.0849,0,0.2,0,-1.035355,-5.500615,1.0
1656,53.7894,0.084,0,0.2,0,-1.041039,-5.498386,1.0
1657,53.8189,0.1321,0,0.2,0,-1.046715,-5.496147,1.0
1658,53.8494,0.0851,0,0.2,0,-1.052379,-5.493898,1.0
1659,53.8814,0.0689,0,0.2,0,-1.058027,-5.491642,1.0
1660,53.9133,0.1085,0,0.2,0,-1.063667,-5.489375,1.0
1661,53.9449,0.0846,0,0.2,0,-1.0693,-5.487096,1.0
1662,53.9782,0.0518,0,0.2,0,-1.074932,-5.484804,1.0
1663,54.0131,0.0924,0,0.2,0,-1.080561,-5.482499,1.0
1664,54.0485,0.0617,0,0.2,0,-1.08618,-5.480184,1.0
1665,54.0822,0.0688,0,0.2,0,-1.091796,-5.477856,1.0
1666,54.1133,0.1,0,0.2,0,-1.097409,-5.475515,1.0
1667,54.1454,0.0845,0,0.2,0,-1.103021,-5.473161,1.0
1668,54.1747,0.1009,0,0.2,0,-1.108627,-5.470795,1.0
1669,54.2092,0.0701,0,0.2,0,-1.114229,-5.468417,1.0
1670,54.2459,0.1081,0,0.2,0,-1.119826,-5.466026,1.0
1671,54.2778,0.0846,0,0.2,0,-1.125418,-5.463624,1.0
1672,54.3097,0.0997,0,0.2,0,-1.131004,-5.46121,1.0
1673,54.3415,0.0923,0,0.2,0,-1.13659,-5.458782,1.0
1674,54.3697,0.0612,0,0.2,0,-1.142168,-5.456342,1.0
1675,54.4024,0.0999,0,0.2,0,-1.147739,-5.453892,1.0
1676,54.4329,0.092,0,0.2,0,-1.153303,-5.451431,1.0
1677,54.4648,0.1163,0,0.2,0,-1.158868,-5.448955,1.0
1678,54.4969,0.1005,0,0.2,0,-1.164429,-5.446465,1.0
1679,54.5276,0.1168,0,0.2,0,-1.169993,-5.443961,1.0
1680,54.5604,0.1006,0,0.2,0,-1.17555,-5.441445,1.0
1681,54.5971,0.0995,0,0.2,0,-1.181097,-5.43892,1.000001
1682,54.6315,0.0842,0,0.2,0,-1.186636,-5.436383,1.000001
1683,54.6644,0.0771,0,0.2,0,-1.192158,-5.43384,1.000001
1684,54.6965,0.0925,0,0.2,0,-1.197674,-5.431285,1.000001
1685,54.7312,0.0853,0,0.2,0,-1.203185,-5.428719,1.000001
1686,54.7618,0.1082,0,0.2,0,-1.208689,-5.42614,1.000001
1687,54.7928,0.1085,0,0.2,0,-1.214194,-5.423548,1.000001
1688,54.8245,0.1007,0,0.2,0,-1.21969,-5.420944,1.000001
1689,54.8561,0.1001,0,0.2,0,-1.225185,-5.418328,1.000001
1690,54.8891,0.0527,0,0.2,0,-1.230677,-5.415697,1.000001
1691,54.923,0.1077,0,0.2,0,-1.236162,-5.413056,1.000002
1692,54.9573,0.0686,0,0.2,0,-1.241638,-5.410405,1.000002
1693,54.9929,0.1082,0,0.2,0,-1.247111,-5.407741,1.000002
1694,55.0248,0.1004,0,0.2,0,-1.25258,-5.405064,1.000002
1695,55.0568,0.1158,0,0.2,0,-1.258046,-5.402373,1.000002
1696,55.0891,0.0924,0,0.2,0,-1.263502,-5.399673,1.000002
1697,55.1184,0.101,0,0.2,0,-1.268948,-5.396964,1.000002
1698,55.1491,0.0918,0,0.2,0,-1.27439,-5.394242,1.000002
1699,55.1822,0.1001,0,0.2,0,-1.279822,-5.39151,1.000002
1700,55.2143,0.1003,0,0.2,0,-1.285248,-5.388767,1.000002
1701,55.249,0.1084,0,0.2,0,-1.290661,-5.386015,1.000002
1702,55.2805,0.1006,0,0.2,0,-1.29607,-5.383251,1.000002
1703,55.3129,0.101,0,0.2,0,-1.301479,-5.380473,1.000002
1704,55.3457,0.1003,0,0.2,0,-1.30689,-5.377678,1.000002
1705,55.3789,0.1157,0,0.2,0,-1.312299,-5.374871,1.000002
1706,55.4097,0.0764,0,0.2,0,-1.317694,-5.372056,1.000002
1707,55.4406,0.0839,0,0.2,0,-1.323076,-5.369232,1.000002
1708,55.4726,0.0772,0,0.2,0,-1.328452,-5.366397,1.000002
1709,55.5096,0.0999,0,0.2,0,-1.33382,-5.363552,1.000002
1710,55.5441,0.1004,0,0.2,0,-1.339185,-5.360693,1.000002
1711,55.5779,0.1002,0,0.2,0,-1.344551,-5.35782,1.000002
1712,55.6096,0.0929,0,0.2,0,-1.349917,-5.354931,1.000002
1713,55.6413,0.1082,0,0.2,0,-1.355276,-5.352031,1.000002
1714,55.6711,0.0845,0,0.2,0,-1.360624,-5.349123,1.000002
1715,55.7061,0.0928,0,0.2,0,-1.36596,-5.346206,1.000002
1716,55.7373,0.092,0,0.2,0,-1.371288,-5.343279,1.000002
1717,55.7693,0.1079,0,0.2,0,-1.376614,-5.340338,1.000002
1718,55.8058,0.1089,0,0.2,0,-1.381939,-5.337383,1.000002
1719,55.8376,0.1082,0,0.2,0,-1.387254,-5.334419,1.000002
1720,55.8691,0.0691,0,0.2,0,-1.392559,-5.331444,1.000002
1721,55.9007,0.1076,0,0.2,0,-1.397857,-5.328459,1.000002
1722,55.931,0.0846,0,0.2,0,-1.403151,-5.325461,1.000002
1723,55.9635,0.1002,0,0.2,0,-1.408433,-5.322454,1.000002
1724,55.998,0.1001,0,0.2,0,-1.413705,-5.319439,1.000002
1725,56.0309,0.0842,0,0.2,0,-1.418974,-5.316411,1.000002
1726,56.0638,0.0845,0,0.2,0,-1.424243,-5.313367,1.000002
1727,56.0972,0.0776,0,0.2,0,-1.429507,-5.310311,1.000001
1728,56.1284,0.1077,0,0.2,0,-1.434761,-5.307246,1.000001
1729,56.16,0.0999,0,0.2,0,-1.440007,-5.304171,1.000001
1730,56.1933,0.0849,0,0.2,0,-1.44525,-5.301081,1.000001
1731,56.225,0.0846,0,0.2,0,-1.450502,-5.297973,1.000001
1732,56.2572,0.0761,0,0.2,0,-1.455754,-5.294847,1.000001
1733,56.2892,0.0931,0,0.2,0,-1.461004,-5.291709,1.000001
1734,56.3228,0.0929,0,0.2,0,-1.466238,-5.288565,1.000001
1735,56.3575,0.1005,0,0.2,0,-1.47146,-5.285413,1.000001
1736,56.3941,0.0839,0,0.2,0,-1.476665,-5.282255,1.000001
1737,56.4273,0.0762,0,0.2,0,-1.481858,-5.279089,1.000001
1738,56.4614,0.0771,0,0.2,0,-1.48705,-5.275909,1.000001
1739,56.4926,0.0922,0,0.2,0,-1.492237,-5.272716,1.000001
1740,56.5228,0.1012,0,0.2,0,-1.497413,-5.269515,1.000001
1741,56.5573,0.1089,0,0.2,0,-1.502573,-5.266307,1.000001
1742,56.5932,0.1078,0,0.2,0,-1.507722,-5.263092,1.000001
1743,56.6257,0.0922,0,0.2,0,-1.512868,-5.259863,1.000001
1744,56.6576,0.0929,0,0.2,0,-1.518014,-5.256618,1.0
1745,56.686,0.0846,0,0.2,0,-1.523157,-5.25336,1.0
1746,56.7142,0.0927,0,0.2,0,-1.528295,-5.25009,1.0
1747,56.7498,0.1006,0,0.2,0,-1.533425,-5.246809,1.0
1748,56.783,0.0918,0,0.2,0,-1.538545,-5.24352,1.0
1749,56.8158,0.1388,0,0.2,0,-1.543659,-5.240219,1.0
1750,56.8487,0.0929,0,0.2,0,-1.548768,-5.236905,1.0
1751,56.8814,0.0996,0,0.2,0,-1.553873,-5.233579,1.0
1752,56.9123,0.0769,0,0.2,0,-1.558973,-5.23024,1.0
1753,56.945,0.1006,0,0.2,0,-1.564064,-5.226892,1.0
1754,56.9807,0.0685,0,0.2,0,-1.569147,-5.223533,1.0
1755,57.0138,0.0919,0,0.2,0,-1.574222,-5.220164,1.0
1756,57.049,0.0929,0,0.2,0,-1.579293,-5.216783,1.0
1757,57.0829,0.0844,0,0.2,0,-1.584357,-5.213389,1.0
1758,57.1146,0.1005,0,0.2,0,-1.589415,-5.209985,1.0
1759,57.149,0.116,0,0.2,0,-1.59446,-5.206573,0.999999
1760,57.1822,0.0847,0,0.2,0,-1.599491,-5.203156,0.999999
1761,57.2139,0.1239,0,0.2,0,-1.604513,-5.199728,0.999999
1762,57.2453,0.1158,0,0.2,0,-1.609532,-5.196287,0.999999
1763,57.2769,0.0838,0,0.2,0,-1.614548,-5.192832,0.999999
1764,57.3088,0.1167,0,0.2,0,-1.619558,-5.189365,0.999999
1765,57.3412,0.0837,0,0.2,0,-1.624557,-5.18589,0.999999
1766,57.3729,0.1328,0,0.2,0,-1.629543,-5.182408,0.999999
1767,57.4094,0.108,0,0.2,0,-1.634519,-5.178917,0.999999
1768,57.4413,0.0762,0,0.2,0,-1.639498,-5.175408,0.999999
1769,57.4732,0.1397,0,0.2,0,-1.644478,-5.171883,0.999999
1770,57.505,0.0923,0,0.2,0,-1.649452,-5.168345,0.999999
1771,57.5345,0.1232,0,0.2,0,-1.654411,-5.164804,0.999999
1772,57.5648,0.0926,0,0.2,0,-1.659365,-5.161248,0.999999
1773,57.5985,0.1238,0,0.2,0,-1.664309,-5.157685,0.999999
1774,57.6288,0.1085,0,0.2,0,-1.669247,-5.154109,0.999999
1775,57.6634,0.1154,0,0.2,0,-1.674175,-5.150526,0.999999
1776,57.6974,0.124,0,0.2,0,-1.679098,-5.14693,1.0
1777,57.7303,0.0931,0,0.2,0,-1.684008,-5.143327,1.0
1778,57.7635,0.0998,0,0.2,0,-1.688911,-5.139712,1.0
1779,57.7974,0.0682,0,0.2,0,-1.693812,-5.136084,1.0
1780,57.8293,0.0927,0,0.2,0,-1.698714,-5.132438,1.0
1781,57.8609,0.0926,0,0.2,0,-1.703602,-5.128786,1.0
1782,57.8932,0.124,0,0.2,0,-1.708476,-5.125127,1.0
1783,57.9266,0.1084,0,0.2,0,-1.713333,-5.121465,1.000001
1784,57.9578,0.0842,0,0.2,0,-1.718189,-5.117788,1.000001
1785,57.993,0.0845,0,0.2,0,-1.723037,-5.1141,1.000001
1786,58.0251,0.1082,0,0.2,0,-1.727875,-5.110402,1.000002
1787,58.0565,0.1086,0,0.2,0,-1.732698,-5.1067,1.000002
1788,58.0896,0.132,0,0.2,0,-1.737514,-5.102987,1.000002
1789,58.119,0.1233,0,0.2,0,-1.74232,-5.099266,1.000003
1790,58.1533,0.1164,0,0.2,0,-1.747122,-5.095531,1.000003
1791,58.1844,0.1086,0,0.2,0,-1.751917,-5.091785,1.000003
1792,58.2174,0.0929,0,0.2,0,-1.756705,-5.088028,1.000003
1793,58.2528,0.1243,0,0.2,0,-1.76148,-5.084266,1.000003
1794,58.2855,0.069,0,0.2,0,-1.766249,-5.080491,1.000003
1795,58.3172,0.1004,0,0.2,0,-1.771013,-5.076704,1.000004
1796,58.3495,0.0921,0,0.2,0,-1.775773,-5.072904,1.000004
1797,58.3798,0.1161,0,0.2,0,-1.780523,-5.069096,1.000004
1798,58.4131,0.1234,0,0.2,0,-1.785256,-5.065284,1.000004
1799,58.4449,0.1078,0,0.2,0,-1.789983,-5.06146,1.000004
1800,58.477,0.1309,0,0.2,0,-1.794703,-5.057625,1.000004
1801,58.5139,0.0921,0,0.2,0,-1.799416,-5.05378,1.000004
1802,58.5493,0.1395,0,0.2,0,-1.804119,-5.049926,1.000004
1803,58.5841,0.108,0,0.2,0,-1.808816,-5.046059,1.000004
1804,58.6148,0.1238,0,0.2,0,-1.813504,-5.042184,1.000004
1805,58.6454,0.0772,0,0.2,0,-1.818188,-5.038294,1.000004
1806,58.6749,0.1078,0,0.2,0,-1.822869,-5.034391,1.000004
1807,58.7088,0.0922,0,0.2,0,-1.82754,-5.030478,1.000004
1808,58.741,0.1082,0,0.2,0,-1.832198,-5.02656,1.000004
1809,58.773,0.1078,0,0.2,0,-1.83685,-5.02263,1.000004
1810,58.8086,0.092,0,0.2,0,-1.841502,-5.018682,1.000004
1811,58.8422,0.1309,0,0.2,0,-1.846146,-5.014725,1.000004
1812,58.8748,0.0849,0,0.2,0,-1.85078,-5.010759,1.000004
1813,58.9105,0.1467,0,0.2,0,-1.855398,-5.006789,1.000004
1814,58.9404,0.093,0,0.2,0,-1.860011,-5.002808,1.000004
1815,58.9694,0.1081,0,0.2,0,-1.864612,-4.998818,1.000004
1816,59.0013,0.1156,0,0.2,0,-1.869196,-4.994827,1.000004
1817,59.0328,0.1316,0,0.2,0,-1.873762,-4.990835,1.000003
1818,59.065,0.1087,0,0.2,0,-1.878322,-4.98683,1.000003
1819,59.0967,0.1399,0,0.2,0,-1.882872,-4.982817,1.000003
1820,59.1299,0.0918,0,0.2,0,-1.887416,-4.978794,1.000003
1821,59.163,0.0927,0,0.2,0,-1.891952,-4.97476,1.000003
1822,59.2012,0.1155,0,0.2,0,-1.896478,-4.970716,1.000003
1823,59.2373,0.0768,0,0.2,0,-1.900998,-4.966663,1.000003
1824,59.2695,0.092,0,0.2,0,-1.905513,-4.962597,1.000003
1825,59.3014,0.069,0,0.2,0,-1.910022,-4.958519,1.000003
1826,59.333,0.1242,0,0.2,0,-1.91452,-4.954434,1.000002
1827,59.366,0.1231,0,0.2,0,-1.919008,-4.950341,1.000002
1828,59.3969,0.1323,0,0.2,0,-1.92349,-4.946236,1.000002
1829,59.429,0.1002,0,0.2,0,-1.927965,-4.94212,1.000002
1830,59.4622,0.0842,0,0.2,0,-1.932433,-4.937994,1.000002
1831,59.4976,0.1087,0,0.2,0,-1.936891,-4.933858,1.000001
1832,59.5289,0.1006,0,0.2,0,-1.941346,-4.929709,1.000001
1833,59.5634,0.1235,0,0.2,0,-1.945795,-4.925547,1.000001
1834,59.5937,0.0768,0,0.2,0,-1.950238,-4.921373,1.000001
1835,59.6229,0.1478,0,0.2,0,-1.954669,-4.917192,1.0
1836,59.6572,0.1004,0,0.2,0,-1.959095,-4.912998,1.0
1837,59.6894,0.1237,0,0.2,0,-1.963517,-4.908789,1.0
1838,59.7217,0.1001,0,0.2,0,-1.967934,-4.904567,1.0
1839,59.7579,0.0921,0,0.2,0,-1.972342,-4.900335,1.0
1840,59.7895,0.1004,0,0.2,0,-1.976743,-4.896091,1.0
1841,59.8211,0.1317,0,0.2,0,-1.981139,-4.891834,0.999999
1842,59.8529,0.131,0,0.2,0,-1.985525,-4.887569,0.999999
1843,59.8839,0.1157,0,0.2,0,-1.989892,-4.883303,0.999999
1844,59.915,0.1236,0,0.2,0,-1.994244,-4.879034,0.999999
1845,59.9495,0.1235,0,0.2,0,-1.998581,-4.87476,0.999999
1846,59.9809,0.1153,0,0.2,0,-2.002906,-4.870481,0.999999
1847,60.0157,0.1158,0,0.2,0,-2.007214,-4.866201,0.999998
1848,60.0493,0.116,0,0.2,0,-2.011508,-4.861917,0.999998
1849,60.0809,0.1241,0,0.2,0,-2.015794,-4.857622,0.999998
1850,60.1128,0.1166,0,0.2,0,-2.020073,-4.853317,0.999998
1851,60.1444,0.1079,0,0.2,0,-2.024342,-4.849004,0.999998
1852,60.1746,0.1315,0,0.2,0,-2.028602,-4.844681,0.999998
1853,60.2107,0.1318,0,0.2,0,-2.032857,-4.840345,0.999997
1854,60.2404,0.101,0,0.2,0,-2.037106,-4.835998,0.999997
1855,60.2732,0.0998,0,0.2,0,-2.041347,-4.831639,0.999997
1856,60.3092,0.1075,0,0.2,0,-2.045579,-4.827272,0.999997
1857,60.3453,0.1235,0,0.2,0,-2.049803,-4.822895,0.999997
1858,60.3761,0.0844,0,0.2,0,-2.054015,-4.81851,0.999997
1859,60.4092,0.1073,0,0.2,0,-2.058219,-4.814115,0.999997
1860,60.4413,0.0923,0,0.2,0,-2.062414,-4.809712,0.999997
1861,60.4718,0.1398,0,0.2,0,-2.066601,-4.805297,0.999997
1862,60.5051,0.0919,0,0.2,0,-2.070781,-4.800869,0.999996
1863,60.5383,0.116,0,0.2,0,-2.074956,-4.79643,0.999996
1864,60.5694,0.0928,0,0.2,0,-2.079123,-4.79198,0.999996
1865,60.6049,0.108,0,0.2,0,-2.083281,-4.787519,0.999996
1866,60.6379,0.1238,0,0.2,0,-2.087431,-4.783049,0.999996
1867,60.6709,0.117,0,0.2,0,-2.091575,-4.778567,0.999996
1868,60.7045,0.1078,0,0.2,0,-2.095706,-4.774079,0.999996
1869,60.7351,0.077,0,0.2,0,-2.099824,-4.769587,0.999996
1870,60.7647,0.1087,0,0.2,0,-2.10393,-4.765088,0.999996
1871,60.7961,0.0848,0,0.2,0,-2.108026,-4.760581,0.999996
1872,60.8301,0.1009,0,0.2,0,-2.112109,-4.756068,0.999996
1873,60.8623,0.1006,0,0.2,0,-2.116179,-4.751551,0.999996
1874,60.8972,0.108,0,0.2,0,-2.120237,-4.747028,0.999996
1875,60.9294,0.1076,0,0.2,0,-2.124288,-4.742493,0.999996
1876,60.9611,0.1001,0,0.2,0,-2.128331,-4.737946,0.999996
1877,60.994,0.1551,0,0.2,0,-2.132364,-4.733393,0.999996
1878,61.0225,0.1006,0,0.2,0,-2.136385,-4.728831,0.999996
1879,61.0534,0.1231,0,0.2,0,-2.140393,-4.724265,0.999996
1880,61.0853,0.0921,0,0.2,0,-2.144394,-4.719687,0.999996
1881,61.1169,0.1236,0,0.2,0,-2.148383,-4.715104,0.999996
1882,61.1522,0.0928,0,0.2,0,-2.152361,-4.710512,0.999996
1883,61.1917,0.1391,0,0.2,0,-2.156329,-4.705914,0.999997
1884,61.2235,0.1165,0,0.2,0,-2.160288,-4.701305,0.999997
1885,61.2577,0.1234,0,0.2,0,-2.164237,-4.696688,0.999997
1886,61.287,0.1158,0,0.2,0,-2.168175,-4.692065,0.999997
1887,61.3189,0.1009,0,0.2,0,-2.172106,-4.687429,0.999997
1888,61.3533,0.1229,0,0.2,0,-2.176025,-4.682788,0.999997
1889,61.3841,0.1152,0,0.2,0,-2.179938,-4.678134,0.999997
1890,61.4172,0.1238,0,0.2,0,-2.183845,-4.673469,0.999998
1891,61.4528,0.085,0,0.2,0,-2.187746,-4.668789,0.999998
1892,61.4881,0.1393,0,0.2,0,-2.191638,-4.6641,0.999998
1893,61.5191,0.0921,0,0.2,0,-2.195523,-4.6594,0.999998
1894,61.5522,0.1473,0,0.2,0,-2.199404,-4.654685,0.999998
1895,61.5837,0.1161,0,0.2,0,-2.20327,-4.649967,0.999999
1896,61.6146,0.1082,0,0.2,0,-2.207127,-4.64524,0.999999
1897,61.6492,0.1396,0,0.2,0,-2.210971,-4.640509,0.999999
1898,61.681,0.1005,0,0.2,0,-2.214808,-4.635766,0.999999
1899,61.7153,0.1079,0,0.2,0,-2.218633,-4.631016,1.0
1900,61.7492,0.0615,0,0.2,0,-2.222448,-4.626259,1.0
1901,61.7813,0.1391,0,0.2,0,-2.226252,-4.621493,1.0
1902,61.8139,0.1155,0,0.2,0,-2.230043,-4.616724,1.0
1903,61.8452,0.1152,0,0.2,0,-2.233823,-4.611948,1.0
1904,61.8772,0.1156,0,0.2,0,-2.237591,-4.607165,1.000001
1905,61.9092,0.1319,0,0.2,0,-2.241349,-4.602375,1.000001
1906,61.941,0.1233,0,0.2,0,-2.245095,-4.597578,1.000001
1907,61.9752,0.1234,0,0.2,0,-2.248834,-4.592768,1.000001
1908,62.0104,0.1315,0,0.2,0,-2.252566,-4.587946,1.000001
1909,62.046,0.1156,0,0.2,0,-2.256288,-4.583117,1.000001
1910,62.0774,0.1156,0,0.2,0,-2.259996,-4.578283,1.000001
1911,62.1089,0.0846,0,0.2,0,-2.263695,-4.573441,1.000002
1912,62.1421,0.1239,0,0.2,0,-2.267388,-4.568584,1.000002
1913,62.1724,0.1078,0,0.2,0,-2.271066,-4.563726,1.000002
1914,62.2058,0.1154,0,0.2,0,-2.274736,-4.558856,1.000002
1915,62.2364,0.1003,0,0.2,0,-2.278394,-4.553982,1.000002
1916,62.2713,0.1161,0,0.2,0,-2.282048,-4.549091,1.000003
1917,62.3048,0.0996,0,0.2,0,-2.28569,-4.544194,1.000003
1918,62.3364,0.1313,0,0.2,0,-2.289317,-4.539296,1.000003
1919,62.3697,0.1469,0,0.2,0,-2.29293,-4.534396,1.000003
1920,62.4002,0.1078,0,0.2,0,-2.296529,-4.529492,1.000003
1921,62.4337,0.1309,0,0.2,0,-2.300124,-4.524571,1.000004
1922,62.4664,0.0926,0,0.2,0,-2.303713,-4.519637,1.000004
1923,62.5011,0.1318,0,0.2,0,-2.307293,-4.514692,1.000004
1924,62.5333,0.0856,0,0.2,0,-2.31086,-4.509744,1.000004
1925,62.5651,0.1233,0,0.2,0,-2.314415,-4.504791,1.000004
1926,62.5972,0.0929,0,0.2,0,-2.317962,-4.499826,1.000004
1927,62.6281,0.1161,0,0.2,0,-2.321502,-4.494848,1.000004
1928,62.6612,0.1545,0,0.2,0,-2.32503,-4.489865,1.000004
1929,62.6933,0.1087,0,0.2,0,-2.328545,-4.484878,1.000004
1930,62.7249,0.1465,0,0.2,0,-2.332046,-4.479888,1.000004
1931,62.7617,0.0934,0,0.2,0,-2.335536,-4.474891,1.000004
1932,62.7936,0.1162,0,0.2,0,-2.339016,-4.469885,1.000004
1933,62.8256,0.1232,0,0.2,0,-2.342487,-4.46487,1.000004
1934,62.8566,0.1008,0,0.2,0,-2.345945,-4.45985,1.000004
1935,62.8882,0.1314,0,0.2,0,-2.349394,-4.454822,1.000004
1936,62.9197,0.1155,0,0.2,0,-2.352833,-4.449783,1.000004
1937,62.9526,0.0849,0,0.2,0,-2.356266,-4.44473,1.000004
1938,62.9849,0.0999,0,0.2,0,-2.359693,-4.439663,1.000004
1939,63.0199,0.1079,0,0.2,0,-2.363108,-4.434591,1.000003
1940,63.053,0.0843,0,0.2,0,-2.366502,-4.429526,1.000003
1941,63.0848,0.1232,0,0.2,0,-2.369883,-4.424457,1.000003
1942,63.1191,0.108,0,0.2,0,-2.373256,-4.419377,1.000003
1943,63.1487,0.1159,0,0.2,0,-2.376618,-4.414289,1.000003
1944,63.1811,0.1002,0,0.2,0,-2.379972,-4.409191,1.000003
1945,63.2125,0.1475,0,0.2,0,-2.383312,-4.404088,1.000003
1946,63.2449,0.1005,0,0.2,0,-2.386642,-4.398978,1.000002
1947,63.2796,0.107,0,0.2,0,-2.389957,-4.393866,1.000002
1948,63.3117,0.1239,0,0.2,0,-2.39326,-4.38875,1.000002
1949,63.3493,0.0925,0,0.2,0,-2.396553,-4.383624,1.000002
1950,63.3799,0.1228,0,0.2,0,-2.399836,-4.378489,1.000002
1951,63.4123,0.0925,0,0.2,0,-2.40311,-4.373344,1.000002
1952,63.4462,0.1312,0,0.2,0,-2.406374,-4.36819,1.000001
1953,63.4744,0.0993,0,0.2,0,-2.40963,-4.363025,1.000001
1954,63.505,0.1315,0,0.2,0,-2.412876,-4.357852,1.000001
1955,63.5369,0.1088,0,0.2,0,-2.416113,-4.352667,1.000001
1956,63.5697,0.0921,0,0.2,0,-2.419343,-4.34747,1.0
1957,63.6042,0.1162,0,0.2,0,-2.422565,-4.34226,1.0
1958,63.6404,0.1242,0,0.2,0,-2.425775,-4.337046,1.0
1959,63.6723,0.1315,0,0.2,0,-2.42897,-4.33183,1.0
1960,63.7053,0.093,0,0.2,0,-2.432152,-4.326612,1.0
1961,63.7371,0.108,0,0.2,0,-2.435323,-4.321387,0.999999
1962,63.7677,0.101,0,0.2,0,-2.43848,-4.316158,0.999999
1963,63.8018,0.1085,0,0.2,0,-2.44162,-4.310932,0.999999
1964,63.8323,0.1077,0,0.2,0,-2.444744,-4.30571,0.999999
1965,63.8658,0.1086,0,0.2,0,-2.447853,-4.300485,0.999999
1966,63.9007,0.1317,0,0.2,0,-2.450949,-4.295256,0.999998
1967,63.9332,0.0991,0,0.2,0,-2.454037,-4.290016,0.999998
1968,63.9654,0.1155,0,0.2,0,-2.457118,-4.284762,0.999998
1969,63.997,0.1003,0,0.2,0,-2.460192,-4.279494,0.999998
1970,64.0277,0.124,0,0.2,0,-2.463259,-4.274212,0.999998
1971,64.0607,0.1239,0,0.2,0,-2.466314,-4.268924,0.999997
1972,64.0943,0.1083,0,0.2,0,-2.469358,-4.263629,0.999997
1973,64.125,0.1237,0,0.2,0,-2.472395,-4.258323,0.999997
1974,64.1605,0.0848,0,0.2,0,-2.475421,-4.253007,0.999997
1975,64.1923,0.1243,0,0.2,0,-2.478436,-4.247685,0.999997
1976,64.2242,0.1074,0,0.2,0,-2.481436,-4.242364,0.999997
1977,64.2572,0.123,0,0.2,0,-2.484421,-4.237041,0.999997
1978,64.2882,0.1159,0,0.2,0,-2.487398,-4.231706,0.999997
1979,64.3211,0.1403,0,0.2,0,-2.490364,-4.226365,0.999997
1980,64.3531,0.1089,0,0.2,0,-2.493315,-4.221022,0.999997
1981,64.385,0.1006,0,0.2,0,-2.496257,-4.215668,0.999997
1982,64.4194,0.1164,0,0.2,0,-2.499188,-4.210307,0.999997
1983,64.4525,0.108,0,0.2,0,-2.502107,-4.204942,0.999997
1984,64.4859,0.1,0,0.2,0,-2.505015,-4.199567,0.999997
1985,64.5171,0.1078,0,0.2,0,-2.507911,-4.194188,0.999997
1986,64.5482,0.0841,0,0.2,0,-2.510797,-4.188799,0.999997
1987,64.5795,0.1324,0,0.2,0,-2.513674,-4.183399,0.999997
1988,64.6128,0.0931,0,0.2,0,-2.516536,-4.178,0.999997
1989,64.6457,0.116,0,0.2,0,-2.519381,-4.172605,0.999997
1990,64.6764,0.1075,0,0.2,0,-2.522213,-4.167207,0.999997
1991,64.7133,0.1155,0,0.2,0,-2.525035,-4.161798,0.999997
1992,64.7466,0.1163,0,0.2,0,-2.527849,-4.156378,0.999998
1993,64.7772,0.0924,0,0.2,0,-2.53065,-4.150953,0.999998
1994,64.8092,0.1168,0,0.2,0,-2.533437,-4.145529,0.999998
1995,64.8415,0.1006,0,0.2,0,-2.536209,-4.140103,0.999998
1996,64.8737,0.101,0,0.2,0,-2.538973,-4.134665,0.999998
1997,64.9045,0.1245,0,0.2,0,-2.541727,-4.129219,0.999998
1998,64.9379,0.1159,0,0.2,0,-2.54447,-4.123765,0.999998
1999,64.9712,0.1156,0,0.2,0,-2.547202,-4.118303,0.999998
2000,65.0046,0.1394,0,0.2,0,-2.549925,-4.11283,0.999999
2001,65.0376,0.1,0,0.2,0,-2.552636,-4.107349,0.999999
2002,65.0707,0.1241,0,0.2,0,-2.555333,-4.10187,0.999999
2003,65.1014,0.1084,0,0.2,0,-2.558016,-4.096388,0.999999
2004,65.1332,0.0931,0,0.2,0,-2.560686,-4.090904,0.999999
2005,65.1656,0.1094,0,0.2,0,-2.563347,-4.085406,0.999999
2006,65.2005,0.1161,0,0.2,0,-2.565998,-4.0799,0.999999
2007,65.2342,0.1079,0,0.2,0,-2.568635,-4.074393,0.999999
2008,65.2659,0.0925,0,0.2,0,-2.571259,-4.068882,0.999999
2009,65.2972,0.1161,0,0.2,0,-2.57387,-4.063367,0.999999
2010,65.3269,0.108,0,0.2,0,-2.576472,-4.057842,0.999999
2011,65.3574,0.0925,0,0.2,0,-2.579064,-4.052306,0.999999
2012,65.3905,0.0845,0,0.2,0,-2.581643,-4.046766,1.0
2013,65.4213,0.1162,0,0.2,0,-2.584213,-4.041216,1.0
2014,65.4565,0.0929,0,0.2,0,-2.58677,-4.035661,1.0
2015,65.4891,0.1315,0,0.2,0,-2.589314,-4.030103,1.0
2016,65.521,0.0922,0,0.2,0,-2.591849,-4.024534,1.0
2017,65.553,0.1153,0,0.2,0,-2.594371,-4.01896,1.0
2018,65.5832,0.1161,0,0.2,0,-2.596881,-4.013382,1.0
2019,65.615,0.1164,0,0.2,0,-2.599377,-4.007801,1.0
2020,65.6486,0.1316,0,0.2,0,-2.601862,-4.002214,1.0
2021,65.6803,0.0927,0,0.2,0,-2.604331,-3.99663,1.0
2022,65.7124,0.1084,0,0.2,0,-2.606785,-3.991047,1.0
2023,65.7489,0.1163,0,0.2,0,-2.609224,-3.985465,1.0
2024,65.7836,0.1395,0,0.2,0,-2.611654,-3.97987,1.0
2025,65.8156,0.0921,0,0.2,0,-2.614076,-3.97426,1.0
2026,65.849,0.1155,0,0.2,0,-2.616488,-3.968641,1.0
2027,65.8805,0.0848,0,0.2,0,-2.618889,-3.963015,1.0
2028,65.9124,0.1317,0,0.2,0,-2.621278,-3.957381,1.0
2029,65.9451,0.1006,0,0.2,0,-2.623652,-3.951749,1.0
2030,65.976,0.1153,0,0.2,0,-2.626014,-3.946113,1.0
2031,66.0091,0.0924,0,0.2,0,-2.628361,-3.940478,1.0
2032,66.041,0.0931,0,0.2,0,-2.630697,-3.934836,1.0
2033,66.0736,0.0775,0,0.2,0,-2.633023,-3.929183,1.0
2034,66.1084,0.1079,0,0.2,0,-2.635341,-3.923516,1.0
2035,66.1442,0.0772,0,0.2,0,-2.637648,-3.917841,1.0
2036,66.1761,0.1075,0,0.2,0,-2.639942,-3.912161,1.0
2037,66.2093,0.1008,0,0.2,0,-2.64222,-3.906486,1.0
2038,66.2413,0.1238,0,0.2,0,-2.644479,-3.900823,1.0
2039,66.2716,0.1238,0,0.2,0,-2.646722,-3.895163,1.0
2040,66.3045,0.1002,0,0.2,0,-2.648953,-3.889497,1.0
2041,66.3364,0.1224,0,0.2,0,-2.651174,-3.883821,1.0
2042,66.3704,0.1166,0,0.2,0,-2.653387,-3.878129,1.0
2043,66.4059,0.101,0,0.2,0,-2.655588,-3.87243,1.0
2044,66.4373,0.1244,0,0.2,0,-2.657777,-3.866727,1.0
2045,66.4698,0.0933,0,0.2,0,-2.659952,-3.861023,1.0
2046,66.5014,0.0926,0,0.2,0,-2.662112,-3.855319,1.0
2047,66.5304,0.1078,0,0.2,0,-2.664257,-3.849621,1.0
2048,66.5638,0.1083,0,0.2,0,-2.666388,-3.843923,1.0
2049,66.598,0.1246,0,0.2,0,-2.668506,-3.838219,1.0
2050,66.6288,0.1077,0,0.2,0,-2.670617,-3.8325,1.0
2051,66.6632,0.1147,0,0.2,0,-2.672719,-3.826762,1.0
2052,66.6991,0.0918,0,0.2,0,-2.674813,-3.821011,1.0
2053,66.7289,0.116,0,0.2,0,-2.676894,-3.815258,1.0
2054,66.762,0.117,0,0.2,0,-2.678961,-3.809504,1.0
2055,66.7937,0.1095,0,0.2,0,-2.681013,-3.803756,0.999999
2056,66.823,0.0775,0,0.2,0,-2.683049,-3.798011,0.999999
2057,66.8571,0.1083,0,0.2,0,-2.685072,-3.792265,0.999999
2058,66.8901,0.0767,0,0.2,0,-2.687081,-3.786517,0.999999
2059,66.9207,0.1076,0,0.2,0,-2.68908,-3.78076,0.999999
2060,66.9526,0.1085,0,0.2,0,-2.691068,-3.774993,0.999999
2061,66.9893,0.1155,0,0.2,0,-2.693046,-3.769214,0.999999
2062,67.0238,0.1151,0,0.2,0,-2.695013,-3.763424,0.999999
2063,67.0575,0.0994,0,0.2,0,-2.696968,-3.757629,0.999999
2064,67.0892,0.1154,0,0.2,0,-2.698909,-3.751836,0.999999
2065,67.1195,0.1317,0,0.2,0,-2.700834,-3.746047,0.999999
2066,67.1529,0.1012,0,0.2,0,-2.702743,-3.740263,0.999999
2067,67.1823,0.0848,0,0.2,0,-2.704638,-3.734485,0.999999
2068,67.2131,0.0696,0,0.2,0,-2.706518,-3.728705,0.999999
2069,67.2449,0.0934,0,0.2,0,-2.708387,-3.722921,0.999999
2070,67.2753,0.0851,0,0.2,0,-2.710245,-3.717125,0.999998
2071,67.3094,0.1094,0,0.2,0,-2.712093,-3.711318,0.999998
2072,67.3469,0.101,0,0.2,0,-2.713929,-3.705505,0.999998
2073,67.3778,0.0994,0,0.2,0,-2.715754,-3.699684,0.999998
2074,67.41,0.1316,0,0.2,0,-2.717567,-3.693856,0.999998
2075,67.442,0.1232,0,0.2,0,-2.719367,-3.688027,0.999998
2076,67.4712,0.115,0,0.2,0,-2.721154,-3.682194,0.999998
2077,67.5048,0.1009,0,0.2,0,-2.722928,-3.67636,0.999998
2078,67.5353,0.1161,0,0.2,0,-2.724685,-3.670535,0.999998
2079,67.5692,0.1073,0,0.2,0,-2.726426,-3.664717,0.999998
2080,67.6047,0.108,0,0.2,0,-2.728153,-3.6589,0.999998
2081,67.6378,0.0923,0,0.2,0,-2.729867,-3.653083,0.999998
2082,67.6699,0.0921,0,0.2,0,-2.731568,-3.647263,0.999998
2083,67.7007,0.0855,0,0.2,0,-2.733257,-3.641436,0.999998
2084,67.7309,0.1087,0,0.2,0,-2.734935,-3.635606,0.999998
2085,67.7642,0.0927,0,0.2,0,-2.736599,-3.629773,0.999998
2086,67.7978,0.0695,0,0.2,0,-2.738253,-3.62393,0.999998
2087,67.8296,0.1007,0,0.2,0,-2.739897,-3.618077,0.999998
2088,67.8625,0.077,0,0.2,0,-2.741529,-3.612214,0.999998
2089,67.8972,0.1003,0,0.2,0,-2.743153,-3.606335,0.999998
2090,67.9296,0.1233,0,0.2,0,-2.744765,-3.600448,0.999998
2091,67.9615,0.1004,0,0.2,0,-2.746363,-3.594561,0.999998
2092,67.9946,0.1152,0,0.2,0,-2.747946,-3.58868,0.999998
2093,68.0258,0.1153,0,0.2,0,-2.749515,-3.582799,0.999998
2094,68.0565,0.1155,0,0.2,0,-2.751069,-3.576921,0.999998
2095,68.0881,0.1004,0,0.2,0,-2.752609,-3.571048,0.999999
2096,68.121,0.1003,0,0.2,0,-2.754133,-3.565183,0.999999
2097,68.1579,0.1241,0,0.2,0,-2.755643,-3.559321,0.999999
2098,68.1924,0.0847,0,0.2,0,-2.757139,-3.553462,0.999999
2099,68.2262,0.0999,0,0.2,0,-2.758622,-3.547602,0.999999
2100,68.2607,0.0767,0,0.2,0,-2.760094,-3.541733,0.999999
2101,68.2944,0.0611,0,0.2,0,-2.761559,-3.535837,0.999999
2102,68.3249,0.1164,0,0.2,0,-2.763016,-3.529919,0.999999
2103,68.3571,0.0854,0,0.2,0,-2.764463,-3.52399,0.999999
2104,68.3902,0.0781,0,0.2,0,-2.765896,-3.518063,0.999999
2105,68.4188,0.0847,0,0.2,0,-2.767315,-3.512138,0.999999
2106,68.4487,0.0924,0,0.2,0,-2.768721,-3.506214,0.999999
2107,68.4811,0.123,0,0.2,0,-2.770114,-3.500287,0.999999
2108,68.5125,0.1314,0,0.2,0,-2.771496,-3.494352,0.999999
2109,68.545,0.1546,0,0.2,0,-2.772866,-3.488407,0.999999
2110,68.5787,0.1086,0,0.2,0,-2.774223,-3.482464,0.999999
2111,68.6138,0.1168,0,0.2,0,-2.775566,-3.476526,0.999999
2112,68.6501,0.1085,0,0.2,0,-2.776891,-3.470606,0.999999
2113,68.6815,0.0922,0,0.2,0,-2.778199,-3.4647,0.999999
2114,68.7137,0.1077,0,0.2,0,-2.779491,-3.458806,0.999999
2115,68.7449,0.1078,0,0.2,0,-2.78077,-3.452912,0.999999
2116,68.7759,0.1315,0,0.2,0,-2.782037,-3.447011,0.999999
2117,68.8096,0.1094,0,0.2,0,-2.783293,-3.441098,0.999999
2118,68.8422,0.109,0,0.2,0,-2.784537,-3.435179,1.0
2119,68.8747,0.0767,0,0.2,0,-2.785769,-3.429253,1.0
2120,68.9088,0.0921,0,0.2,0,-2.786989,-3.423321,1.0
2121,68.9415,0.069,0,0.2,0,-2.788198,-3.417379,1.0
2122,68.9729,0.0766,0,0.2,0,-2.789397,-3.411422,1.0
2123,69.0026,0.0772,0,0.2,0,-2.790588,-3.405442,1.0
2124,69.03,0.0779,0,0.2,0,-2.79177,-3.399434,1.0
2125,69.0603,0.1014,0,0.2,0,-2.792945,-3.393401,1.0
2126,69.0932,0.0858,0,0.2,0,-2.794108,-3.387354,0.999999
2127,69.1276,0.0621,0,0.2,0,-2.795258,-3.381313,0.999999
2128,69.1609,0.0856,0,0.2,0,-2.796391,-3.375289,0.999999
2129,69.1967,0.0931,0,0.2,0,-2.797507,-3.369282,0.999999
2130,69.2281,0.116,0,0.2,0,-2.798608,-3.363284,0.999999
2131,69.2614,0.1154,0,0.2,0,-2.799695,-3.357289,0.999999
2132,69.2948,0.1155,0,0.2,0,-2.800769,-3.351292,0.999999
2133,69.3231,0.1318,0,0.2,0,-2.801831,-3.345291,0.999999
2134,69.3574,0.1001,0,0.2,0,-2.80288,-3.339288,0.999999
2135,69.3885,0.1159,0,0.2,0,-2.803915,-3.333293,0.999999
2136,69.4216,0.116,0,0.2,0,-2.804933,-3.327316,0.999999
2137,69.4575,0.1079,0,0.2,0,-2.805935,-3.321356,0.999999
2138,69.4893,0.1077,0,0.2,0,-2.806922,-3.315407,0.999999
2139,69.5211,0.1544,0,0.2,0,-2.807896,-3.309457,0.999999
2140,69.5529,0.1456,0,0.2,0,-2.808859,-3.303501,0.999999
2141,69.5845,0.1619,0,0.2,0,-2.80981,-3.297532,0.999999
2142,69.614,0.1458,0,0.2,0,-2.810752,-3.291546,0.999999
2143,69.6499,0.1538,0,0.2,0,-2.811683,-3.285545,0.999999
2144,69.6803,0.1223,0,0.2,0,-2.812603,-3.279536,0.999999
2145,69.7153,0.1231,0,0.2,0,-2.813509,-3.273525,0.999999
2146,69.7499,0.1151,0,0.2,0,-2.814403,-3.267518,0.999999
2147,69.7816,0.1157,0,0.2,0,-2.815283,-3.261517,0.999999
2148,69.8132,0.1001,0,0.2,0,-2.81615,-3.255521,0.999999
2149,69.8442,0.1077,0,0.2,0,-2.817003,-3.24953,0.999999
2150,69.878,0.1243,0,0.2,0,-2.817844,-3.243547,0.999999
2151,69.9089,0.1161,0,0.2,0,-2.818671,-3.237567,0.999999
2152,69.942,0.1081,0,0.2,0,-2.819487,-3.231583,0.999999
2153,69.9753,0.1314,0,0.2,0,-2.820291,-3.225593,0.999999
2154,70.0083,0.1314,0,0.2,0,-2.821083,-3.219596,0.999999
2155,70.0463,0.1069,0,0.2,0,-2.821864,-3.213589,0.999999
2156,70.0803,0.1151,0,0.2,0,-2.822634,-3.207571,0.999999
2157,70.1135,0.0997,0,0.2,0,-2.823393,-3.201538,0.999999
2158,70.146,0.1158,0,0.2,0,-2.82414,-3.195493,0.999999
2159,70.1764,0.092,0,0.2,0,-2.824876,-3.189438,0.999999
2160,70.2093,0.1087,0,0.2,0,-2.8256,-3.18338,0.999999
2161,70.2411,0.1238,0,0.2,0,-2.82631,-3.177328,0.999999
2162,70.2744,0.0918,0,0.2,0,-2.827006,-3.171286,0.999999
2163,70.3089,0.1153,0,0.2,0,-2.827688,-3.165255,0.999999
2164,70.3406,0.1159,0,0.2,0,-2.828355,-3.159235,0.999999
2165,70.3733,0.1152,0,0.2,0,-2.829009,-3.15322,0.999999
2166,70.4054,0.13,0,0.2,0,-2.829649,-3.147207,0.999999
2167,70.4375,0.1545,0,0.2,0,-2.830276,-3.141192,0.999999
2168,70.4689,0.1379,0,0.2,0,-2.830891,-3.135169,0.999999
2169,70.501,0.1773,0,0.2,0,-2.831494,-3.129132,0.999999
2170,70.5337,0.1933,0,0.2,0,-2.832086,-3.12308,0.999999
2171,70.5678,0.2171,0,0.2,0,-2.832666,-3.117015,0.999999
2172,70.602,0.1701,0,0.2,0,-2.833234,-3.110946,0.999999
2173,70.6361,0.1454,0,0.2,0,-2.833791,-3.104872,0.999999
2174,70.6667,0.1456,0,0.2,0,-2.834334,-3.098794,0.999999
2175,70.7011,0.1537,0,0.2,0,-2.834866,-3.092718,0.999999
2176,70.7334,0.1537,0,0.2,0,-2.835385,-3.086642,0.999999
2177,70.7627,0.1622,0,0.2,0,-2.835891,-3.080566,0.999999
2178,70.7926,0.1625,0,0.2,0,-2.836384,-3.074494,0.999999
2179,70.8255,0.1629,0,0.2,0,-2.836864,-3.068426,0.999999
2180,70.8574,0.1468,0,0.2,0,-2.837331,-3.062358,0.999999
2181,70.8934,0.1153,0,0.2,0,-2.837785,-3.056289,0.999999
2182,70.9283,0.1548,0,0.2,0,-2.838227,-3.050217,0.999999
2183,70.9603,0.1549,0,0.2,0,-2.838656,-3.044143,0.999999
2184,70.9939,0.1715,0,0.2,0,-2.839073,-3.038071,1.0
2185,71.0259,0.1556,0,0.2,0,-2.839476,-3.032009,1.0
2186,71.0575,0.1151,0,0.2,0,-2.839865,-3.025959,1.0
2187,71.0881,0.1389,0,0.2,0,-2.840241,-3.019924,1.0
2188,71.1209,0.1399,0,0.2,0,-2.840604,-3.013902,1.0
2189,71.1526,0.1238,0,0.2,0,-2.840953,-3.007885,1.0
2190,71.1866,0.1318,0,0.2,0,-2.841291,-3.001867,1.0
2191,71.2201,0.1241,0,0.2,0,-2.841616,-2.995843,1.0
2192,71.2546,0.1242,0,0.2,0,-2.841929,-2.989809,1.0
2193,71.2855,0.1481,0,0.2,0,-2.842231,-2.983764,1.0
2194,71.3173,0.1556,0,0.2,0,-2.84252,-2.977705,1.0
2195,71.3491,0.1647,0,0.2,0,-2.842798,-2.971631,1.0
2196,71.3815,0.164,0,0.2,0,-2.843064,-2.965541,1.0
2197,71.4148,0.1557,0,0.2,0,-2.843318,-2.959441,1.0
2198,71.4485,0.1323,0,0.2,0,-2.843559,-2.95334,1.0
2199,71.4832,0.1007,0,0.2,0,-2.843787,-2.947243,1.0
2200,71.5148,0.0928,0,0.2,0,-2.844002,-2.941157,1.0
2201,71.549,0.0698,0,0.2,0,-2.844203,-2.935084,1.0
2202,71.5822,0.0535,0,0.2,0,-2.844392,-2.929019,1.0
2203,71.6132,0.045,0,0.2,0,-2.844566,-2.922963,1.0
2204,71.6448,0.0533,0,0.2,0,-2.844728,-2.916911,1.0
2205,71.6742,0.0613,0,0.2,0,-2.844876,-2.91086,1.0
2206,71.706,0.0846,0,0.2,0,-2.845011,-2.904806,1.0
2207,71.7376,0.0769,0,0.2,0,-2.845133,-2.898744,1.0
2208,71.768,0.1005,0,0.2,0,-2.845241,-2.892669,1.0
2209,71.8017,0.1241,0,0.2,0,-2.845336,-2.886575,1.0
2210,71.8348,0.1323,0,0.2,0,-2.845418,-2.880457,1.0
2211,71.8692,0.1246,0,0.2,0,-2.845486,-2.874313,1.0
2212,71.9055,0.1486,0,0.2,0,-2.84554,-2.868147,0.999999
2213,71.9375,0.1322,0,0.2,0,-2.845579,-2.861975,0.999999
2214,71.9711,0.1245,0,0.2,0,-2.845604,-2.855811,0.999999
2215,72.0053,0.1248,0,0.2,0,-2.845615,-2.849671,0.999999
2216,72.0356,0.1323,0,0.2,0,-2.845612,-2.843567,0.999999
2217,72.065,0.1396,0,0.2,0,-2.845594,-2.837507,0.999999
2218,72.0977,0.1316,0,0.2,0,-2.845564,-2.831494,0.999999
2219,72.1296,0.1244,0,0.2,0,-2.84552,-2.825521,0.999998
2220,72.1615,0.1005,0,0.2,0,-2.845464,-2.819579,0.999998
2221,72.192,0.1091,0,0.2,0,-2.845396,-2.813655,0.999997
2222,72.2277,0.1017,0,0.2,0,-2.845316,-2.807736,0.999997
2223,72.261,0.0856,0,0.2,0,-2.845224,-2.801811,0.999997
2224,72.2976,0.0621,0,0.2,0,-2.84512,-2.795873,0.999996
2225,72.33,0.0546,0,0.2,0,-2.845005,-2.789915,0.999996
2226,72.3615,0.0546,0,0.2,0,-2.844878,-2.783931,0.999996
2227,72.3932,0.047,0,0.2,0,-2.844739,-2.777919,0.999996
2228,72.422,0.0856,0,0.2,0,-2.844588,-2.771875,0.999995
2229,72.4572,0.0699,0,0.2,0,-2.844424,-2.7658,0.999995
2230,72.4896,0.0707,0,0.2,0,-2.844248,-2.759694,0.999995
2231,72.5207,0.094,0,0.2,0,-2.844058,-2.753564,0.999995
2232,72.5581,0.0865,0,0.2,0,-2.843853,-2.747415,0.999994
2233,72.5886,0.1008,0,0.2,0,-2.843635,-2.741254,0.999994
2234,72.6217,0.1239,0,0.2,0,-2.843402,-2.735091,0.999994
2235,72.6535,0.1314,0,0.2,0,-2.843155,-2.728933,0.999994
2236,72.6829,0.1005,0,0.2,0,-2.842893,-2.722787,0.999994
2237,72.7149,0.0854,0,0.2,0,-2.842617,-2.716662,0.999993
2238,72.7491,0.0776,0,0.2,0,-2.842328,-2.710565,0.999993
2239,72.7807,0.0781,0,0.2,0,-2.842026,-2.704494,0.999993
2240,72.8138,0.0936,0,0.2,0,-2.841711,-2.698444,0.999993
2241,72.8495,0.1015,0,0.2,0,-2.841383,-2.692412,0.999993
2242,72.8843,0.1092,0,0.2,0,-2.841042,-2.686395,0.999993
2243,72.9148,0.0933,0,0.2,0,-2.840689,-2.680385,0.999993
2244,72.9489,0.0938,0,0.2,0,-2.840323,-2.674372,0.999993
2245,72.981,0.1164,0,0.2,0,-2.839944,-2.66835,0.999993
2246,73.0144,0.1158,0,0.2,0,-2.839552,-2.662315,0.999993
2247,73.0452,0.1012,0,0.2,0,-2.839147,-2.656268,0.999993
2248,73.076,0.0936,0,0.2,0,-2.838729,-2.65021,0.999993
2249,73.1088,0.1015,0,0.2,0,-2.838297,-2.644141,0.999994
2250,73.1407,0.1092,0,0.2,0,-2.837852,-2.638068,0.999994
2251,73.174,0.1247,0,0.2,0,-2.837395,-2.631998,0.999994
2252,73.2123,0.1409,0,0.2,0,-2.836926,-2.625939,0.999994
2253,73.2411,0.1179,0,0.2,0,-2.836444,-2.619895,0.999994
2254,73.2719,0.1181,0,0.2,0,-2.83595,-2.613867,0.999995
2255,73.3059,0.1028,0,0.2,0,-2.835445,-2.607859,0.999995
2256,73.3352,0.1031,0,0.2,0,-2.834928,-2.601868,0.999995
2257,73.3674,0.0941,0,0.2,0,-2.834398,-2.595893,0.999995
2258,73.4008,0.1404,0,0.2,0,-2.833857,-2.589926,0.999996
2259,73.433,0.14,0,0.2,0,-2.833302,-2.58396,0.999996
2260,73.4666,0.1091,0,0.2,0,-2.832734,-2.577989,0.999996
2261,73.5,0.1093,0,0.2,0,-2.832152,-2.572007,0.999997
2262,73.5345,0.1011,0,0.2,0,-2.831557,-2.566011,0.999997
2263,73.5652,0.1094,0,0.2,0,-2.830947,-2.560002,0.999997
2264,73.5972,0.1089,0,0.2,0,-2.830324,-2.553981,0.999997
2265,73.6277,0.0782,0,0.2,0,-2.829687,-2.547949,0.999998
2266,73.6568,0.078,0,0.2,0,-2.829036,-2.541907,0.999998
2267,73.6887,0.0628,0,0.2,0,-2.828372,-2.535857,0.999998
2268,73.7203,0.0705,0,0.2,0,-2.827694,-2.529806,0.999999
2269,73.7512,0.0701,0,0.2,0,-2.827004,-2.523759,0.999999
2270,73.7863,0.0776,0,0.2,0,-2.826301,-2.517719,0.999999
2271,73.8217,0.0701,0,0.2,0,-2.825585,-2.511688,1.0
2272,73.8575,0.0542,0,0.2,0,-2.824858,-2.505671,1.0
2273,73.8884,0.0542,0,0.2,0,-2.824119,-2.499669,1.0
2274,73.9207,0.0845,0,0.2,0,-2.823368,-2.493674,1.0
2275,73.9527,0.0841,0,0.2,0,-2.822603,-2.487681,1.000001
2276,73.9833,0.0767,0,0.2,0,-2.821825,-2.481682,1.000001
2277,74.0154,0.077,0,0.2,0,-2.821031,-2.47567,1.000001
2278,74.0489,0.0773,0,0.2,0,-2.820222,-2.469642,1.000002
2279,74.0819,0.0775,0,0.2,0,-2.819399,-2.463601,1.000002
2280,74.1152,0.0929,0,0.2,0,-2.818561,-2.457553,1.000002
2281,74.1483,0.0931,0,0.2,0,-2.81771,-2.451506,1.000002
2282,74.1818,0.0778,0,0.2,0,-2.816848,-2.445469,1.000003
2283,74.213,0.1013,0,0.2,0,-2.815973,-2.43944,1.000003
2284,74.2451,0.0859,0,0.2,0,-2.815086,-2.433416,1.000003
2285,74.2747,0.1013,0,0.2,0,-2.814186,-2.427397,1.000003
2286,74.3072,0.1087,0,0.2,0,-2.813274,-2.421382,1.000003
2287,74.3418,0.1246,0,0.2,0,-2.812348,-2.41537,1.000004
2288,74.3731,0.0848,0,0.2,0,-2.81141,-2.409359,1.000004
2289,74.4096,0.0844,0,0.2,0,-2.810457,-2.403344,1.000004
2290,74.4423,0.0767,0,0.2,0,-2.80949,-2.397323,1.000004
2291,74.4738,0.0768,0,0.2,0,-2.80851,-2.391299,1.000004
2292,74.5064,0.0925,0,0.2,0,-2.807517,-2.38528,1.000004
2293,74.5349,0.0847,0,0.2,0,-2.806513,-2.37927,1.000005
2294,74.5669,0.0772,0,0.2,0,-2.805497,-2.373265,1.000005
2295,74.6008,0.1006,0,0.2,0,-2.804468,-2.367265,1.000005
2296,74.6424,0.0694,0,0.2,0,-2.803428,-2.361269,1.000005
2297,74.6849,0.0691,0,0.2,0,-2.802376,-2.355279,1.000005
2298,74.718,0.069,0,0.2,0,-2.801312,-2.349294,1.000005
2299,74.7492,0.0845,0,0.2,0,-2.800234,-2.343307,1.000005
2300,74.7799,0.0531,0,0.2,0,-2.799144,-2.337321,1.000005
2301,74.8107,0.0606,0,0.2,0,-2.798041,-2.331337,1.000005
2302,74.8426,0.0605,0,0.2,0,-2.796926,-2.325357,1.000005
2303,74.8712,0.0448,0,0.2,0,-2.795798,-2.319379,1.000005
2304,74.907,0.0759,0,0.2,0,-2.794658,-2.313405,1.000005
2305,74.9375,0.0606,0,0.2,0,-2.793506,-2.307434,1.000005
2306,74.9702,0.0684,0,0.2,0,-2.792342,-2.301463,1.000005
2307,75.0053,0.0528,0,0.2,0,-2.791165,-2.295494,1.000005
2308,75.039,0.0527,0,0.2,0,-2.789974,-2.289521,1.000005
2309,75.0706,0.0693,0,0.2,0,-2.78877,-2.283546,1.000005
2310,75.1009,0.1,0,0.2,0,-2.787553,-2.277574,1.000005
2311,75.1343,0.0916,0,0.2,0,-2.786325,-2.271607,1.000005
2312,75.1634,0.0843,0,0.2,0,-2.785084,-2.265646,1.000005
2313,75.1972,0.0842,0,0.2,0,-2.783832,-2.259691,1.000005
2314,75.2293,0.1001,0,0.2,0,-2.782568,-2.25374,1.000005
2315,75.2648,0.0618,0,0.2,0,-2.78129,-2.247792,1.000005
2316,75.2986,0.1002,0,0.2,0,-2.78,-2.241844,1.000005
2317,75.3305,0.061,0,0.2,0,-2.778697,-2.2359,1.000005
2318,75.3609,0.0684,0,0.2,0,-2.77738,-2.229957,1.000005
2319,75.3935,0.1075,0,0.2,0,-2.776051,-2.224015,1.000005
2320,75.4265,0.0923,0,0.2,0,-2.774709,-2.218076,1.000004
2321,75.4644,0.0685,0,0.2,0,-2.773354,-2.212144,1.000004
2322,75.4935,0.0766,0,0.2,0,-2.771986,-2.206214,1.000004
2323,75.5238,0.0528,0,0.2,0,-2.770606,-2.200284,1.000004
2324,75.5569,0.029,0,0.2,0,-2.769212,-2.194359,1.000004
2325,75.5883,0.0523,0,0.2,0,-2.767806,-2.188436,1.000004
2326,75.6195,0.0596,0,0.2,0,-2.766387,-2.182513,1.000004
2327,75.6537,0.0761,0,0.2,0,-2.764954,-2.176589,1.000004
2328,75.6864,0.0765,0,0.2,0,-2.763508,-2.170669,1.000004
2329,75.7198,0.0842,0,0.2,0,-2.762051,-2.164755,1.000003
2330,75.755,0.0618,0,0.2,0,-2.760582,-2.15885,1.000003
2331,75.7891,0.1168,0,0.2,0,-2.759101,-2.152947,1.000003
2332,75.8184,0.0858,0,0.2,0,-2.757607,-2.147047,1.000003
2333,75.8489,0.1086,0,0.2,0,-2.7561,-2.14115,1.000003
2334,75.8802,0.0929,0,0.2,0,-2.75458,-2.135256,1.000003
2335,75.9138,0.1166,0,0.2,0,-2.753048,-2.129362,1.000003
2336,75.9465,0.1172,0,0.2,0,-2.751502,-2.123471,1.000003
2337,75.9784,0.0927,0,0.2,0,-2.749945,-2.117587,1.000002
2338,76.0132,0.0848,0,0.2,0,-2.748374,-2.111705,1.000002
2339,76.0459,0.0922,0,0.2,0,-2.746789,-2.105819,1.000002
2340,76.0776,0.0683,0,0.2,0,-2.745189,-2.09993,1.000002
2341,76.1123,0.0606,0,0.2,0,-2.743576,-2.094042,1.000002
2342,76.1413,0.053,0,0.2,0,-2.741951,-2.088156,1.000002
2343,76.1729,0.0526,0,0.2,0,-2.740314,-2.082282,1.000002
2344,76.2068,0.0531,0,0.2,0,-2.73867,-2.076426,1.000002
2345,76.2373,0.0607,0,0.2,0,-2.737015,-2.07058,1.000002
2346,76.2712,0.0607,0,0.2,0,-2.735347,-2.06474,1.000001
2347,76.3056,0.0763,0,0.2,0,-2.733667,-2.058903,1.000001
2348,76.3409,0.0996,0,0.2,0,-2.731973,-2.053064,1.000001
2349,76.373,0.0772,0,0.2,0,-2.730264,-2.047218,1.000001
2350,76.405,0.0929,0,0.2,0,-2.72854,-2.04137,1.000001
2351,76.4401,0.1006,0,0.2,0,-2.726804,-2.035526,1.000001
2352,76.4696,0.117,0,0.2,0,-2.725055,-2.029686,1.000001
2353,76.5012,0.1088,0,0.2,0,-2.723294,-2.02385,1.000001
2354,76.5332,0.1315,0,0.2,0,-2.721521,-2.018018,1.000001
2355,76.5663,0.0854,0,0.2,0,-2.719732,-2.012181,1.000001
2356,76.6027,0.077,0,0.2,0,-2.717932,-2.006351,1.000001
2357,76.6343,0.0603,0,0.2,0,-2.71612,-2.000532,1.000001
2358,76.6659,0.0679,0,0.2,0,-2.714299,-1.994724,1.000001
2359,76.6974,0.0679,0,0.2,0,-2.712469,-1.988933,1.000001
2360,76.7278,0.0446,0,0.2,0,-2.71063,-1.983159,1.000001
2361,76.7632,0.0755,0,0.2,0,-2.70878,-1.97739,1.000001
2362,76.7934,0.0686,0,0.2,0,-2.706913,-1.971614,1.000001
2363,76.8262,0.1002,0,0.2,0,-2.70503,-1.965829,1.000001
2364,76.862,0.0929,0,0.2,0,-2.703131,-1.960039,1.000001
2365,76.8974,0.0927,0,0.2,0,-2.701218,-1.954247,1.000001
2366,76.9287,0.1167,0,0.2,0,-2.699292,-1.948457,1.0
2367,76.9621,0.1094,0,0.2,0,-2.697354,-1.94267,1.0
2368,76.9947,0.1006,0,0.2,0,-2.695402,-1.936884,1.0
2369,77.023,0.0857,0,0.2,0,-2.693439,-1.931104,1.0
2370,77.0526,0.0772,0,0.2,0,-2.691463,-1.925331,1.0
2371,77.0836,0.0842,0,0.2,0,-2.689476,-1.919564,1.0
2372,77.116,0.0458,0,0.2,0,-2.687479,-1.913809,1.0
2373,77.1493,0.0607,0,0.2,0,-2.685473,-1.90807,1.0
2374,77.1831,0.0761,0,0.2,0,-2.683458,-1.902345,1.0
2375,77.218,0.0996,0,0.2,0,-2.681431,-1.896625,1.0
2376,77.249,0.0849,0,0.2,0,-2.679387,-1.890898,1.0
2377,77.2821,0.108,0,0.2,0,-2.677327,-1.885165,1.0
2378,77.3143,0.101,0,0.2,0,-2.675255,-1.879434,1.0
2379,77.3456,0.0999,0,0.2,0,-2.673169,-1.873706,1.0
2380,77.3788,0.0928,0,0.2,0,-2.67107,-1.867979,1.0
2381,77.4154,0.1242,0,0.2,0,-2.668957,-1.862255,1.0
2382,77.4452,0.1086,0,0.2,0,-2.666833,-1.856536,1.0
2383,77.4759,0.0936,0,0.2,0,-2.664697,-1.850824,1.0
2384,77.5058,0.1004,0,0.2,0,-2.662555,-1.84513,1.0
2385,77.5372,0.0916,0,0.2,0,-2.660403,-1.839451,1.0
2386,77.569,0.0989,0,0.2,0,-2.658241,-1.833781,1.0
2387,77.6008,0.076,0,0.2,0,-2.656065,-1.82811,1.0
2388,77.6362,0.0855,0,0.2,0,-2.653873,-1.822435,1.0
2389,77.6685,0.0853,0,0.2,0,-2.651664,-1.816754,1.0
2390,77.7059,0.1003,0,0.2,0,-2.649444,-1.811077,1.0
2391,77.743,0.0774,0,0.2,0,-2.647209,-1.805401,1.0
2392,77.7737,0.1168,0,0.2,0,-2.644965,-1.799735,1.0
2393,77.8057,0.0771,0,0.2,0,-2.642711,-1.794081,1.0
2394,77.8374,0.0856,0,0.2,0,-2.640447,-1.788436,1.0
2395,77.8669,0.0849,0,0.2,0,-2.638172,-1.782798,1.0
2396,77.8976,0.0837,0,0.2,0,-2.635884,-1.777164,1.0
2397,77.9281,0.0605,0,0.2,0,-2.633583,-1.771532,1.0
2398,77.9616,0.1008,0,0.2,0,-2.631269,-1.765903,1.0
2399,77.9984,0.069,0,0.2,0,-2.628944,-1.760282,1.0
2400,78.0297,0.1233,0,0.2,0,-2.626607,-1.754664,1.0
2401,78.0626,0.0919,0,0.2,0,-2.624257,-1.749051,1.0
2402,78.0935,0.1166,0,0.2,0,-2.621894,-1.743441,1.0
2403,78.1231,0.0776,0,0.2,0,-2.61952,-1.737836,1.0
2404,78.1583,0.1161,0,0.2,0,-2.617134,-1.732238,1.0
2405,78.1899,0.1157,0,0.2,0,-2.614737,-1.726647,1.0
2406,78.2219,0.0844,0,0.2,0,-2.612329,-1.721064,1.0
2407,78.2566,0.0838,0,0.2,0,-2.609907,-1.71548,1.000001
2408,78.2892,0.1003,0,0.2,0,-2.607471,-1.709898,1.000001
2409,78.3207,0.1003,0,0.2,0,-2.605025,-1.704326,1.000001
2410,78.3535,0.0923,0,0.2,0,-2.60257,-1.698765,1.000001
2411,78.3843,0.1161,0,0.2,0,-2.600102,-1.693209,1.000001
2412,78.4152,0.1075,0,0.2,0,-2.597622,-1.687656,1.000001
2413,78.4508,0.1011,0,0.2,0,-2.595126,-1.6821,1.000001
2414,78.4809,0.085,0,0.2,0,-2.592616,-1.676545,1.000001
2415,78.5141,0.0997,0,0.2,0,-2.590093,-1.670994,1.000001
2416,78.5455,0.0689,0,0.2,0,-2.587559,-1.665449,1.000001
2417,78.5771,0.061,0,0.2,0,-2.585014,-1.659913,1.000001
2418,78.609,0.0847,0,0.2,0,-2.58246,-1.654388,1.000001
2419,78.6449,0.0999,0,0.2,0,-2.579895,-1.648869,1.000001
2420,78.6775,0.0845,0,0.2,0,-2.577317,-1.643355,1.000001
2421,78.7124,0.1081,0,0.2,0,-2.574728,-1.637847,1.000001
2422,78.7418,0.1007,0,0.2,0,-2.572125,-1.632342,1.000001
2423,78.772,0.0924,0,0.2,0,-2.569511,-1.626843,1.000001
2424,78.8052,0.0919,0,0.2,0,-2.566884,-1.621346,1.000001
2425,78.8378,0.0997,0,0.2,0,-2.564246,-1.615857,1.000001
2426,78.8702,0.0842,0,0.2,0,-2.5616,-1.610382,1.000001
2427,78.9051,0.0776,0,0.2,0,-2.558945,-1.604916,1.000001
2428,78.9382,0.1079,0,0.2,0,-2.556276,-1.599453,1.000001
2429,78.9696,0.1,0,0.2,0,-2.553593,-1.593992,1.000001
2430,79.0011,0.1242,0,0.2,0,-2.550897,-1.588532,1.000001
2431,79.0334,0.1153,0,0.2,0,-2.548192,-1.583084,1.000001
2432,79.0639,0.1089,0,0.2,0,-2.545476,-1.577644,1.000001
2433,79.0963,0.1001,0,0.2,0,-2.542748,-1.572209,1.000001
2434,79.1301,0.0836,0,0.2,0,-2.540009,-1.56678,1.000001
2435,79.1642,0.0692,0,0.2,0,-2.537258,-1.561359,1.000001
2436,79.1973,0.1079,0,0.2,0,-2.534497,-1.555946,1.000001
2437,79.2301,0.1079,0,0.2,0,-2.531722,-1.550534,1.000001
2438,79.262,0.1085,0,0.2,0,-2.528932,-1.54512,1.000001
2439,79.2942,0.1162,0,0.2,0,-2.526125,-1.539704,1.000001
2440,79.3239,0.0608,0,0.2,0,-2.523309,-1.534297,1.000001
2441,79.3599,0.0766,0,0.2,0,-2.520487,-1.528908,1.000001
2442,79.3937,0.0924,0,0.2,0,-2.517655,-1.523527,1.000001
2443,79.4252,0.0842,0,0.2,0,-2.514811,-1.518154,1.000001
2444,79.4569,0.0997,0,0.2,0,-2.511954,-1.512781,1.000001
2445,79.4874,0.077,0,0.2,0,-2.509083,-1.507412,1.000001
2446,79.5193,0.1237,0,0.2,0,-2.506197,-1.502041,1.000001
2447,79.553,0.0773,0,0.2,0,-2.503297,-1.496673,1.000001
2448,79.586,0.0846,0,0.2,0,-2.500389,-1.491317,1.000001
2449,79.6179,0.1159,0,0.2,0,-2.497473,-1.485973,1.000001
2450,79.6526,0.1076,0,0.2,0,-2.494551,-1.480646,1.000002
2451,79.6875,0.0916,0,0.2,0,-2.491618,-1.475325,1.000002
2452,79.7186,0.0851,0,0.2,0,-2.48867,-1.470005,1.000002
2453,79.7542,0.1001,0,0.2,0,-2.485709,-1.464688,1.000002
2454,79.7866,0.0924,0,0.2,0,-2.482736,-1.459377,1.000002
2455,79.8154,0.1084,0,0.2,0,-2.479753,-1.454075,1.000002
2456,79.8493,0.0763,0,0.2,0,-2.476757,-1.448776,1.000002
2457,79.8815,0.0616,0,0.2,0,-2.47375,-1.443483,1.000002
2458,79.9132,0.1237,0,0.2,0,-2.470734,-1.438203,1.000002
2459,79.9459,0.1074,0,0.2,0,-2.467708,-1.43293,1.000002
2460,79.9775,0.0844,0,0.2,0,-2.464668,-1.427658,1.000002
2461,80.0141,0.1163,0,0.2,0,-2.461614,-1.42239,1.000002
2462,80.0446,0.0837,0,0.2,0,-2.458551,-1.417131,1.000002
2463,80.0774,0.1083,0,0.2,0,-2.455477,-1.411879,1.000002
2464,80.1103,0.0848,0,0.2,0,-2.452392,-1.406633,1.000002
2465,80.1409,0.0998,0,0.2,0,-2.449292,-1.401388,1.000002
2466,80.1735,0.0769,0,0.2,0,-2.446177,-1.396143,1.000002
2467,80.2061,0.1086,0,0.2,0,-2.443048,-1.390901,1.000002
2468,80.2416,0.0763,0,0.2,0,-2.43991,-1.385669,1.000001
2469,80.2735,0.1087,0,0.2,0,-2.436762,-1.380445,1.000001
2470,80.3059,0.1081,0,0.2,0,-2.433609,-1.375239,1.000001
2471,80.3366,0.0759,0,0.2,0,-2.430449,-1.370047,1.000001
2472,80.3671,0.1233,0,0.2,0,-2.427276,-1.364857,1.000001
2473,80.4014,0.0929,0,0.2,0,-2.424088,-1.35967,1.000001
2474,80.4364,0.0999,0,0.2,0,-2.420888,-1.354487,1.000001
2475,80.4687,0.0929,0,0.2,0,-2.417681,-1.349318,1.000001
2476,80.5019,0.1156,0,0.2,0,-2.414465,-1.344159,1.000001
2477,80.5342,0.0692,0,0.2,0,-2.41124,-1.339009,1.000001
2478,80.5644,0.1082,0,0.2,0,-2.407998,-1.333858,1.000001
2479,80.5967,0.0923,0,0.2,0,-2.404744,-1.328713,1.000001
2480,80.6288,0.0843,0,0.2,0,-2.401477,-1.323569,1.000001
2481,80.6641,0.109,0,0.2,0,-2.398201,-1.318437,1.000001
2482,80.6928,0.1002,0,0.2,0,-2.394915,-1.313314,1.000001
2483,80.727,0.1236,0,0.2,0,-2.391618,-1.308197,1.000001
2484,80.7608,0.1012,0,0.2,0,-2.388308,-1.303085,1.000001
2485,80.7964,0.1233,0,0.2,0,-2.384988,-1.29798,1.000001
2486,80.8292,0.0921,0,0.2,0,-2.381654,-1.292878,1.000001
2487,80.861,0.1395,0,0.2,0,-2.37831,-1.287785,1.000001
2488,80.8925,0.1005,0,0.2,0,-2.374957,-1.282702,1.000001
2489,80.9225,0.1005,0,0.2,0,-2.371596,-1.277629,1.000001
2490,80.956,0.0853,0,0.2,0,-2.368225,-1.272564,1.000001
2491,80.9908,0.0846,0,0.2,0,-2.364841,-1.267504,1.000001
2492,81.0214,0.0526,0,0.2,0,-2.361445,-1.262449,1.000001
2493,81.0572,0.124,0,0.2,0,-2.358038,-1.257401,1.000001
2494,81.0884,0.0919,0,0.2,0,-2.354622,-1.252364,1.000001
2495,81.1211,0.0849,0,0.2,0,-2.351199,-1.247339,1.000001
2496,81.153,0.1083,0,0.2,0,-2.347764,-1.242319,1.000001
2497,81.1827,0.0605,0,0.2,0,-2.344316,-1.237305,1.000001
2498,81.2132,0.1404,0,0.2,0,-2.340856,-1.232295,1.0
2499,81.2464,0.0922,0,0.2,0,-2.337388,-1.227296,1.0
2500,81.2779,0.1158,0,0.2,0,-2.333911,-1.222308,1.0
2501,81.3146,0.0925,0,0.2,0,-2.330425,-1.21733,1.0
2502,81.3456,0.0843,0,0.2,0,-2.326926,-1.212354,1.0
2503,81.3766,0.092,0,0.2,0,-2.323407,-1.207374,1.0
2504,81.4101,0.0773,0,0.2,0,-2.319874,-1.202397,1.0
2505,81.441,0.1161,0,0.2,0,-2.316332,-1.197429,1.0
2506,81.4733,0.1158,0,0.2,0,-2.312784,-1.192476,1.0
2507,81.5051,0.0851,0,0.2,0,-2.309224,-1.187529,1.0
2508,81.537,0.1078,0,0.2,0,-2.305654,-1.182589,1.0
2509,81.571,0.0921,0,0.2,0,-2.30207,-1.177652,1.0
2510,81.6055,0.1164,0,0.2,0,-2.298476,-1.172724,1.0
2511,81.642,0.0693,0,0.2,0,-2.294874,-1.167807,1.0
2512,81.6737,0.1242,0,0.2,0,-2.291264,-1.162901,1.0
2513,81.7045,0.1075,0,0.2,0,-2.287643,-1.158003,1.0
2514,81.735,0.0997,0,0.2,0,-2.284003,-1.153101,1.0
2515,81.7674,0.1004,0,0.2,0,-2.280355,-1.14821,1.0
2516,81.802,0.1162,0,0.2,0,-2.276703,-1.143335,1.0
2517,81.8338,0.0923,0,0.2,0,-2.273047,-1.138479,1.0
2518,81.8645,0.0844,0,0.2,0,-2.269378,-1.133626,1.0
2519,81.8973,0.0924,0,0.2,0,-2.265697,-1.128779,1.0
2520,81.9295,0.1074,0,0.2,0,-2.262007,-1.123942,1.0
2521,81.9651,0.1005,0,0.2,0,-2.25831,-1.119117,1.0
2522,81.9973,0.0929,0,0.2,0,-2.254601,-1.114299,1.0
2523,82.0307,0.1004,0,0.2,0,-2.250883,-1.109489,1.0
2524,82.063,0.0918,0,0.2,0,-2.247153,-1.104686,1.0
2525,82.0975,0.1084,0,0.2,0,-2.243414,-1.099892,1.0
2526,82.129,0.1002,0,0.2,0,-2.239664,-1.095105,1.000001
2527,82.1609,0.1316,0,0.2,0,-2.235906,-1.090328,1.000001
2528,82.1926,0.0926,0,0.2,0,-2.232137,-1.085558,1.000001
2529,82.2246,0.0845,0,0.2,0,-2.228354,-1.080792,1.000001
2530,82.257,0.1,0,0.2,0,-2.224559,-1.07603,1.000001
2531,82.2947,0.1,0,0.2,0,-2.220751,-1.071274,1.000001
2532,82.327,0.0928,0,0.2,0,-2.216938,-1.066532,1.000001
2533,82.361,0.0922,0,0.2,0,-2.213118,-1.061801,1.000001
2534,82.3927,0.1313,0,0.2,0,-2.209283,-1.057074,1.0
2535,82.4231,0.1002,0,0.2,0,-2.205437,-1.052352,1.0
2536,82.4574,0.1001,0,0.2,0,-2.20158,-1.047638,1.0
2537,82.4893,0.1157,0,0.2,0,-2.197711,-1.04293,1.0
2538,82.5202,0.1316,0,0.2,0,-2.193831,-1.03823,1.0
2539,82.5531,0.084,0,0.2,0,-2.189941,-1.033538,1.0
2540,82.5856,0.1386,0,0.2,0,-2.186039,-1.028853,1.0
2541,82.6209,0.0923,0,0.2,0,-2.182127,-1.024174,1.0
2542,82.6538,0.1161,0,0.2,0,-2.178212,-1.019514,1.0
2543,82.6862,0.0925,0,0.2,0,-2.174292,-1.014868,1.0
2544,82.7161,0.1316,0,0.2,0,-2.170357,-1.010224,1.0
2545,82.7502,0.1075,0,0.2,0,-2.16641,-1.005586,1.0
2546,82.781,0.1083,0,0.2,0,-2.162454,-1.000957,1.0
2547,82.8136,0.1155,0,0.2,0,-2.158495,-0.996345,1.0
2548,82.846,0.1006,0,0.2,0,-2.154524,-0.99174,1.0
2549,82.8766,0.1158,0,0.2,0,-2.150543,-0.987142,1.000001
2550,82.9107,0.0845,0,0.2,0,-2.146553,-0.982553,1.000001
2551,82.9487,0.1159,0,0.2,0,-2.142558,-0.977979,1.000001
2552,82.9767,0.0854,0,0.2,0,-2.138554,-0.973413,1.000001
2553,83.0093,0.1553,0,0.2,0,-2.134537,-0.968852,1.000001
2554,83.042,0.092,0,0.2,0,-2.13051,-0.964298,1.000001
2555,83.0712,0.1155,0,0.2,0,-2.126471,-0.959751,1.000001
2556,83.1057,0.101,0,0.2,0,-2.122425,-0.955214,1.000001
2557,83.1371,0.0925,0,0.2,0,-2.118369,-0.950686,1.000001
2558,83.1697,0.1,0,0.2,0,-2.114304,-0.946166,1.000001
2559,83.2053,0.0691,0,0.2,0,-2.110228,-0.941654,1.000001
2560,83.2381,0.1392,0,0.2,0,-2.106146,-0.937153,1.000001
2561,83.2725,0.108,0,0.2,0,-2.10206,-0.932667,1.000001
2562,83.3066,0.1247,0,0.2,0,-2.09796,-0.928185,1.000001
2563,83.3377,0.0608,0,0.2,0,-2.093849,-0.92371,1.000001
2564,83.368,0.1237,0,0.2,0,-2.089727,-0.919241,1.000001
2565,83.398,0.0924,0,0.2,0,-2.085597,-0.914783,1.000001
2566,83.4298,0.109,0,0.2,0,-2.081455,-0.910331,1.000001
2567,83.4625,0.0926,0,0.2,0,-2.077299,-0.905883,1.000001
2568,83.499,0.0927,0,0.2,0,-2.073128,-0.901437,1.000001
2569,83.5311,0.1081,0,0.2,0,-2.06895,-0.897004,1.000001
2570,83.563,0.1085,0,0.2,0,-2.064765,-0.892581,1.000001
2571,83.5951,0.1086,0,0.2,0,-2.060565,-0.888162,1.000001
2572,83.6237,0.0848,0,0.2,0,-2.05635,-0.883747,1.000001
2573,83.6575,0.1079,0,0.2,0,-2.052125,-0.87934,1.000001
2574,83.6905,0.1239,0,0.2,0,-2.04789,-0.874943,1.000001
2575,83.7231,0.1548,0,0.2,0,-2.043644,-0.870552,1.000001
2576,83.7582,0.0999,0,0.2,0,-2.039388,-0.86617,1.000001
2577,83.7894,0.1078,0,0.2,0,-2.035126,-0.861799,1.000001
2578,83.8222,0.1164,0,0.2,0,-2.030857,-0.857441,1.000001
2579,83.854,0.1396,0,0.2,0,-2.026582,-0.853095,1.000001
2580,83.883,0.1309,0,0.2,0,-2.022299,-0.84876,1.000001
2581,83.9144,0.1236,0,0.2,0,-2.018012,-0.844438,1.000001
2582,83.9451,0.1552,0,0.2,0,-2.013722,-0.840132,1.000001
2583,83.978,0.1243,0,0.2,0,-2.009424,-0.835836,1.000001
2584,84.0141,0.1401,0,0.2,0,-2.005114,-0.831547,1.000001
2585,84.0504,0.1237,0,0.2,0,-2.000796,-0.827266,1.000001
2586,84.0817,0.124,0,0.2,0,-1.99647,-0.822997,1.0
2587,84.1124,0.1164,0,0.2,0,-1.992136,-0.818737,1.0
2588,84.1454,0.1322,0,0.2,0,-1.987791,-0.814484,1.0
2589,84.1756,0.116,0,0.2,0,-1.983435,-0.810239,1.0
2590,84.2068,0.1235,0,0.2,0,-1.97907,-0.806004,1.0
2591,84.2402,0.0935,0,0.2,0,-1.974698,-0.801779,1.0
2592,84.2691,0.1079,0,0.2,0,-1.970315,-0.797563,1.0
2593,84.3025,0.0998,0,0.2,0,-1.965923,-0.793355,1.0
2594,84.3374,0.1156,0,0.2,0,-1.961522,-0.789157,1.0
2595,84.3701,0.0922,0,0.2,0,-1.957109,-0.784966,0.999999
2596,84.4018,0.0919,0,0.2,0,-1.952684,-0.780782,0.999999
2597,84.4338,0.0998,0,0.2,0,-1.948246,-0.776602,0.999999
2598,84.465,0.0928,0,0.2,0,-1.943793,-0.772428,0.999999
2599,84.4988,0.1316,0,0.2,0,-1.939333,-0.768263,0.999999
2600,84.529,0.0775,0,0.2,0,-1.934865,-0.764109,0.999999
2601,84.5648,0.1234,0,0.2,0,-1.930386,-0.759963,0.999999
2602,84.5965,0.0693,0,0.2,0,-1.9259,-0.755827,0.999999
2603,84.6293,0.0768,0,0.2,0,-1.921408,-0.751704,0.999999
2604,84.662,0.1088,0,0.2,0,-1.916914,-0.747596,0.999998
2605,84.6936,0.1161,0,0.2,0,-1.91241,-0.743497,0.999998
2606,84.7253,0.1161,0,0.2,0,-1.907899,-0.739409,0.999998
2607,84.7577,0.1001,0,0.2,0,-1.903383,-0.735334,0.999998
2608,84.7909,0.1321,0,0.2,0,-1.898862,-0.731272,0.999998
2609,84.8251,0.0847,0,0.2,0,-1.894333,-0.72722,0.999998
2610,84.8569,0.1388,0,0.2,0,-1.889793,-0.723177,0.999998
2611,84.8905,0.0847,0,0.2,0,-1.885245,-0.719144,0.999998
2612,84.9222,0.1164,0,0.2,0,-1.880689,-0.715121,0.999998
2613,84.9541,0.0845,0,0.2,0,-1.876131,-0.711114,0.999998
2614,84.9856,0.1077,0,0.2,0,-1.871561,-0.707114,0.999998
2615,85.0171,0.1242,0,0.2,0,-1.866984,-0.703126,0.999998
2616,85.0491,0.077,0,0.2,0,-1.8624,-0.699148,0.999998
2617,85.0839,0.1389,0,0.2,0,-1.857808,-0.69518,0.999998
2618,85.1185,0.116,0,0.2,0,-1.853206,-0.69122,0.999998
2619,85.1502,0.131,0,0.2,0,-1.848589,-0.687266,0.999998
2620,85.1846,0.0846,0,0.2,0,-1.843965,-0.683321,0.999998
2621,85.2162,0.1162,0,0.2,0,-1.839324,-0.67938,0.999999
2622,85.246,0.1081,0,0.2,0,-1.83468,-0.675452,0.999999
2623,85.2773,0.1391,0,0.2,0,-1.830027,-0.671533,0.999999
2624,85.3094,0.1315,0,0.2,0,-1.825363,-0.667622,0.999999
2625,85.3432,0.1242,0,0.2,0,-1.820685,-0.663716,0.999999
2626,85.3765,0.1236,0,0.2,0,-1.815997,-0.659819,0.999999
2627,85.4098,0.1231,0,0.2,0,-1.811303,-0.655933,0.999999
2628,85.4417,0.1471,0,0.2,0,-1.806594,-0.652051,1.0
2629,85.4739,0.116,0,0.2,0,-1.801879,-0.648181,1.0
2630,85.5056,0.1086,0,0.2,0,-1.797158,-0.644323,1.0
2631,85.5372,0.0925,0,0.2,0,-1.792433,-0.640478,1.0
2632,85.5679,0.1242,0,0.2,0,-1.787696,-0.636641,1.0
2633,85.602,0.1077,0,0.2,0,-1.782953,-0.632815,1.0
2634,85.6336,0.0689,0,0.2,0,-1.778203,-0.629,1.000001
2635,85.6674,0.1007,0,0.2,0,-1.773444,-0.625195,1.000001
2636,85.7029,0.1469,0,0.2,0,-1.768679,-0.621402,1.000001
2637,85.7347,0.1079,0,0.2,0,-1.763904,-0.617617,1.000001
2638,85.766,0.1154,0,0.2,0,-1.759121,-0.613843,1.000001
2639,85.7974,0.1165,0,0.2,0,-1.754332,-0.61008,1.000001
2640,85.8289,0.1004,0,0.2,0,-1.749538,-0.60633,1.000001
2641,85.8641,0.0922,0,0.2,0,-1.744735,-0.60259,1.000001
2642,85.8932,0.1236,0,0.2,0,-1.739918,-0.598856,1.000001
2643,85.9272,0.1085,0,0.2,0,-1.735095,-0.595133,1.000001
2644,85.9626,0.1081,0,0.2,0,-1.730269,-0.591424,1.000001
2645,85.9942,0.0925,0,0.2,0,-1.725439,-0.587728,1.000001
2646,86.0285,0.1237,0,0.2,0,-1.720591,-0.584034,1.000001
2647,86.0609,0.1082,0,0.2,0,-1.715736,-0.580353,1.000002
2648,86.0938,0.108,0,0.2,0,-1.710877,-0.576684,1.000002
2649,86.1232,0.108,0,0.2,0,-1.706013,-0.573027,1.000002
2650,86.155,0.1089,0,0.2,0,-1.701136,-0.569377,1.000002
2651,86.187,0.1156,0,0.2,0,-1.696247,-0.565734,1.000002
2652,86.2161,0.1233,0,0.2,0,-1.691354,-0.562105,1.000002
2653,86.2494,0.1394,0,0.2,0,-1.686453,-0.558486,1.000002
2654,86.2846,0.1241,0,0.2,0,-1.68155,-0.554882,1.000002
2655,86.3182,0.1074,0,0.2,0,-1.676638,-0.551287,1.000002
2656,86.3504,0.1002,0,0.2,0,-1.671707,-0.547694,1.000002
2657,86.3821,0.1158,0,0.2,0,-1.666762,-0.544108,1.000002
2658,86.4141,0.1085,0,0.2,0,-1.661808,-0.540531,1.000002
2659,86.4457,0.1154,0,0.2,0,-1.656849,-0.536967,1.000002
2660,86.4783,0.1162,0,0.2,0,-1.651883,-0.533413,1.000002
2661,86.5156,0.1083,0,0.2,0,-1.646906,-0.529868,1.000002
2662,86.5463,0.1237,0,0.2,0,-1.641922,-0.526334,1.000002
2663,86.5792,0.0935,0,0.2,0,-1.636935,-0.522813,1.000002
2664,86.6099,0.1161,0,0.2,0,-1.631948,-0.519308,1.000002
2665,86.6417,0.1393,0,0.2,0,-1.626954,-0.515815,1.000002
2666,86.6747,0.0933,0,0.2,0,-1.621956,-0.512334,1.000002
2667,86.7057,0.1076,0,0.2,0,-1.616948,-0.508863,1.000002
2668,86.7385,0.0775,0,0.2,0,-1.611934,-0.505403,1.000002
2669,86.7712,0.1083,0,0.2,0,-1.606914,-0.501955,1.000002
2670,86.8056,0.1229,0,0.2,0,-1.601884,-0.498515,1.000002
2671,86.8398,0.1154,0,0.2,0,-1.596841,-0.495083,1.000002
2672,86.8692,0.1004,0,0.2,0,-1.591783,-0.491656,1.000002
2673,86.9021,0.1086,0,0.2,0,-1.586714,-0.488238,1.000001
2674,86.934,0.1001,0,0.2,0,-1.581648,-0.484838,1.000001
2675,86.9655,0.1311,0,0.2,0,-1.576576,-0.481449,1.000001
2676,86.9987,0.1469,0,0.2,0,-1.571493,-0.478068,1.000001
2677,87.0328,0.1162,0,0.2,0,-1.566398,-0.474696,1.000001
2678,87.0659,0.0998,0,0.2,0,-1.561294,-0.471333,1.000001
2679,87.0978,0.1309,0,0.2,0,-1.556181,-0.46798,1.000001
2680,87.1314,0.1003,0,0.2,0,-1.551064,-0.464641,1.000001
2681,87.1636,0.0995,0,0.2,0,-1.545948,-0.461317,1.000001
2682,87.1942,0.1155,0,0.2,0,-1.540834,-0.458011,1.000001
2683,87.2257,0.1087,0,0.2,0,-1.535712,-0.454715,1.0
2684,87.2623,0.1162,0,0.2,0,-1.530582,-0.45143,1.0
2685,87.2982,0.1232,0,0.2,0,-1.525447,-0.448157,1.0
2686,87.3314,0.1074,0,0.2,0,-1.520304,-0.444894,1.0
2687,87.3647,0.1078,0,0.2,0,-1.515154,-0.441643,1.0
2688,87.3972,0.1156,0,0.2,0,-1.509996,-0.438402,1.0
2689,87.4275,0.101,0,0.2,0,-1.504827,-0.435169,1.0
2690,87.4615,0.1,0,0.2,0,-1.499645,-0.431944,1.0
2691,87.4969,0.1313,0,0.2,0,-1.494445,-0.428723,1.0
2692,87.5282,0.1087,0,0.2,0,-1.489235,-0.42551,0.999999
2693,87.5608,0.1248,0,0.2,0,-1.484018,-0.422309,0.999999
2694,87.5938,0.1155,0,0.2,0,-1.478801,-0.419123,0.999999
2695,87.6243,0.1004,0,0.2,0,-1.473578,-0.415948,0.999999
2696,87.6545,0.1246,0,0.2,0,-1.468352,-0.412787,0.999999
2697,87.686,0.1003,0,0.2,0,-1.463124,-0.40964,0.999999
2698,87.7174,0.1318,0,0.2,0,-1.4579,-0.40651,0.999999
2699,87.7515,0.1002,0,0.2,0,-1.452674,-0.403395,0.999999
2700,87.7846,0.1319,0,0.2,0,-1.447445,-0.400292,0.999999
2701,87.8191,0.0933,0,0.2,0,-1.442206,-0.397199,0.999999
2702,87.8493,0.1238,0,0.2,0,-1.436951,-0.394113,0.999999
2703,87.8823,0.108,0,0.2,0,-1.431685,-0.391034,0.999998
2704,87.9129,0.1318,0,0.2,0,-1.426401,-0.38796,0.999998
2705,87.9461,0.1316,0,0.2,0,-1.421115,-0.3849,0.999998
2706,87.9783,0.084,0,0.2,0,-1.415824,-0.381853,0.999998
2707,88.0142,0.1154,0,0.2,0,-1.410523,-0.378815,0.999999
2708,88.046,0.1075,0,0.2,0,-1.405211,-0.375785,0.999999
2709,88.0772,0.1168,0,0.2,0,-1.399892,-0.372767,0.999999
2710,88.11,0.1234,0,0.2,0,-1.394568,-0.369761,0.999999
2711,88.1421,0.1311,0,0.2,0,-1.389246,-0.36677,0.999999
2712,88.1712,0.1158,0,0.2,0,-1.383916,-0.363791,0.999999
2713,88.2052,0.1235,0,0.2,0,-1.378579,-0.360822,0.999999
2714,88.2381,0.0928,0,0.2,0,-1.37324,-0.357868,0.999999
2715,88.2717,0.1235,0,0.2,0,-1.367893,-0.354924,0.999999
2716,88.3049,0.0847,0,0.2,0,-1.362535,-0.35199,0.999999
2717,88.3384,0.1084,0,0.2,0,-1.357173,-0.349068,0.999999
2718,88.37,0.1001,0,0.2,0,-1.351807,-0.346159,0.999999
2719,88.4013,0.1157,0,0.2,0,-1.346436,-0.343262,0.999999
2720,88.4343,0.0842,0,0.2,0,-1.341059,-0.340377,0.999999
2721,88.469,0.1158,0,0.2,0,-1.335666,-0.337499,0.999999
2722,88.5022,0.0863,0,0.2,0,-1.330265,-0.334631,0.999999
2723,88.5326,0.1157,0,0.2,0,-1.324866,-0.331779,0.999999
2724,88.5641,0.1004,0,0.2,0,-1.319465,-0.32894,0.999999
2725,88.5968,0.1074,0,0.2,0,-1.314057,-0.326113,0.999999
2726,88.6294,0.1084,0,0.2,0,-1.308635,-0.323294,1.0
2727,88.6622,0.1386,0,0.2,0,-1.303206,-0.320485,1.0
2728,88.6976,0.1162,0,0.2,0,-1.297777,-0.317692,1.0
2729,88.7304,0.1164,0,0.2,0,-1.292347,-0.314912,1.0
2730,88.7632,0.1008,0,0.2,0,-1.286911,-0.312144,1.0
2731,88.7949,0.1081,0,0.2,0,-1.281469,-0.309388,1.0
2732,88.8224,0.1011,0,0.2,0,-1.276022,-0.306644,1.0
2733,88.8591,0.1074,0,0.2,0,-1.270565,-0.30391,1.0
2734,88.8899,0.0997,0,0.2,0,-1.265098,-0.301185,1.0
2735,88.9232,0.1475,0,0.2,0,-1.259619,-0.29847,1.0
2736,88.957,0.1003,0,0.2,0,-1.254133,-0.295765,1.0
2737,88.99,0.108,0,0.2,0,-1.248647,-0.293076,1.0
2738,89.0223,0.0931,0,0.2,0,-1.243157,-0.290399,1.0
2739,89.0534,0.1241,0,0.2,0,-1.237662,-0.287734,1.0
2740,89.0837,0.1088,0,0.2,0,-1.232159,-0.285079,1.0
2741,89.118,0.1083,0,0.2,0,-1.226651,-0.282438,1.0
2742,89.1497,0.0924,0,0.2,0,-1.221145,-0.279811,1.0
2743,89.1824,0.0838,0,0.2,0,-1.215636,-0.277198,1.0
2744,89.2151,0.1164,0,0.2,0,-1.210118,-0.274595,1.0
2745,89.251,0.1004,0,0.2,0,-1.204593,-0.272003,1.0
2746,89.2821,0.1079,0,0.2,0,-1.19906,-0.269422,1.0
2747,89.3141,0.1006,0,0.2,0,-1.193516,-0.266851,0.999999
2748,89.3455,0.1004,0,0.2,0,-1.187963,-0.26429,0.999999
2749,89.3762,0.1318,0,0.2,0,-1.182404,-0.26174,0.999999
2750,89.4052,0.1083,0,0.2,0,-1.176837,-0.259202,0.999999
2751,89.439,0.1234,0,0.2,0,-1.17126,-0.256673,0.999999
2752,89.4709,0.1001,0,0.2,0,-1.165682,-0.254158,0.999999
2753,89.5022,0.1242,0,0.2,0,-1.160103,-0.251658,0.999999
2754,89.5357,0.108,0,0.2,0,-1.154519,-0.24917,0.999999
2755,89.5681,0.1003,0,0.2,0,-1.148937,-0.246696,0.999999
2756,89.6025,0.0929,0,0.2,0,-1.143354,-0.244238,0.999999
2757,89.6359,0.0772,0,0.2,0,-1.137771,-0.241793,0.999999
2758,89.6685,0.1242,0,0.2,0,-1.132178,-0.239359,0.999999
2759,89.6984,0.0924,0,0.2,0,-1.126567,-0.236931,0.999999
2760,89.7307,0.0996,0,0.2,0,-1.120942,-0.234512,0.999999
2761,89.7639,0.0768,0,0.2,0,-1.115314,-0.232105,0.999999
2762,89.7945,0.1236,0,0.2,0,-1.109681,-0.229712,0.999999
2763,89.827,0.0851,0,0.2,0,-1.10405,-0.227333,0.999999
2764,89.8624,0.0924,0,0.2,0,-1.098418,-0.224969,0.999999
2765,89.8983,0.1152,0,0.2,0,-1.092786,-0.222618,0.999999
2766,89.9326,0.0776,0,0.2,0,-1.087148,-0.220279,0.999999
2767,89.9636,0.0773,0,0.2,0,-1.0815,-0.21795,0.999999
2768,89.9981,0.1321,0,0.2,0,-1.07584,-0.21563,0.999999
2769,90.0302,0.0858,0,0.2,0,-1.07017,-0.213321,0.999999
2770,90.0614,0.1075,0,0.2,0,-1.064494,-0.211023,0.999998
2771,90.0958,0.0769,0,0.2,0,-1.058818,-0.20874,0.999998
2772,90.1214,0.0928,0,0.2,0,-1.053151,-0.206474,0.999998
2773,90.1543,0.108,0,0.2,0,-1.047492,-0.204227,0.999998
2774,90.183,0.1001,0,0.2,0,-1.041828,-0.201991,0.999998
2775,90.2131,0.0988,0,0.2,0,-1.036156,-0.199767,0.999998
2776,90.2458,0.1076,0,0.2,0,-1.03047,-0.197552,0.999998
2777,90.2786,0.1091,0,0.2,0,-1.024768,-0.195344,0.999998
2778,90.3141,0.1169,0,0.2,0,-1.019063,-0.193149,0.999998
2779,90.3464,0.108,0,0.2,0,-1.013353,-0.190967,0.999999
2780,90.3765,0.1006,0,0.2,0,-1.007642,-0.188798,0.999999
2781,90.411,0.1076,0,0.2,0,-1.001938,-0.186647,0.999999
2782,90.4427,0.1312,0,0.2,0,-0.996237,-0.18451,0.999999
2783,90.474,0.1167,0,0.2,0,-0.990535,-0.182387,0.999999
2784,90.5059,0.1157,0,0.2,0,-0.984822,-0.180274,0.999999
2785,90.5417,0.1066,0,0.2,0,-0.979092,-0.178169,0.999999
2786,90.5736,0.123,0,0.2,0,-0.973345,-0.176071,0.999999
2787,90.6048,0.1155,0,0.2,0,-0.967593,-0.173986,0.999999
2788,90.6356,0.1169,0,0.2,0,-0.96184,-0.171914,0.999999
2789,90.6679,0.1018,0,0.2,0,-0.956089,-0.169857,0.999999
2790,90.7021,0.0862,0,0.2,0,-0.950343,-0.167815,0.999999
2791,90.734,0.0776,0,0.2,0,-0.944598,-0.165788,0.999999
2792,90.7656,0.0927,0,0.2,0,-0.938851,-0.163773,0.999999
2793,90.8023,0.0847,0,0.2,0,-0.933098,-0.161771,0.999999
2794,90.834,0.1081,0,0.2,0,-0.927335,-0.15978,0.999999
2795,90.8654,0.1239,0,0.2,0,-0.92156,-0.157798,0.999999
2796,90.8968,0.1074,0,0.2,0,-0.915775,-0.155827,0.999999
2797,90.9273,0.1074,0,0.2,0,-0.909982,-0.153868,0.999999
2798,90.961,0.1156,0,0.2,0,-0.904194,-0.151924,0.999999
2799,90.9937,0.1158,0,0.2,0,-0.898411,-0.149996,0.999999
2800,91.0253,0.1163,0,0.2,0,-0.892637,-0.148084,0.999999
2801,91.0634,0.109,0,0.2,0,-0.886868,-0.146188,0.999999
2802,91.093,0.0772,0,0.2,0,-0.881099,-0.144305,0.999999
2803,91.1262,0.085,0,0.2,0,-0.875324,-0.142435,0.999999
2804,91.1592,0.0777,0,0.2,0,-0.869538,-0.140574,0.999999
2805,91.1892,0.0773,0,0.2,0,-0.863738,-0.138723,0.999999
2806,91.2207,0.1329,0,0.2,0,-0.85793,-0.136883,0.999999
2807,91.2529,0.108,0,0.2,0,-0.852115,-0.135054,0.999999
2808,91.2845,0.0996,0,0.2,0,-0.846291,-0.133236,0.999999
2809,91.3174,0.1153,0,0.2,0,-0.840464,-0.131431,0.999999
2810,91.354,0.1153,0,0.2,0,-0.834634,-0.129639,0.999999
2811,91.3911,0.1158,0,0.2,0,-0.828803,-0.127861,0.999999
2812,91.4207,0.1164,0,0.2,0,-0.822978,-0.126098,0.999999
2813,91.4526,0.1236,0,0.2,0,-0.817166,-0.124352,0.999999
2814,91.4857,0.0605,0,0.2,0,-0.811352,-0.12262,0.999999
2815,91.5148,0.1312,0,0.2,0,-0.805538,-0.120902,0.999999
2816,91.5461,0.1159,0,0.2,0,-0.799721,-0.119196,0.999999
2817,91.5792,0.0926,0,0.2,0,-0.793898,-0.117502,0.999999
2818,91.6145,0.1406,0,0.2,0,-0.788069,-0.115819,0.999999
2819,91.6507,0.0849,0,0.2,0,-0.782236,-0.11415,0.999999
2820,91.6818,0.0682,0,0.2,0,-0.776397,-0.112491,0.999999
2821,91.7147,0.1085,0,0.2,0,-0.770547,-0.110843,0.999999
2822,91.7457,0.0774,0,0.2,0,-0.764688,-0.109206,0.999999
2823,91.7763,0.1239,0,0.2,0,-0.758815,-0.107579,0.999999
2824,91.8095,0.1317,0,0.2,0,-0.752931,-0.105962,0.999999
2825,91.8422,0.1004,0,0.2,0,-0.747044,-0.104358,0.999999
2826,91.8742,0.1232,0,0.2,0,-0.741161,-0.102769,0.999999
2827,91.9103,0.1072,0,0.2,0,-0.73528,-0.101194,0.999999
2828,91.9419,0.1154,0,0.2,0,-0.729402,-0.099634,0.999999
2829,91.9733,0.124,0,0.2,0,-0.723527,-0.098088,0.999999
2830,92.0059,0.1159,0,0.2,0,-0.717657,-0.096557,0.999999
2831,92.037,0.1243,0,0.2,0,-0.711792,-0.095041,0.999999
2832,92.0672,0.1075,0,0.2,0,-0.705931,-0.093539,0.999999
2833,92.101,0.0686,0,0.2,0,-0.700073,-0.092051,0.999999
2834,92.1345,0.1079,0,0.2,0,-0.694208,-0.090575,0.999999
2835,92.1677,0.0771,0,0.2,0,-0.688323,-0.089107,0.999999
2836,92.2018,0.1082,0,0.2,0,-0.682414,-0.087647,0.999999
2837,92.2328,0.1007,0,0.2,0,-0.676488,-0.086195,0.999999
2838,92.2647,0.0849,0,0.2,0,-0.670563,-0.084757,0.999999
2839,92.2972,0.0772,0,0.2,0,-0.664642,-0.083334,0.999999
2840,92.3272,0.0922,0,0.2,0,-0.658722,-0.081924,0.999999
2841,92.3581,0.1076,0,0.2,0,-0.652798,-0.080526,0.999999
2842,92.3891,0.0998,0,0.2,0,-0.646867,-0.079139,0.999999
2843,92.4197,0.1385,0,0.2,0,-0.640925,-0.077764,0.999999
2844,92.4549,0.1549,0,0.2,0,-0.634979,-0.0764,0.999999
2845,92.491,0.1093,0,0.2,0,-0.629039,-0.075051,0.999999
2846,92.5212,0.1163,0,0.2,0,-0.623112,-0.073719,0.999999
2847,92.5534,0.1002,0,0.2,0,-0.617202,-0.072404,0.999999
2848,92.5845,0.0923,0,0.2,0,-0.611304,-0.071105,0.999999
2849,92.615,0.1077,0,0.2,0,-0.60541,-0.06982,0.999999
2850,92.6451,0.1156,0,0.2,0,-0.599513,-0.068548,0.999999
2851,92.6793,0.1084,0,0.2,0,-0.593603,-0.067286,0.999999
2852,92.7126,0.117,0,0.2,0,-0.587685,-0.066036,0.999999
2853,92.7452,0.0931,0,0.2,0,-0.581762,-0.064798,0.999999
2854,92.7771,0.0922,0,0.2,0,-0.575834,-0.063573,0.999999
2855,92.8094,0.1007,0,0.2,0,-0.569898,-0.062359,0.999999
2856,92.8422,0.0689,0,0.2,0,-0.563947,-0.061155,0.999999
2857,92.8764,0.0768,0,0.2,0,-0.557976,-0.05996,0.999999
2858,92.9094,0.0539,0,0.2,0,-0.551977,-0.058773,0.999999
2859,92.9411,0.1013,0,0.2,0,-0.545951,-0.057594,0.999999
2860,92.9715,0.0855,0,0.2,0,-0.539908,-0.056425,0.999999
2861,93.0032,0.1011,0,0.2,0,-0.533865,-0.055269,0.999999
2862,93.0327,0.0859,0,0.2,0,-0.527834,-0.054129,0.999999
2863,93.0657,0.077,0,0.2,0,-0.521824,-0.053006,0.999999
2864,93.0978,0.1003,0,0.2,0,-0.515825,-0.051899,0.999999
2865,93.1305,0.1236,0,0.2,0,-0.509832,-0.050806,0.999999
2866,93.1646,0.1078,0,0.2,0,-0.503836,-0.049726,0.999999
2867,93.1972,0.1238,1,0.2,0,-0.497835,-0.048658,0.999999
2868,93.2285,0.1317,1,0.2,0,-0.49183,-0.047603,0.999999
2869,93.262,0.1159,1,0.2,0,-0.485827,-0.046561,0.999999
2870,93.2936,0.1245,1,0.2,0,-0.479838,-0.045535,0.999999
2871,93.3256,0.1158,1,0.2,0,-0.473872,-0.044526,0.999999
2872,93.3572,0.1,1,0.2,0,-0.46792,-0.043532,0.999999
2873,93.39,0.1309,1,0.2,0,-0.461973,-0.042552,0.999999
2874,93.4234,0.1534,1,0.2,0,-0.456021,-0.041585,0.999999
2875,93.4569,0.1537,1,0.2,0,-0.450061,-0.040629,0.999999
2876,93.4936,0.1539,1,0.2,0,-0.444085,-0.039683,0.999998
2877,93.5252,0.1536,1,0.2,0,-0.438092,-0.038747,0.999998
2878,93.5582,0.1463,1,0.2,0,-0.432088,-0.037823,0.999998
2879,93.5901,0.1227,1,0.2,0,-0.426081,-0.036911,0.999998
2880,93.6183,0.1228,1,0.2,0,-0.420076,-0.036012,0.999998
2881,93.6541,0.1072,1,0.2,0,-0.414077,-0.035126,0.999998
2882,93.685,0.1159,1,0.2,0,-0.408084,-0.034254,0.999998
2883,93.7172,0.1236,1,0.2,0,-0.402094,-0.033395,0.999998
2884,93.7538,0.132,1,0.2,0,-0.39611,-0.032549,0.999998
2885,93.7851,0.1003,1,0.2,0,-0.39013,-0.031715,0.999998
2886,93.818,0.1079,1,0.2,0,-0.384148,-0.030894,0.999999
2887,93.8483,0.1312,1,0.2,0,-0.37816,-0.030085,0.999999
2888,93.8803,0.1314,1,0.2,0,-0.372167,-0.029287,0.999999
2889,93.9127,0.1392,1,0.2,0,-0.366164,-0.0285,0.999999
2890,93.9465,0.1385,1,0.2,0,-0.360149,-0.027725,0.999999
2891,93.9818,0.1074,1,0.2,0,-0.35412,-0.026961,0.999999
2892,94.0139,0.1155,1,0.2,0,-0.348079,-0.026207,0.999999
2893,94.0454,0.1238,1,0.2,0,-0.342029,-0.025466,0.999999
2894,94.075,0.1081,1,0.2,0,-0.335973,-0.024736,0.999999
2895,94.1082,0.1164,1,0.2,0,-0.32992,-0.02402,0.999999
2896,94.1411,0.0999,1,0.2,0,-0.323877,-0.023318,0.999999
2897,94.1725,0.1153,1,0.2,0,-0.317843,-0.022629,0.999999
2898,94.2058,0.1232,1,0.2,0,-0.311821,-0.021955,0.999999
2899,94.241,0.1237,1,0.2,0,-0.305805,-0.021295,0.999999
2900,94.2739,0.1225,1,0.2,0,-0.299793,-0.020649,0.999999
2901,94.3119,0.1384,1,0.2,0,-0.29378,-0.020016,0.999999
2902,94.3412,0.1541,1,0.2,0,-0.287762,-0.019395,0.999999
2903,94.3716,0.1616,1,0.2,0,-0.281733,-0.018787,0.999999
2904,94.4011,0.185,1,0.2,0,-0.275689,-0.01819,0.999999
2905,94.4333,0.2014,1,0.2,0,-0.269631,-0.017604,0.999999
2906,94.4645,0.2011,1,0.2,0,-0.263564,-0.01703,0.999999
2907,94.496,0.1377,1,0.2,0,-0.257494,-0.016468,0.999999
2908,94.531,0.1614,1,0.2,0,-0.251417,-0.015918,0.999999
2909,94.5658,0.1539,1,0.2,0,-0.245339,-0.015381,0.999999
2910,94.5974,0.1698,1,0.2,0,-0.239262,-0.014856,0.999999
2911,94.6319,0.1542,1,0.2,0,-0.233185,-0.014343,0.999999
2912,94.6613,0.1704,1,0.2,0,-0.227109,-0.013844,1.0
2913,94.6932,0.1627,1,0.2,0,-0.221038,-0.013358,1.0
2914,94.7243,0.155,1,0.2,0,-0.21497,-0.012885,1.0
2915,94.7583,0.1312,1,0.2,0,-0.208901,-0.012424,1.0
2916,94.7924,0.1467,1,0.2,0,-0.202829,-0.011976,1.0
2917,94.8262,0.1549,1,0.2,0,-0.196755,-0.011541,1.0
2918,94.8579,0.1552,1,0.2,0,-0.190682,-0.011119,1.0
2919,94.8904,0.1477,1,0.2,0,-0.184614,-0.01071,1.0
2920,94.9185,0.1394,1,0.2,0,-0.178556,-0.010314,1.0
2921,94.9537,0.1314,1,0.2,0,-0.172513,-0.009932,1.0
2922,94.9853,0.1474,1,0.2,0,-0.166486,-0.009563,1.0
2923,95.0181,0.1317,1,0.2,0,-0.160469,-0.009208,1.0
2924,95.055,0.1319,1,0.2,0,-0.154454,-0.008865,1.0
2925,95.0877,0.14,1,0.2,0,-0.148436,-0.008534,1.0
2926,95.1196,0.1161,1,0.2,0,-0.142409,-0.008216,1.0
2927,95.1535,0.1321,1,0.2,0,-0.136371,-0.007909,1.0
2928,95.1836,0.1481,1,0.2,0,-0.13032,-0.007614,1.0
2929,95.2145,0.1722,1,0.2,0,-0.124254,-0.007331,1.0
2930,95.2465,0.1801,1,0.2,0,-0.118171,-0.00706,1.0
2931,95.2793,0.1397,1,0.2,0,-0.112077,-0.0068,1.0
2932,95.3092,0.1637,1,0.2,0,-0.105976,-0.006553,1.0
2933,95.3461,0.0927,1,0.2,0,-0.099876,-0.006319,1.0
2934,95.379,0.1008,1,0.2,0,-0.093785,-0.006099,1.0
2935,95.411,0.0692,1,0.2,0,-0.087705,-0.005891,1.0
2936,95.442,0.0703,1,0.2,0,-0.081636,-0.005697,1.0
2937,95.4729,0.0454,1,0.2,0,-0.075575,-0.005517,1.0
2938,95.506,0.0292,1,0.2,0,-0.069521,-0.005349,1.0
2939,95.5376,0.0613,1,0.2,0,-0.063472,-0.005196,1.0
2940,95.5688,0.0613,1,0.2,0,-0.057423,-0.005055,1.0
2941,95.6031,0.0769,1,0.2,0,-0.051369,-0.004928,1.0
2942,95.6362,0.0925,1,0.2,0,-0.045303,-0.004814,1.0
2943,95.6726,0.1081,1,0.2,0,-0.039219,-0.004713,1.0
2944,95.7063,0.1241,1,0.2,0,-0.033111,-0.004626,1.0
2945,95.7417,0.1246,1,0.2,0,-0.026977,-0.004552,1.0
2946,95.7744,0.1252,1,0.2,0,-0.020818,-0.004492,1.0
2947,95.8104,0.1329,1,0.2,0,-0.014647,-0.004446,1.0
2948,95.842,0.1252,1,0.2,0,-0.008478,-0.004415,0.999999
2949,95.871,0.1406,1,0.2,0,-0.002326,-0.004398,0.999999
2950,95.9016,0.1173,1,0.2,0,0.003794,-0.004396,0.999999
2951,95.932,0.1317,1,0.2,0,0.009874,-0.004407,0.999999
2952,95.9637,0.1477,1,0.2,0,0.015907,-0.004432,0.999999
2953,95.9981,0.1244,1,0.2,0,0.021895,-0.00447,0.999998
2954,96.0321,0.1086,1,0.2,0,0.027848,-0.004521,0.999998
2955,96.0638,0.093,1,0.2,0,0.033777,-0.004584,0.999998
2956,96.0983,0.1017,1,0.2,0,0.039695,-0.004659,0.999997
2957,96.1298,0.0856,1,0.2,0,0.045614,-0.004746,0.999997
2958,96.1607,0.0698,1,0.2,0,0.051543,-0.004844,0.999997
2959,96.1935,0.0625,1,0.2,0,0.057489,-0.004955,0.999996
2960,96.2265,0.0546,1,0.2,0,0.06346,-0.005077,0.999996
2961,96.2578,0.0547,1,0.2,0,0.069459,-0.00521,0.999996
2962,96.2897,0.07,1,0.2,0,0.075492,-0.005356,0.999995
2963,96.3227,0.0699,1,0.2,0,0.081558,-0.005515,0.999995
2964,96.3571,0.0548,1,0.2,0,0.087656,-0.005686,0.999995
2965,96.3904,0.0863,1,0.2,0,0.093782,-0.005871,0.999994
2966,96.4219,0.0788,1,0.2,0,0.09993,-0.006069,0.999994
2967,96.4536,0.093,1,0.2,0,0.106091,-0.006282,0.999994
2968,96.4836,0.1014,1,0.2,0,0.112257,-0.006509,0.999994
2969,96.5152,0.139,1,0.2,0,0.118419,-0.00675,0.999993
2970,96.5523,0.108,1,0.2,0,0.124574,-0.007006,0.999993
2971,96.5806,0.1005,1,0.2,0,0.13071,-0.007276,0.999993
2972,96.6161,0.0851,1,0.2,0,0.13682,-0.00756,0.999993
2973,96.6496,0.0701,1,0.2,0,0.142904,-0.007856,0.999993
2974,96.6817,0.0858,1,0.2,0,0.148963,-0.008166,0.999993
2975,96.7136,0.0859,1,0.2,0,0.155002,-0.008489,0.999993
2976,96.7452,0.1015,1,0.2,0,0.161025,-0.008824,0.999993
2977,96.7775,0.0937,1,0.2,0,0.167036,-0.009172,0.999993
2978,96.81,0.0939,1,0.2,0,0.173044,-0.009532,0.999993
2979,96.8416,0.1247,1,0.2,0,0.179059,-0.009905,0.999993
2980,96.8769,0.1239,1,0.2,0,0.185085,-0.010292,0.999993
2981,96.9098,0.1083,1,0.2,0,0.191123,-0.010691,0.999993
2982,96.9421,0.1012,1,0.2,0,0.197174,-0.011103,0.999993
2983,96.9728,0.1245,1,0.2,0,0.203235,-0.011529,0.999993
2984,97.0054,0.1246,1,0.2,0,0.209304,-0.011967,0.999993
2985,97.0353,0.1245,1,0.2,0,0.215373,-0.012419,0.999994
2986,97.067,0.1331,1,0.2,0,0.221437,-0.012883,0.999994
2987,97.1027,0.1334,1,0.2,0,0.227489,-0.013359,0.999994
2988,97.1339,0.1181,1,0.2,0,0.233524,-0.013847,0.999994
2989,97.1691,0.1182,1,0.2,0,0.239541,-0.014346,0.999994
2990,97.2033,0.0953,1,0.2,0,0.24554,-0.014858,0.999995
2991,97.2329,0.0871,1,0.2,0,0.251521,-0.015381,0.999995
2992,97.2648,0.1326,1,0.2,0,0.257489,-0.015917,0.999995
2993,97.297,0.1323,1,0.2,0,0.263453,-0.016465,0.999996
2994,97.329,0.1242,1,0.2,0,0.269417,-0.017026,0.999996
2995,97.3616,0.1093,1,0.2,0,0.275389,-0.0176,0.999996
2996,97.3975,0.1087,1,0.2,0,0.281374,-0.018188,0.999997
2997,97.4306,0.0855,1,0.2,0,0.287372,-0.018791,0.999997
2998,97.4629,0.1091,1,0.2,0,0.293383,-0.019407,0.999997
2999,97.4934,0.1086,1,0.2,0,0.299407,-0.020037,0.999997
3000,97.5247,0.0627,1,0.2,0,0.305443,-0.020681,0.999998
3001,97.5538,0.0857,1,0.2,0,0.311488,-0.021339,0.999998
3002,97.584,0.0702,1,0.2,0,0.317539,-0.02201,0.999998
3003,97.6176,0.078,1,0.2,0,0.323589,-0.022695,0.999999
3004,97.6539,0.0699,1,0.2,0,0.329634,-0.023392,0.999999
3005,97.6857,0.0852,1,0.2,0,0.335669,-0.024102,0.999999
3006,97.718,0.0703,1,0.2,0,0.341692,-0.024824,1.0
3007,97.7501,0.0619,1,0.2,0,0.347701,-0.025557,1.0
3008,97.7803,0.0541,1,0.2,0,0.353699,-0.026303,1.0
3009,97.8143,0.0768,1,0.2,0,0.359693,-0.027061,1.000001
3010,97.8463,0.0689,1,0.2,0,0.365691,-0.027833,1.000001
3011,97.8779,0.0691,1,0.2,0,0.371697,-0.028619,1.000001
3012,97.9146,0.0851,1,0.2,0,0.37772,-0.029421,1.000002
3013,97.9461,0.085,1,0.2,0,0.383757,-0.030238,1.000002
3014,97.9791,0.0775,1,0.2,0,0.389806,-0.031069,1.000002
3015,98.0096,0.0931,1,0.2,0,0.395855,-0.031914,1.000002
3016,98.0418,0.0855,1,0.2,0,0.401898,-0.032771,1.000003
3017,98.0745,0.0779,1,0.2,0,0.407929,-0.033639,1.000003
3018,98.1093,0.0935,1,0.2,0,0.413952,-0.03452,1.000003
3019,98.143,0.0934,1,0.2,0,0.419971,-0.035414,1.000003
3020,98.1723,0.1165,1,0.2,0,0.425986,-0.03632,1.000003
3021,98.2016,0.1167,1,0.2,0,0.431998,-0.037239,1.000004
3022,98.2344,0.1003,1,0.2,0,0.438008,-0.038171,1.000004
3023,98.2646,0.092,1,0.2,0,0.444019,-0.039117,1.000004
3024,98.2979,0.0764,1,0.2,0,0.450037,-0.040077,1.000004
3025,98.3323,0.1,1,0.2,0,0.456062,-0.041051,1.000004
3026,98.3665,0.0851,1,0.2,0,0.462086,-0.042038,1.000005
3027,98.3982,0.0927,1,0.2,0,0.468101,-0.043037,1.000005
3028,98.4296,0.0849,1,0.2,0,0.47411,-0.044047,1.000005
3029,98.462,0.1002,1,0.2,0,0.480116,-0.04507,1.000005
3030,98.4949,0.0926,1,0.2,0,0.486118,-0.046105,1.000005
3031,98.5251,0.0926,1,0.2,0,0.492114,-0.047152,1.000005
3032,98.5576,0.0847,1,0.2,0,0.498103,-0.048211,1.000005
3033,98.5905,0.0845,1,0.2,0,0.50409,-0.049282,1.000005
3034,98.6244,0.0456,1,0.2,0,0.510079,-0.050366,1.000005
3035,98.6562,0.0534,1,0.2,0,0.516066,-0.051464,1.000005
3036,98.6897,0.0682,1,0.2,0,0.522049,-0.052573,1.000006
3037,98.7229,0.0529,1,0.2,0,0.528029,-0.053695,1.000006
3038,98.7537,0.0836,1,0.2,0,0.534006,-0.05483,1.000006
3039,98.7862,0.0528,1,0.2,0,0.539982,-0.055976,1.000006
3040,98.8187,0.0602,1,0.2,0,0.545954,-0.057135,1.000006
3041,98.85,0.0757,1,0.2,0,0.551928,-0.058308,1.000006
3042,98.8833,0.0373,1,0.2,0,0.557902,-0.059493,1.000006
3043,98.9187,0.0534,1,0.2,0,0.563881,-0.060692,1.000006
3044,98.9493,0.0846,1,0.2,0,0.569859,-0.061903,1.000006
3045,98.9819,0.069,1,0.2,0,0.575831,-0.063127,1.000006
3046,99.0146,0.0843,1,0.2,0,0.581796,-0.064362,1.000006
3047,99.046,0.1001,1,0.2,0,0.587754,-0.065609,1.000005
3048,99.0787,0.1084,1,0.2,0,0.593706,-0.066868,1.000005
3049,99.1097,0.085,1,0.2,0,0.599655,-0.068139,1.000005
3050,99.1432,0.0616,1,0.2,0,0.6056,-0.069423,1.000005
3051,99.1764,0.0769,1,0.2,0,0.611542,-0.070719,1.000005
3052,99.2099,0.0532,1,0.2,0,0.617482,-0.072029,1.000005
3053,99.2416,0.0758,1,0.2,0,0.623423,-0.073352,1.000005
3054,99.2749,0.0848,1,0.2,0,0.629363,-0.074688,1.000005
3055,99.3054,0.0922,1,0.2,0,0.635299,-0.076037,1.000005
3056,99.3381,0.0605,1,0.2,0,0.641233,-0.077399,1.000005
3057,99.3726,0.0689,1,0.2,0,0.647166,-0.078774,1.000005
3058,99.4058,0.0367,1,0.2,0,0.653099,-0.080163,1.000004
3059,99.4382,0.0448,1,0.2,0,0.659029,-0.081565,1.000004
3060,99.4684,0.0447,1,0.2,0,0.664958,-0.08298,1.000004
3061,99.4973,0.0994,1,0.2,0,0.670888,-0.084408,1.000004
3062,99.5293,0.0763,1,0.2,0,0.676817,-0.085849,1.000004
3063,99.5621,0.0764,1,0.2,0,0.682737,-0.087302,1.000004
3064,99.5987,0.0545,1,0.2,0,0.688647,-0.088766,1.000004
3065,99.6303,0.0855,1,0.2,0,0.69455,-0.090241,1.000003
3066,99.6628,0.1009,1,0.2,0,0.700447,-0.091728,1.000003
3067,99.6952,0.1009,1,0.2,0,0.706342,-0.093228,1.000003
3068,99.7232,0.1235,1,0.2,0,0.712232,-0.09474,1.000003
3069,99.7575,0.0931,1,0.2,0,0.718123,-0.096266,1.000003
3070,99.7922,0.1018,1,0.2,0,0.724017,-0.097806,1.000003
3071,99.8217,0.0782,1,0.2,0,0.729905,-0.099358,1.000003
3072,99.8574,0.0853,1,0.2,0,0.735789,-0.100923,1.000003
3073,99.8889,0.0846,1,0.2,0,0.741673,-0.102502,1.000002
3074,99.9225,0.0999,1,0.2,0,0.747561,-0.104095,1.000002
3075,99.9542,0.0755,1,0.2,0,0.753448,-0.105702,1.000002
3076,99.9833,0.0995,1,0.2,0,0.759332,-0.107321,1.000002
3077,100.0162,0.0379,1,0.2,0,0.765208,-0.108951,1.000002
3078,100.0501,0.069,1,0.2,0,0.771068,-0.110591,1.000002
3079,100.0828,0.0682,1,0.2,0,0.776915,-0.112241,1.000002
3080,100.1171,0.0762,1,0.2,0,0.782758,-0.113903,1.000002
3081,100.1491,0.0838,1,0.2,0,0.788601,-0.115578,1.000001
3082,100.1807,0.0839,1,0.2,0,0.794443,-0.117267,1.000001
3083,100.2135,0.0766,1,0.2,0,0.800292,-0.118972,1.000001
3084,100.2464,0.1243,1,0.2,0,0.806147,-0.120691,1.000001
3085,100.2757,0.0854,1,0.2,0,0.812,-0.122424,1.000001
3086,100.3059,0.1327,1,0.2,0,0.817846,-0.124168,1.000001
3087,100.3386,0.1014,1,0.2,0,0.823685,-0.125924,1.000001
3088,100.3693,0.1167,1,0.2,0,0.82952,-0.127692,1.000001
3089,100.4047,0.1011,1,0.2,0,0.835357,-0.129475,1.000001
3090,100.4414,0.0932,1,0.2,0,0.841191,-0.13127,1.000001
3091,100.4746,0.0996,1,0.2,0,0.847015,-0.133076,1.000001
3092,100.5087,0.0605,1,0.2,0,0.852826,-0.134892,1.000001
3093,100.5416,0.0836,1,0.2,0,0.858626,-0.136719,1.0
3094,100.5722,0.0601,1,0.2,0,0.864408,-0.138554,1.0
3095,100.6011,0.0678,1,0.2,0,0.870182,-0.1404,1.0
3096,100.6343,0.0837,1,0.2,0,0.875958,-0.14226,1.0
3097,100.6673,0.0924,1,0.2,0,0.881744,-0.144138,1.0
3098,100.6984,0.0922,1,0.2,0,0.887536,-0.146031,1.0
3099,100.7308,0.1003,1,0.2,0,0.893328,-0.147937,1.0
3100,100.7679,0.116,1,0.2,0,0.899119,-0.149857,1.0
3101,100.8013,0.1091,1,0.2,0,0.904909,-0.15179,1.0
3102,100.834,0.1165,1,0.2,0,0.910696,-0.153736,1.0
3103,100.8648,0.1002,1,0.2,0,0.91648,-0.155694,1.0
3104,100.8942,0.0923,1,0.2,0,0.922256,-0.157664,1.0
3105,100.9258,0.0923,1,0.2,0,0.928028,-0.159647,1.0
3106,100.9581,0.0533,1,0.2,0,0.933792,-0.16164,1.0
3107,100.9906,0.0836,1,0.2,0,0.939538,-0.163642,1.0
3108,101.0244,0.0601,1,0.2,0,0.945268,-0.165652,1.0
3109,101.0583,0.0759,1,0.2,0,0.950989,-0.167673,1.0
3110,101.0904,0.1077,1,0.2,0,0.956716,-0.16971,1.0
3111,101.1221,0.0765,1,0.2,0,0.962448,-0.171763,1.0
3112,101.156,0.1011,1,0.2,0,0.968181,-0.17383,1.0
3113,101.1851,0.0772,1,0.2,0,0.97391,-0.17591,1.0
3114,101.2154,0.1079,1,0.2,0,0.97964,-0.178004,1.0
3115,101.2503,0.0929,1,0.2,0,0.98537,-0.180112,1.0
3116,101.2832,0.1006,1,0.2,0,0.991099,-0.182233,1.0
3117,101.3145,0.0539,1,0.2,0,0.99682,-0.184366,1.0
3118,101.3492,0.1003,1,0.2,0,1.002528,-0.186508,1.0
3119,101.382,0.1004,1,0.2,0,1.008218,-0.188657,1.0
3120,101.4244,0.068,1,0.2,0,1.013896,-0.190816,1.0
3121,101.4566,0.076,1,0.2,0,1.019571,-0.192988,1.0
3122,101.4888,0.0767,1,0.2,0,1.02525,-0.195175,1.0
3123,101.5176,0.0691,1,0.2,0,1.030935,-0.197379,1.0
3124,101.5493,0.0846,1,0.2,0,1.036618,-0.199597,1.0
3125,101.5795,0.0918,1,0.2,0,1.042298,-0.201827,1.0
3126,101.6109,0.1089,1,0.2,0,1.047968,-0.204067,1.0
3127,101.6432,0.0851,1,0.2,0,1.053627,-0.206317,1.0
3128,101.6762,0.0693,1,0.2,0,1.059273,-0.208576,1.0
3129,101.711,0.1163,1,0.2,0,1.064912,-0.210846,1.0
3130,101.7403,0.0767,1,0.2,0,1.070547,-0.213129,1.0
3131,101.7728,0.0676,1,0.2,0,1.076182,-0.215426,1.0
3132,101.8068,0.1005,1,0.2,0,1.081818,-0.217737,1.0
3133,101.8392,0.0842,1,0.2,0,1.087446,-0.220059,1.0
3134,101.8706,0.0607,1,0.2,0,1.093073,-0.222395,1.0
3135,101.904,0.0848,1,0.2,0,1.098694,-0.224742,1.0
3136,101.936,0.0849,1,0.2,0,1.104309,-0.227102,1.0
3137,101.9686,0.0854,1,0.2,0,1.109916,-0.229472,1.0
3138,102.002,0.0546,1,0.2,0,1.115517,-0.231853,1.0
3139,102.0343,0.1006,1,0.2,0,1.121109,-0.234245,1.0
3140,102.0638,0.0845,1,0.2,0,1.126693,-0.236648,1.0
3141,102.0965,0.0837,1,0.2,0,1.132275,-0.239064,1.0
3142,102.1265,0.0846,1,0.2,0,1.13786,-0.241496,1.0
3143,102.1582,0.0771,1,0.2,0,1.143437,-0.243938,1.0
3144,102.1903,0.1002,1,0.2,0,1.149003,-0.24639,1.0
3145,102.2226,0.0922,1,0.2,0,1.154564,-0.248854,1.000001
3146,102.2584,0.1158,1,0.2,0,1.160126,-0.251333,1.000001
3147,102.2906,0.1078,1,0.2,0,1.165687,-0.253826,1.000001
3148,102.3217,0.1165,1,0.2,0,1.171251,-0.256335,1.000001
3149,102.3551,0.1086,1,0.2,0,1.176806,-0.258854,1.000001
3150,102.3831,0.0924,1,0.2,0,1.182353,-0.261384,1.000001
3151,102.414,0.0921,1,0.2,0,1.187891,-0.263923,1.000001
3152,102.4489,0.0848,1,0.2,0,1.193414,-0.266471,1.000001
3153,102.4818,0.0846,1,0.2,0,1.19893,-0.269029,1.000001
3154,102.515,0.0775,1,0.2,0,1.20444,-0.2716,1.000001
3155,102.5492,0.0846,1,0.2,0,1.209944,-0.274182,1.000001
3156,102.5818,0.124,1,0.2,0,1.215447,-0.276778,1.000001
3157,102.6145,0.1007,1,0.2,0,1.220942,-0.279384,1.000001
3158,102.6474,0.1315,1,0.2,0,1.226435,-0.282004,1.000001
3159,102.6768,0.0766,1,0.2,0,1.231924,-0.284636,1.000001
3160,102.7057,0.1077,1,0.2,0,1.237401,-0.287276,1.000001
3161,102.7372,0.0687,1,0.2,0,1.242867,-0.289926,1.000002
3162,102.7684,0.1079,1,0.2,0,1.248331,-0.29259,1.000002
3163,102.8024,0.0775,1,0.2,0,1.253793,-0.295267,1.000002
3164,102.8361,0.1083,1,0.2,0,1.259256,-0.297959,1.000002
3165,102.8699,0.108,1,0.2,0,1.26471,-0.300661,1.000002
3166,102.9022,0.0933,1,0.2,0,1.270156,-0.303374,1.000002
3167,102.9347,0.0918,1,0.2,0,1.275598,-0.3061,1.000002
3168,102.967,0.092,1,0.2,0,1.28103,-0.308834,1.000002
3169,102.9989,0.0925,1,0.2,0,1.286454,-0.31158,1.000002
3170,103.0292,0.1084,1,0.2,0,1.291868,-0.314335,1.000002
3171,103.0607,0.0923,1,0.2,0,1.297279,-0.317104,1.000002
3172,103.0964,0.1083,1,0.2,0,1.30269,-0.319887,1.000002
3173,103.1308,0.1087,1,0.2,0,1.308103,-0.322685,1.000002
3174,103.1628,0.0851,1,0.2,0,1.313511,-0.325496,1.000002
3175,103.1946,0.0843,1,0.2,0,1.318903,-0.328314,1.000002
3176,103.2245,0.0843,1,0.2,0,1.324284,-0.33114,1.000002
3177,103.2558,0.0768,1,0.2,0,1.329658,-0.333978,1.000002
3178,103.2881,0.0919,1,0.2,0,1.335027,-0.336827,1.000002
3179,103.3188,0.0848,1,0.2,0,1.340392,-0.339689,1.000002
3180,103.3532,0.1002,1,0.2,0,1.345757,-0.342567,1.000002
3181,103.3845,0.0695,1,0.2,0,1.351122,-0.345459,1.000002
3182,103.4162,0.1087,1,0.2,0,1.356477,-0.34836,1.000002
3183,103.447,0.0928,1,0.2,0,1.36182,-0.35127,1.000002
3184,103.483,0.1083,1,0.2,0,1.36715,-0.354187,1.000002
3185,103.5151,0.092,1,0.2,0,1.372476,-0.357118,1.000002
3186,103.5513,0.1235,1,0.2,0,1.377801,-0.360063,1.000002
3187,103.5821,0.108,1,0.2,0,1.383126,-0.363022,1.000002
3188,103.615,0.1159,1,0.2,0,1.388442,-0.365992,1.000002
3189,103.6476,0.0771,1,0.2,0,1.393748,-0.368972,1.000002
3190,103.6763,0.1154,1,0.2,0,1.399047,-0.371962,1.000002
3191,103.7096,0.1007,1,0.2,0,1.404343,-0.374965,1.000002
3192,103.7402,0.124,1,0.2,0,1.409626,-0.377976,1.000002
3193,103.7729,0.1153,1,0.2,0,1.414896,-0.380995,1.000002
3194,103.8075,0.0925,1,0.2,0,1.420169,-0.384031,1.000002
3195,103.842,0.1002,1,0.2,0,1.425442,-0.387081,1.000002
3196,103.8735,0.0848,1,0.2,0,1.430708,-0.390142,1.000002
3197,103.907,0.108,1,0.2,0,1.435964,-0.393212,1.000002
3198,103.9393,0.0681,1,0.2,0,1.441211,-0.396293,1.000002
3199,103.9681,0.1,1,0.2,0,1.446456,-0.399387,1.000002
3200,104.0022,0.0768,1,0.2,0,1.451705,-0.402499,1.000002
3201,104.0337,0.0998,1,0.2,0,1.456954,-0.405626,1.000002
3202,104.0644,0.0931,1,0.2,0,1.462199,-0.408766,1.000002
3203,104.097,0.1006,1,0.2,0,1.467431,-0.411913,1.000001
3204,104.1307,0.0848,1,0.2,0,1.472647,-0.415067,1.000001
3205,104.1653,0.092,1,0.2,0,1.477848,-0.418226,1.000001
3206,104.1985,0.1154,1,0.2,0,1.483041,-0.421396,1.000001
3207,104.2307,0.085,1,0.2,0,1.488232,-0.42458,1.000001
3208,104.261,0.0928,1,0.2,0,1.493418,-0.427777,1.000001
3209,104.2946,0.1086,1,0.2,0,1.498594,-0.430982,1.000001
3210,104.3249,0.1078,1,0.2,0,1.503755,-0.434193,1.000001
3211,104.3578,0.1078,1,0.2,0,1.508904,-0.437413,1.000001
3212,104.393,0.1081,1,0.2,0,1.514052,-0.440647,1.000001
3213,104.4274,0.1162,1,0.2,0,1.519196,-0.443894,1.000001
3214,104.4588,0.0845,1,0.2,0,1.524336,-0.447154,1.000001
3215,104.4902,0.0925,1,0.2,0,1.529469,-0.450424,1.000001
3216,104.5194,0.1006,1,0.2,0,1.534593,-0.453705,1.0
3217,104.5512,0.1076,1,0.2,0,1.539708,-0.456995,1.0
3218,104.5816,0.1243,1,0.2,0,1.54482,-0.460298,1.0
3219,104.6146,0.0773,1,0.2,0,1.549924,-0.463613,1.0
3220,104.6485,0.1076,1,0.2,0,1.555025,-0.46694,1.0
3221,104.6803,0.1,1,0.2,0,1.560118,-0.470278,1.0
3222,104.7127,0.1085,1,0.2,0,1.565202,-0.473626,1.0
3223,104.7464,0.0925,1,0.2,0,1.570279,-0.476985,1.0
3224,104.7774,0.0925,1,0.2,0,1.575349,-0.480354,1.0
3225,104.8102,0.1005,1,0.2,0,1.580414,-0.483736,1.0
3226,104.8393,0.0683,1,0.2,0,1.585473,-0.48713,1.0
3227,104.8749,0.0931,1,0.2,0,1.590528,-0.490537,1.0
3228,104.9107,0.0926,1,0.2,0,1.595572,-0.493951,1.0
3229,104.9455,0.0772,1,0.2,0,1.600603,-0.497373,1.0
3230,104.9771,0.124,1,0.2,0,1.605627,-0.500805,1.0
3231,105.0088,0.1077,1,0.2,0,1.610646,-0.504251,1.0
3232,105.0416,0.0914,1,0.2,0,1.615659,-0.507707,1.0
3233,105.0723,0.1086,1,0.2,0,1.620663,-0.511173,1.0
3234,105.1066,0.0843,1,0.2,0,1.625656,-0.514648,1.0
3235,105.1393,0.1242,1,0.2,0,1.630637,-0.51813,0.999999
3236,105.1696,0.1079,1,0.2,0,1.635608,-0.521622,0.999999
3237,105.2008,0.0989,1,0.2,0,1.640582,-0.525131,0.999999
3238,105.2367,0.1243,1,0.2,0,1.645558,-0.528656,0.999999
3239,105.2722,0.0922,1,0.2,0,1.650527,-0.532194,0.999999
3240,105.3063,0.1157,1,0.2,0,1.65548,-0.535736,0.999999
3241,105.3409,0.0845,1,0.2,0,1.660431,-0.539292,1.0
3242,105.3722,0.1236,1,0.2,0,1.665374,-0.542858,1.0
3243,105.4044,0.1004,1,0.2,0,1.670313,-0.546437,1.0
3244,105.4385,0.1313,1,0.2,0,1.675243,-0.550026,1.0
3245,105.4676,0.1243,1,0.2,0,1.680166,-0.553626,1.0
3246,105.4981,0.1084,1,0.2,0,1.685077,-0.557233,1.0
3247,105.5298,0.0994,1,0.2,0,1.689979,-0.56085,1.0
3248,105.5604,0.0765,1,0.2,0,1.694879,-0.564481,1.000001
3249,105.594,0.0927,1,0.2,0,1.699776,-0.568127,1.000001
3250,105.6273,0.1001,1,0.2,0,1.704656,-0.571777,1.000001
3251,105.6615,0.1079,1,0.2,0,1.709526,-0.575435,1.000001
3252,105.6968,0.0849,1,0.2,0,1.714382,-0.5791,1.000001
3253,105.7294,0.1081,1,0.2,0,1.719237,-0.58278,1.000002
3254,105.7638,0.092,1,0.2,0,1.724082,-0.58647,1.000002
3255,105.7937,0.124,1,0.2,0,1.728918,-0.590169,1.000002
3256,105.8239,0.1006,1,0.2,0,1.733741,-0.593874,1.000002
3257,105.8545,0.1242,1,0.2,0,1.738559,-0.597592,1.000003
3258,105.8865,0.1235,1,0.2,0,1.743367,-0.601318,1.000003
3259,105.9189,0.1087,1,0.2,0,1.74817,-0.605057,1.000003
3260,105.9535,0.0852,1,0.2,0,1.752965,-0.608806,1.000003
3261,105.9852,0.1009,1,0.2,0,1.757752,-0.612565,1.000003
3262,106.0193,0.132,1,0.2,0,1.762527,-0.61633,1.000004
3263,106.0506,0.0692,1,0.2,0,1.767296,-0.620108,1.000004
3264,106.0803,0.116,1,0.2,0,1.77206,-0.623898,1.000004
3265,106.1151,0.1074,1,0.2,0,1.776817,-0.627699,1.000004
3266,106.146,0.0926,1,0.2,0,1.781562,-0.631507,1.000004
3267,106.1775,0.1239,1,0.2,0,1.786289,-0.635317,1.000004
3268,106.2144,0.1076,1,0.2,0,1.79101,-0.639139,1.000004
3269,106.2459,0.1312,1,0.2,0,1.795724,-0.642972,1.000004
3270,106.2764,0.0999,1,0.2,0,1.800433,-0.646817,1.000004
3271,106.3091,0.1316,1,0.2,0,1.805135,-0.650674,1.000004
3272,106.3405,0.1157,1,0.2,0,1.809831,-0.654543,1.000004
3273,106.3745,0.1082,1,0.2,0,1.814518,-0.658421,1.000004
3274,106.4058,0.1158,1,0.2,0,1.8192,-0.662312,1.000004
3275,106.4382,0.1081,1,0.2,0,1.823878,-0.666217,1.000004
3276,106.4709,0.116,1,0.2,0,1.828544,-0.670128,1.000004
3277,106.5058,0.1082,1,0.2,0,1.833198,-0.674047,1.000004
3278,106.5404,0.1156,1,0.2,0,1.83785,-0.677981,1.000004
3279,106.5736,0.0921,1,0.2,0,1.842502,-0.681933,1.000003
3280,106.6057,0.1241,1,0.2,0,1.847145,-0.685894,1.000003
3281,106.6373,0.0774,1,0.2,0,1.851775,-0.68986,1.000003
3282,106.6659,0.1394,1,0.2,0,1.856393,-0.693833,1.000003
3283,106.6976,0.1005,1,0.2,0,1.861002,-0.697816,1.000003
3284,106.7291,0.1,1,0.2,0,1.8656,-0.701807,1.000003
3285,106.7616,0.1084,1,0.2,0,1.870181,-0.705799,1.000003
3286,106.7971,0.1317,1,0.2,0,1.874745,-0.709795,1.000003
3287,106.8308,0.1316,1,0.2,0,1.879305,-0.713803,1.000002
3288,106.8638,0.1082,1,0.2,0,1.883855,-0.71782,1.000002
3289,106.8979,0.1072,1,0.2,0,1.888398,-0.721848,1.000002
3290,106.925,0.0851,1,0.2,0,1.892931,-0.725883,1.000002
3291,106.961,0.1311,1,0.2,0,1.897456,-0.729929,1.000002
3292,106.9925,0.1235,1,0.2,0,1.901973,-0.733984,1.000002
3293,107.0248,0.108,1,0.2,0,1.906485,-0.738053,1.000001
3294,107.0587,0.0771,1,0.2,0,1.91099,-0.742131,1.000001
3295,107.0886,0.1161,1,0.2,0,1.915484,-0.746217,1.000001
3296,107.1211,0.1236,1,0.2,0,1.919971,-0.750314,1.000001
3297,107.1541,0.1167,1,0.2,0,1.924452,-0.754422,1.000001
3298,107.1882,0.1158,1,0.2,0,1.928926,-0.758542,1.000001
3299,107.2212,0.0844,1,0.2,0,1.93339,-0.762669,1.0
3300,107.2529,0.1319,1,0.2,0,1.937844,-0.766804,1.0
3301,107.2851,0.0931,1,0.2,0,1.942293,-0.770953,1.0
3302,107.3167,0.108,1,0.2,0,1.946738,-0.775117,1.0
3303,107.3485,0.0924,1,0.2,0,1.951176,-0.779291,1.0
3304,107.3817,0.1247,1,0.2,0,1.955602,-0.783472,0.999999
3305,107.414,0.0772,1,0.2,0,1.960025,-0.787668,0.999999
3306,107.4502,0.132,1,0.2,0,1.964444,-0.791879,0.999999
3307,107.4811,0.1159,1,0.2,0,1.968861,-0.796106,0.999999
3308,107.5135,0.0992,1,0.2,0,1.973267,-0.800341,0.999999
3309,107.5459,0.1005,1,0.2,0,1.977667,-0.804588,0.999999
3310,107.5753,0.1163,1,0.2,0,1.98206,-0.808848,0.999999
3311,107.61,0.1229,1,0.2,0,1.98644,-0.813113,0.999998
3312,107.6405,0.1081,1,0.2,0,1.990803,-0.81738,0.999998
3313,107.6726,0.124,1,0.2,0,1.995152,-0.821651,0.999998
3314,107.7075,0.1158,1,0.2,0,1.999487,-0.825927,0.999998
3315,107.7429,0.131,1,0.2,0,2.003807,-0.830206,0.999998
3316,107.7759,0.1233,1,0.2,0,2.008112,-0.834488,0.999998
3317,107.8106,0.14,1,0.2,0,2.012406,-0.838778,0.999998
3318,107.8424,0.1399,1,0.2,0,2.016692,-0.843077,0.999998
3319,107.8718,0.1242,1,0.2,0,2.02097,-0.847387,0.999997
3320,107.9014,0.1158,1,0.2,0,2.025237,-0.851703,0.999997
3321,107.9302,0.1166,1,0.2,0,2.029495,-0.856029,0.999997
3322,107.9617,0.1554,1,0.2,0,2.033747,-0.860366,0.999997
3323,107.9973,0.1005,1,0.2,0,2.037992,-0.864716,0.999997
3324,108.0306,0.1002,1,0.2,0,2.04223,-0.869076,0.999997
3325,108.0641,0.0927,1,0.2,0,2.046457,-0.873443,0.999997
3326,108.0971,0.1391,1,0.2,0,2.050675,-0.877821,0.999997
3327,108.1306,0.0847,1,0.2,0,2.054886,-0.88221,0.999997
3328,108.1619,0.131,1,0.2,0,2.05909,-0.886609,0.999997
3329,108.194,0.1004,1,0.2,0,2.063284,-0.891017,0.999997
3330,108.2231,0.1473,1,0.2,0,2.067472,-0.895439,0.999997
3331,108.2575,0.0998,1,0.2,0,2.071655,-0.899874,0.999996
3332,108.2889,0.1003,1,0.2,0,2.075832,-0.904321,0.999996
3333,108.3218,0.1,1,0.2,0,2.080002,-0.908779,0.999996
3334,108.3584,0.1083,1,0.2,0,2.084164,-0.913248,0.999996
3335,108.3907,0.1239,1,0.2,0,2.088318,-0.917728,0.999996
3336,108.4228,0.1089,1,0.2,0,2.092465,-0.922219,0.999996
3337,108.454,0.1163,1,0.2,0,2.096597,-0.926712,0.999996
3338,108.4844,0.0772,1,0.2,0,2.100712,-0.931207,0.999996
3339,108.5156,0.1003,1,0.2,0,2.104814,-0.935706,0.999996
3340,108.5496,0.0771,1,0.2,0,2.108906,-0.940214,0.999996
3341,108.5801,0.1075,1,0.2,0,2.112984,-0.944726,0.999996
3342,108.6144,0.1164,1,0.2,0,2.117048,-0.949242,0.999996
3343,108.6509,0.1001,1,0.2,0,2.121102,-0.953766,0.999996
3344,108.6809,0.1233,1,0.2,0,2.12515,-0.958304,0.999996
3345,108.7129,0.0845,1,0.2,0,2.129193,-0.962855,0.999996
3346,108.7454,0.1393,1,0.2,0,2.133224,-0.967413,0.999996
3347,108.7757,0.0925,1,0.2,0,2.137242,-0.971977,0.999997
3348,108.8106,0.1467,1,0.2,0,2.141248,-0.976547,0.999997
3349,108.846,0.0932,1,0.2,0,2.145246,-0.981126,0.999997
3350,108.8773,0.1317,1,0.2,0,2.149231,-0.98571,0.999997
3351,108.9078,0.1081,1,0.2,0,2.153204,-0.990301,0.999997
3352,108.9369,0.1156,1,0.2,0,2.157166,-0.994899,0.999997
3353,108.9668,0.1082,1,0.2,0,2.161122,-0.999509,0.999997
3354,108.999,0.1073,1,0.2,0,2.165068,-1.004128,0.999997
3355,109.0343,0.1235,1,0.2,0,2.169007,-1.008758,0.999997
3356,109.0668,0.0928,1,0.2,0,2.172939,-1.013399,0.999997
3357,109.1027,0.1231,1,0.2,0,2.17686,-1.018048,0.999997
3358,109.1341,0.0997,1,0.2,0,2.180776,-1.02271,0.999997
3359,109.166,0.1164,1,0.2,0,2.184686,-1.027385,0.999998
3360,109.1969,0.1161,1,0.2,0,2.188589,-1.032072,0.999998
3361,109.226,0.1469,1,0.2,0,2.192481,-1.036765,0.999998
3362,109.2558,0.1315,1,0.2,0,2.196366,-1.041471,0.999998
3363,109.2892,0.1241,1,0.2,0,2.200243,-1.046187,0.999998
3364,109.3222,0.108,1,0.2,0,2.204106,-1.050907,0.999998
3365,109.3578,0.1,1,0.2,0,2.20796,-1.055636,0.999999
3366,109.3901,0.1084,1,0.2,0,2.211802,-1.060371,0.999999
3367,109.4207,0.0847,1,0.2,0,2.215636,-1.065117,0.999999
3368,109.453,0.0998,1,0.2,0,2.219458,-1.069868,0.999999
3369,109.4833,0.0846,1,0.2,0,2.22327,-1.074628,0.999999
3370,109.515,0.1233,1,0.2,0,2.227072,-1.079397,0.999999
3371,109.5497,0.1,1,0.2,0,2.230861,-1.08417,0.999999
3372,109.5806,0.123,1,0.2,0,2.234638,-1.088949,1.0
3373,109.6144,0.1084,1,0.2,0,2.238401,-1.093732,1.0
3374,109.6502,0.1161,1,0.2,0,2.242152,-1.09852,1.0
3375,109.6814,0.1156,1,0.2,0,2.245889,-1.10331,1.0
3376,109.7143,0.1313,1,0.2,0,2.24962,-1.108116,1.0
3377,109.7461,0.1471,1,0.2,0,2.253344,-1.112932,1.0
3378,109.7757,0.0928,1,0.2,0,2.257058,-1.117758,1.0
3379,109.8063,0.1076,1,0.2,0,2.26076,-1.122588,1.0
3380,109.8368,0.0995,1,0.2,0,2.264457,-1.127434,1.000001
3381,109.8679,0.1164,1,0.2,0,2.268147,-1.132291,1.000001
3382,109.9017,0.1,1,0.2,0,2.271823,-1.137152,1.000001
3383,109.935,0.1162,1,0.2,0,2.275491,-1.142025,1.000001
3384,109.9693,0.0685,1,0.2,0,2.279147,-1.146902,1.000001
3385,110.0032,0.116,1,0.2,0,2.282799,-1.151797,1.000002
3386,110.0347,0.0919,1,0.2,0,2.286439,-1.156695,1.000002
3387,110.0669,0.1236,1,0.2,0,2.290065,-1.161598,1.000003
3388,110.0982,0.116,1,0.2,0,2.293677,-1.166504,1.000003
3389,110.1298,0.1235,1,0.2,0,2.297277,-1.171415,1.000003
3390,110.1639,0.1076,1,0.2,0,2.300874,-1.176345,1.000003
3391,110.1976,0.108,1,0.2,0,2.304464,-1.181286,1.000004
3392,110.2289,0.1239,1,0.2,0,2.308044,-1.186236,1.000004
3393,110.2592,0.0923,1,0.2,0,2.311608,-1.191186,1.000004
3394,110.2939,0.1391,1,0.2,0,2.31516,-1.196142,1.000004
3395,110.3257,0.0931,1,0.2,0,2.318705,-1.20111,1.000005
3396,110.3572,0.1081,1,0.2,0,2.322241,-1.206088,1.000005
3397,110.3899,0.1472,1,0.2,0,2.325764,-1.211071,1.000005
3398,110.4224,0.1005,1,0.2,0,2.329274,-1.216058,1.000005
3399,110.4578,0.1384,1,0.2,0,2.332772,-1.221049,1.000005
3400,110.4893,0.0859,1,0.2,0,2.336259,-1.226049,1.000005
3401,110.5211,0.116,1,0.2,0,2.339737,-1.23106,1.000005
3402,110.5526,0.1235,1,0.2,0,2.343204,-1.236076,1.000005
3403,110.5828,0.1088,1,0.2,0,2.346658,-1.241096,1.000005
3404,110.6149,0.1396,1,0.2,0,2.350098,-1.24612,1.000005
3405,110.6497,0.1001,1,0.2,0,2.353531,-1.251156,1.000005
3406,110.6816,0.0852,1,0.2,0,2.356957,-1.256205,1.000005
3407,110.7147,0.1236,1,0.2,0,2.360377,-1.261269,1.000004
3408,110.7492,0.1003,1,0.2,0,2.363784,-1.266336,1.000004
3409,110.7824,0.1073,1,0.2,0,2.367175,-1.271402,1.000004
3410,110.8135,0.1314,1,0.2,0,2.370553,-1.276474,1.000004
3411,110.8448,0.0925,1,0.2,0,2.373924,-1.281556,1.000004
3412,110.8742,0.1,1,0.2,0,2.377285,-1.286649,1.000004
3413,110.905,0.1155,1,0.2,0,2.380638,-1.291754,1.000003
3414,110.9386,0.1395,1,0.2,0,2.383979,-1.296863,1.000003
3415,110.9699,0.1083,1,0.2,0,2.38731,-1.301982,1.000003
3416,111.001,0.0995,1,0.2,0,2.390627,-1.307102,1.000003
3417,111.0363,0.1082,1,0.2,0,2.393931,-1.312228,1.000003
3418,111.0681,0.0849,1,0.2,0,2.397226,-1.317364,1.000003
3419,111.1023,0.1236,1,0.2,0,2.40051,-1.322507,1.000002
3420,111.1338,0.108,1,0.2,0,2.403783,-1.327657,1.000002
3421,111.1659,0.1156,1,0.2,0,2.407044,-1.332813,1.000002
3422,111.1964,0.0997,1,0.2,0,2.410294,-1.337976,1.000002
3423,111.2292,0.1165,1,0.2,0,2.413534,-1.343147,1.000001
3424,111.2614,0.0923,1,0.2,0,2.416766,-1.348331,1.000001
3425,111.2989,0.0764,1,0.2,0,2.419991,-1.353529,1.000001
3426,111.3294,0.1164,1,0.2,0,2.423209,-1.358738,1.000001
3427,111.3617,0.1163,1,0.2,0,2.426414,-1.363953,1.0
3428,111.3937,0.1232,1,0.2,0,2.429604,-1.369168,1.0
3429,111.4236,0.0851,1,0.2,0,2.43278,-1.374385,1.0
3430,111.4535,0.1161,1,0.2,0,2.435945,-1.379609,1.0
3431,111.4843,0.1242,1,0.2,0,2.439096,-1.384835,0.999999
3432,111.5177,0.1008,1,0.2,0,2.442232,-1.39006,0.999999
3433,111.5549,0.0916,1,0.2,0,2.445352,-1.395286,0.999999
3434,111.5854,0.1474,1,0.2,0,2.44846,-1.400516,0.999999
3435,111.6189,0.1243,1,0.2,0,2.451556,-1.405751,0.999998
3436,111.6502,0.1156,1,0.2,0,2.454643,-1.410998,0.999998
3437,111.6794,0.116,1,0.2,0,2.457724,-1.416259,0.999998
3438,111.7136,0.1159,1,0.2,0,2.460799,-1.421536,0.999998
3439,111.7468,0.1319,1,0.2,0,2.463864,-1.426823,0.999998
3440,111.7773,0.0836,1,0.2,0,2.466917,-1.432114,0.999997
3441,111.8092,0.0921,1,0.2,0,2.469959,-1.437413,0.999997
3442,111.8447,0.1078,1,0.2,0,2.472993,-1.442724,0.999997
3443,111.8779,0.109,1,0.2,0,2.476016,-1.44804,0.999997
3444,111.9103,0.1088,1,0.2,0,2.479028,-1.453364,0.999997
3445,111.9419,0.1074,1,0.2,0,2.482023,-1.458687,0.999997
3446,111.9735,0.1233,1,0.2,0,2.485007,-1.464014,0.999997
3447,112.0055,0.132,1,0.2,0,2.48798,-1.469351,0.999997
3448,112.0379,0.1163,1,0.2,0,2.49094,-1.474691,0.999997
3449,112.0721,0.1003,1,0.2,0,2.493886,-1.480034,0.999997
3450,112.1062,0.0846,1,0.2,0,2.496825,-1.485389,0.999997
3451,112.1408,0.124,1,0.2,0,2.499753,-1.490753,0.999997
3452,112.1739,0.1161,1,0.2,0,2.502669,-1.496123,0.999997
3453,112.2049,0.1161,1,0.2,0,2.505574,-1.5015,0.999997
3454,112.2382,0.1078,1,0.2,0,2.508466,-1.506881,0.999997
3455,112.2673,0.0995,1,0.2,0,2.511349,-1.512273,0.999997
3456,112.3024,0.1092,1,0.2,0,2.514224,-1.517676,0.999997
3457,112.3338,0.1012,1,0.2,0,2.517081,-1.523075,0.999997
3458,112.3684,0.1158,1,0.2,0,2.519924,-1.528476,0.999997
3459,112.4014,0.1077,1,0.2,0,2.522754,-1.533879,0.999998
3460,112.4328,0.116,1,0.2,0,2.525576,-1.539295,0.999998
3461,112.4621,0.1321,1,0.2,0,2.528387,-1.544718,0.999998
3462,112.4962,0.0921,1,0.2,0,2.531186,-1.550146,0.999998
3463,112.53,0.1085,1,0.2,0,2.533969,-1.555573,0.999998
3464,112.5627,0.1166,1,0.2,0,2.53674,-1.561004,0.999998
3465,112.5944,0.1239,1,0.2,0,2.539501,-1.566445,0.999998
3466,112.626,0.1244,1,0.2,0,2.542251,-1.571891,0.999999
3467,112.6577,0.1314,1,0.2,0,2.54499,-1.577346,0.999999
3468,112.6888,0.1154,1,0.2,0,2.547719,-1.58281,0.999999
3469,112.7219,0.1551,1,0.2,0,2.550437,-1.588283,0.999999
3470,112.7574,0.108,1,0.2,0,2.553145,-1.593765,0.999999
3471,112.7933,0.0999,1,0.2,0,2.555839,-1.599246,0.999999
3472,112.8261,0.1166,1,0.2,0,2.558518,-1.604729,0.999999
3473,112.8558,0.1009,1,0.2,0,2.561186,-1.610217,0.999999
3474,112.8903,0.0935,1,0.2,0,2.563844,-1.615717,0.999999
3475,112.9184,0.1157,1,0.2,0,2.566492,-1.621225,0.999999
3476,112.9512,0.1078,1,0.2,0,2.569125,-1.626734,0.999999
3477,112.9805,0.1003,1,0.2,0,2.571746,-1.632246,1.0
3478,113.0148,0.1321,1,0.2,0,2.574354,-1.637763,1.0
3479,113.0506,0.1159,1,0.2,0,2.576953,-1.643292,1.0
3480,113.0803,0.0849,1,0.2,0,2.579542,-1.648829,1.0
3481,113.1117,0.0928,1,0.2,0,2.582119,-1.654372,1.0
3482,113.1446,0.1242,1,0.2,0,2.584685,-1.659923,1.0
3483,113.1744,0.1087,1,0.2,0,2.587238,-1.665477,1.0
3484,113.211,0.1235,1,0.2,0,2.589779,-1.671039,1.0
3485,113.2411,0.1083,1,0.2,0,2.592311,-1.67661,1.0
3486,113.2729,0.1078,1,0.2,0,2.59483,-1.682184,1.0
3487,113.3047,0.1084,1,0.2,0,2.597335,-1.687761,1.0
3488,113.3421,0.1081,1,0.2,0,2.599828,-1.693344,1.0
3489,113.3751,0.1004,1,0.2,0,2.60231,-1.698933,1.0
3490,113.4081,0.0927,1,0.2,0,2.604776,-1.70452,1.0
3491,113.4412,0.1085,1,0.2,0,2.607227,-1.710105,1.0
3492,113.4727,0.1241,1,0.2,0,2.609664,-1.715692,1.0
3493,113.5053,0.132,1,0.2,0,2.612094,-1.721294,1.0
3494,113.539,0.0838,1,0.2,0,2.614515,-1.726909,1.0
3495,113.5687,0.1078,1,0.2,0,2.616924,-1.732531,1.0
3496,113.6017,0.1156,1,0.2,0,2.619321,-1.738157,1.0
3497,113.6348,0.1242,1,0.2,0,2.621705,-1.743787,1.0
3498,113.6698,0.093,1,0.2,0,2.624074,-1.749415,1.0
3499,113.702,0.0995,1,0.2,0,2.626429,-1.755046,1.0
3500,113.733,0.1078,1,0.2,0,2.628771,-1.760678,1.0
3501,113.7658,0.0931,1,0.2,0,2.631103,-1.766319,1.0
3502,113.7971,0.0934,1,0.2,0,2.633426,-1.771974,1.0
3503,113.8293,0.0846,1,0.2,0,2.63574,-1.777642,1.0
3504,113.8617,0.0764,1,0.2,0,2.638043,-1.783316,1.0
3505,113.894,0.1155,1,0.2,0,2.640333,-1.788996,1.0
3506,113.9267,0.1093,1,0.2,0,2.642607,-1.794671,1.0
3507,113.9609,0.1319,1,0.2,0,2.644863,-1.800335,1.0
3508,113.9943,0.1235,1,0.2,0,2.647104,-1.806,1.0
3509,114.0259,0.1072,1,0.2,0,2.649334,-1.811671,1.0
3510,114.0561,0.092,1,0.2,0,2.651553,-1.817353,1.0
3511,114.0873,0.093,1,0.2,0,2.653765,-1.823052,1.0
3512,114.1183,0.1091,1,0.2,0,2.655965,-1.828756,1.0
3513,114.1529,0.1173,1,0.2,0,2.658152,-1.834463,1.0
3514,114.1849,0.0696,1,0.2,0,2.660326,-1.840173,1.0
3515,114.2188,0.1,1,0.2,0,2.662483,-1.845877,1.0
3516,114.2535,0.1,1,0.2,0,2.664624,-1.851575,1.0
3517,114.2854,0.1086,1,0.2,0,2.666751,-1.857273,1.0
3518,114.318,0.1321,1,0.2,0,2.668866,-1.862978,1.0
3519,114.3521,0.0995,1,0.2,0,2.670973,-1.868697,1.0
3520,114.3816,0.1228,1,0.2,0,2.673072,-1.874435,1.0
3521,114.4125,0.0839,1,0.2,0,2.675161,-1.880182,1.0
3522,114.4452,0.1155,1,0.2,0,2.677237,-1.885932,0.999999
3523,114.4788,0.1013,1,0.2,0,2.679299,-1.891682,0.999999
3524,114.5139,0.1016,1,0.2,0,2.681346,-1.897427,0.999999
3525,114.5477,0.0776,1,0.2,0,2.683378,-1.903172,0.999999
3526,114.5796,0.1084,1,0.2,0,2.685398,-1.908918,0.999999
3527,114.6149,0.077,1,0.2,0,2.687404,-1.914667,0.999999
3528,114.6464,0.0993,1,0.2,0,2.689399,-1.920424,0.999999
3529,114.6768,0.1156,1,0.2,0,2.691383,-1.926192,0.999999
3530,114.7071,0.1153,1,0.2,0,2.693358,-1.931973,0.999999
3531,114.7378,0.1152,1,0.2,0,2.695323,-1.937764,0.999999
3532,114.7696,0.1072,1,0.2,0,2.697274,-1.943559,0.999999
3533,114.8017,0.1159,1,0.2,0,2.69921,-1.949349,0.999999
3534,114.8354,0.1318,1,0.2,0,2.70113,-1.955134,0.999999
3535,114.8699,0.1083,1,0.2,0,2.703035,-1.960914,0.999999
3536,114.9017,0.1085,1,0.2,0,2.704925,-1.96669,0.999999
3537,114.9337,0.0691,1,0.2,0,2.706802,-1.972468,0.999999
3538,114.9644,0.1092,1,0.2,0,2.708667,-1.978252,0.999999
3539,114.9983,0.0852,1,0.2,0,2.710522,-1.984048,0.999999
3540,115.0314,0.1248,1,0.2,0,2.712367,-1.989854,0.999999
3541,115.0606,0.1005,1,0.2,0,2.7142,-1.995667,0.999999
3542,115.0978,0.0912,1,0.2,0,2.716021,-2.001487,0.999998
3543,115.1307,0.1315,1,0.2,0,2.717831,-2.007313,0.999998
3544,115.1636,0.1153,1,0.2,0,2.719627,-2.013141,0.999998
3545,115.1964,0.1392,1,0.2,0,2.721411,-2.018975,0.999998
3546,115.229,0.1164,1,0.2,0,2.723181,-2.024809,0.999998
3547,115.261,0.1161,1,0.2,0,2.724936,-2.030636,0.999998
3548,115.2931,0.0994,1,0.2,0,2.726675,-2.036458,0.999998
3549,115.3228,0.1159,1,0.2,0,2.7284,-2.042279,0.999998
3550,115.3586,0.1079,1,0.2,0,2.730112,-2.048099,0.999998
3551,115.39,0.1008,1,0.2,0,2.731811,-2.053923,0.999998
3552,115.4205,0.0929,1,0.2,0,2.733498,-2.059752,0.999998
3553,115.4532,0.0926,1,0.2,0,2.735172,-2.065581,0.999998
3554,115.487,0.0997,1,0.2,0,2.736833,-2.071413,0.999998
3555,115.5221,0.0854,1,0.2,0,2.738484,-2.077255,0.999998
3556,115.5575,0.0925,1,0.2,0,2.740123,-2.083103,0.999998
3557,115.5899,0.077,1,0.2,0,2.741752,-2.088964,0.999998
3558,115.6206,0.1087,1,0.2,0,2.743371,-2.09484,0.999998
3559,115.6535,0.131,1,0.2,0,2.74498,-2.100725,0.999998
3560,115.6842,0.0841,1,0.2,0,2.746574,-2.106611,0.999999
3561,115.7132,0.1312,1,0.2,0,2.748155,-2.112494,0.999999
3562,115.7447,0.1229,1,0.2,0,2.749722,-2.118379,0.999999
3563,115.7766,0.1316,1,0.2,0,2.751274,-2.124259,0.999999
3564,115.8134,0.108,1,0.2,0,2.752812,-2.130135,0.999999
3565,115.849,0.1162,1,0.2,0,2.754334,-2.136002,0.999999
3566,115.8815,0.1238,1,0.2,0,2.755841,-2.141865,0.999999
3567,115.9136,0.0766,1,0.2,0,2.757334,-2.147724,0.999999
3568,115.9459,0.1001,1,0.2,0,2.758815,-2.153585,0.999999
3569,115.9777,0.0848,1,0.2,0,2.760284,-2.159457,0.999999
3570,116.0314,0.0691,1,0.2,0,2.761747,-2.165354,0.999999
3571,116.0607,0.1244,1,0.2,0,2.763201,-2.171272,0.999999
3572,116.0936,0.1091,1,0.2,0,2.764645,-2.177198,0.999999
3573,116.1204,0.0856,1,0.2,0,2.766074,-2.183121,0.999999
3574,116.15,0.1004,1,0.2,0,2.76749,-2.189044,0.999999
3575,116.1784,0.0924,1,0.2,0,2.768892,-2.194966,0.999999
3576,116.2105,0.1311,1,0.2,0,2.770283,-2.200893,0.999999
3577,116.2421,0.1235,1,0.2,0,2.771662,-2.206829,0.999999
3578,116.2757,0.1705,1,0.2,0,2.77303,-2.212775,0.999999
3579,116.3072,0.0935,1,0.2,0,2.774384,-2.21872,0.999999
3580,116.3379,0.1087,1,0.2,0,2.775724,-2.224658,0.999999
3581,116.3704,0.1004,1,0.2,0,2.777047,-2.230579,0.999999
3582,116.4062,0.1004,1,0.2,0,2.778353,-2.236486,0.999999
3583,116.4435,0.1154,1,0.2,0,2.779643,-2.242383,0.999999
3584,116.4755,0.1078,1,0.2,0,2.780919,-2.248277,0.999999
3585,116.5074,0.1317,1,0.2,0,2.782183,-2.254177,1.0
3586,116.5382,0.1094,1,0.2,0,2.783437,-2.260087,1.0
3587,116.569,0.109,1,0.2,0,2.784677,-2.266001,1.0
3588,116.6029,0.0848,1,0.2,0,2.785906,-2.271923,1.0
3589,116.6345,0.1002,1,0.2,0,2.787123,-2.277853,1.0
3590,116.668,0.069,1,0.2,0,2.78833,-2.283794,1.0
3591,116.6966,0.0689,1,0.2,0,2.789526,-2.289752,1.0
3592,116.7305,0.0772,1,0.2,0,2.790715,-2.295734,1.0
3593,116.765,0.0779,1,0.2,0,2.791895,-2.301744,1.0
3594,116.7968,0.1014,1,0.2,0,2.793068,-2.307781,0.999999
3595,116.8293,0.0937,1,0.2,0,2.794229,-2.313829,0.999999
3596,116.8628,0.0703,1,0.2,0,2.795377,-2.319871,0.999999
3597,116.894,0.0776,1,0.2,0,2.796507,-2.325896,0.999999
3598,116.9271,0.0927,1,0.2,0,2.797621,-2.331905,0.999999
3599,116.9587,0.1079,1,0.2,0,2.79872,-2.337905,0.999999
3600,116.9891,0.1235,1,0.2,0,2.799806,-2.343903,0.999999
3601,117.0291,0.1314,1,0.2,0,2.800878,-2.349902,0.999999
3602,117.06,0.1318,1,0.2,0,2.801938,-2.355904,0.999999
3603,117.0931,0.1157,1,0.2,0,2.802984,-2.361906,0.999999
3604,117.1256,0.1079,1,0.2,0,2.804016,-2.367899,0.999999
3605,117.1558,0.1239,1,0.2,0,2.805031,-2.373872,0.999999
3606,117.1896,0.1079,1,0.2,0,2.80603,-2.379828,0.999999
3607,117.2259,0.1235,1,0.2,0,2.807014,-2.385775,0.999999
3608,117.2528,0.1464,1,0.2,0,2.807986,-2.391724,0.999999
3609,117.285,0.1456,1,0.2,0,2.808946,-2.39768,0.999999
3610,117.319,0.1698,1,0.2,0,2.809895,-2.403649,0.999999
3611,117.3527,0.1536,1,0.2,0,2.810834,-2.409635,0.999999
3612,117.3858,0.1536,1,0.2,0,2.811763,-2.415636,0.999999
3613,117.4201,0.1223,1,0.2,0,2.81268,-2.421644,0.999999
3614,117.4546,0.1149,1,0.2,0,2.813584,-2.427653,0.999999
3615,117.4854,0.1072,1,0.2,0,2.814475,-2.433657,0.999998
3616,117.5162,0.1319,1,0.2,0,2.815352,-2.439657,0.999998
3617,117.551,0.108,1,0.2,0,2.816217,-2.445652,0.999998
3618,117.5845,0.1159,1,0.2,0,2.817068,-2.451642,0.999998
3619,117.6149,0.1243,1,0.2,0,2.817906,-2.457625,0.999998
3620,117.6494,0.1161,1,0.2,0,2.818731,-2.463607,0.999998
3621,117.6811,0.1157,1,0.2,0,2.819545,-2.469594,0.999998
3622,117.7119,0.1391,1,0.2,0,2.820347,-2.475586,0.999999
3623,117.7459,0.1392,1,0.2,0,2.821137,-2.481583,0.999999
3624,117.7784,0.1229,1,0.2,0,2.821916,-2.487591,0.999999
3625,117.8111,0.1151,1,0.2,0,2.822684,-2.493611,0.999999
3626,117.8426,0.1075,1,0.2,0,2.823441,-2.499646,0.999999
3627,117.8768,0.1238,1,0.2,0,2.824186,-2.505692,0.999999
3628,117.9108,0.092,1,0.2,0,2.82492,-2.511748,0.999999
3629,117.9418,0.1243,1,0.2,0,2.825641,-2.517806,0.999999
3630,117.9725,0.1234,1,0.2,0,2.826349,-2.523855,0.999999
3631,118.0058,0.0918,1,0.2,0,2.827042,-2.529895,0.999999
3632,118.036,0.1311,1,0.2,0,2.827721,-2.535923,0.999999
3633,118.068,0.1235,1,0.2,0,2.828386,-2.541941,0.999999
3634,118.1034,0.1228,1,0.2,0,2.829037,-2.547954,0.999999
3635,118.135,0.1224,1,0.2,0,2.829675,-2.553966,0.999999
3636,118.1686,0.1545,1,0.2,0,2.8303,-2.559982,0.999999
3637,118.2013,0.1537,1,0.2,0,2.830913,-2.566006,0.999999
3638,118.2357,0.1695,1,0.2,0,2.831514,-2.572045,0.999999
3639,118.2672,0.2012,1,0.2,0,2.832103,-2.578097,0.999999
3640,118.2964,0.2252,1,0.2,0,2.832681,-2.58416,0.999999
3641,118.3285,0.1857,1,0.2,0,2.833247,-2.590226,0.999999
3642,118.3591,0.1534,1,0.2,0,2.833801,-2.596298,0.999999
3643,118.3938,0.1456,1,0.2,0,2.834342,-2.602371,0.999999
3644,118.4272,0.1618,1,0.2,0,2.834871,-2.608443,0.999999
3645,118.4631,0.1537,1,0.2,0,2.835387,-2.614516,0.999999
3646,118.4979,0.1703,1,0.2,0,2.83589,-2.620588,0.999999
3647,118.5307,0.1706,1,0.2,0,2.836381,-2.626657,0.999999
3648,118.5635,0.1787,1,0.2,0,2.836858,-2.632723,0.999999
3649,118.5938,0.1393,1,0.2,0,2.837323,-2.638789,0.999999
3650,118.6242,0.1228,1,0.2,0,2.837775,-2.644859,1.0
3651,118.6569,0.1548,1,0.2,0,2.838215,-2.650933,1.0
3652,118.6889,0.1549,1,0.2,0,2.838642,-2.65701,1.0
3653,118.7226,0.164,1,0.2,0,2.839056,-2.663086,1.0
3654,118.758,0.1396,1,0.2,0,2.839457,-2.669152,1.0
3655,118.7903,0.1151,1,0.2,0,2.839844,-2.675204,1.0
3656,118.8221,0.1314,1,0.2,0,2.840218,-2.681241,1.0
3657,118.8546,0.1399,1,0.2,0,2.840578,-2.687263,1.0
3658,118.8865,0.1238,1,0.2,0,2.840925,-2.693278,1.0
3659,118.9179,0.1321,1,0.2,0,2.841259,-2.699294,1.0
3660,118.9488,0.1241,1,0.2,0,2.841582,-2.705317,1.0
3661,118.9802,0.1242,1,0.2,0,2.841892,-2.711351,1.0
3662,119.0138,0.14,1,0.2,0,2.842191,-2.717397,1.0
3663,119.0496,0.1481,1,0.2,0,2.842478,-2.72346,1.0
3664,119.0835,0.1721,1,0.2,0,2.842753,-2.72954,1.0
3665,119.1148,0.1559,1,0.2,0,2.843017,-2.735636,1.0
3666,119.1507,0.1557,1,0.2,0,2.843268,-2.74174,1.0
3667,119.18,0.1243,1,0.2,0,2.843506,-2.747845,1.0
3668,119.2138,0.1088,1,0.2,0,2.843731,-2.753942,1.0
3669,119.2461,0.0852,1,0.2,0,2.843943,-2.760028,1.0
3670,119.2761,0.0624,1,0.2,0,2.844141,-2.766103,1.0
3671,119.3052,0.053,1,0.2,0,2.844326,-2.772166,1.0
3672,119.3386,0.0373,1,0.2,0,2.844497,-2.77822,1.0
3673,119.3684,0.0454,1,0.2,0,2.844655,-2.784269,1.0
3674,119.4018,0.0613,1,0.2,0,2.8448,-2.790317,1.0
3675,119.4367,0.0846,1,0.2,0,2.844931,-2.796368,1.0
3676,119.4699,0.085,1,0.2,0,2.845049,-2.802428,1.0
3677,119.5026,0.1081,1,0.2,0,2.845153,-2.808503,1.0
3678,119.5344,0.1241,1,0.2,0,2.845245,-2.814598,1.0
3679,119.5657,0.1246,1,0.2,0,2.845323,-2.820719,1.0
3680,119.5982,0.1246,1,0.2,0,2.845387,-2.826865,1.0
3681,119.6276,0.1405,1,0.2,0,2.845437,-2.833029,0.999999
3682,119.6609,0.1247,1,0.2,0,2.845472,-2.839195,0.999999
3683,119.6944,0.1245,1,0.2,0,2.845494,-2.84535,0.999999
3684,119.7296,0.1248,1,0.2,0,2.8455,-2.851478,0.999999
3685,119.7626,0.1477,1,0.2,0,2.845494,-2.857571,0.999999
3686,119.7943,0.1316,1,0.2,0,2.845473,-2.863621,0.999999
3687,119.8266,0.1243,1,0.2,0,2.845439,-2.869625,0.999998
3688,119.8584,0.1168,1,0.2,0,2.845392,-2.875591,0.999998
3689,119.8905,0.0849,1,0.2,0,2.845333,-2.88153,0.999998
3690,119.9228,0.0931,1,0.2,0,2.845261,-2.887455,0.999997
3691,119.9535,0.1017,1,0.2,0,2.845178,-2.893378,0.999997
3692,119.9857,0.0856,1,0.2,0,2.845083,-2.899307,0.999997
3693,120.0181,0.0546,1,0.2,0,2.844977,-2.905252,0.999996
3694,120.0529,0.0625,1,0.2,0,2.844859,-2.911218,0.999996
3695,120.086,0.0546,1,0.2,0,2.844729,-2.917208,0.999996
3696,120.1178,0.0544,1,0.2,0,2.844587,-2.923228,0.999996
3697,120.1499,0.0779,1,0.2,0,2.844433,-2.92928,0.999995
3698,120.1804,0.0622,1,0.2,0,2.844265,-2.935363,0.999995
3699,120.215,0.0783,1,0.2,0,2.844085,-2.941473,0.999995
3700,120.2467,0.0939,1,0.2,0,2.843892,-2.947606,0.999995
3701,120.2794,0.1091,1,0.2,0,2.843684,-2.953754,0.999994
3702,120.3137,0.1088,1,0.2,0,2.843462,-2.959909,0.999994
3703,120.3455,0.147,1,0.2,0,2.843226,-2.966064,0.999994
3704,120.3773,0.1237,1,0.2,0,2.842975,-2.972213,0.999994
3705,120.4092,0.1085,1,0.2,0,2.842711,-2.978347,0.999994
3706,120.44,0.0856,1,0.2,0,2.842432,-2.98446,0.999994
3707,120.4709,0.078,1,0.2,0,2.84214,-2.990548,0.999994
3708,120.5044,0.0857,1,0.2,0,2.841835,-2.996613,0.999993
3709,120.5376,0.0932,1,0.2,0,2.841516,-3.002659,0.999993
3710,120.5712,0.1015,1,0.2,0,2.841185,-3.00869,0.999993
3711,120.6054,0.0937,1,0.2,0,2.840842,-3.01471,0.999993
3712,120.637,0.1008,1,0.2,0,2.840485,-3.020726,0.999993
3713,120.6687,0.1166,1,0.2,0,2.840116,-3.026746,0.999993
3714,120.7015,0.1319,1,0.2,0,2.839734,-3.032776,0.999994
3715,120.7312,0.1244,1,0.2,0,2.839339,-3.038817,0.999994
3716,120.763,0.1092,1,0.2,0,2.83893,-3.044872,0.999994
3717,120.7978,0.1088,1,0.2,0,2.838509,-3.050936,0.999994
3718,120.8281,0.1094,1,0.2,0,2.838074,-3.057008,0.999994
3719,120.8611,0.1324,1,0.2,0,2.837626,-3.063081,0.999994
3720,120.8986,0.125,1,0.2,0,2.837166,-3.069148,0.999994
3721,120.9304,0.1334,1,0.2,0,2.836693,-3.075203,0.999995
3722,120.9645,0.1179,1,0.2,0,2.836209,-3.081242,0.999995
3723,120.9979,0.1258,1,0.2,0,2.835712,-3.087262,0.999995
3724,121.0303,0.1028,1,0.2,0,2.835204,-3.093264,0.999995
3725,121.0621,0.1029,1,0.2,0,2.834684,-3.09925,0.999996
3726,121.094,0.1168,1,0.2,0,2.834152,-3.105223,0.999996
3727,121.1245,0.1323,1,0.2,0,2.833607,-3.11119,0.999996
3728,121.1566,0.1242,1,0.2,0,2.83305,-3.117157,0.999996
3729,121.1932,0.1246,1,0.2,0,2.832479,-3.123131,0.999997
3730,121.225,0.1167,1,0.2,0,2.831894,-3.129117,0.999997
3731,121.2573,0.1012,1,0.2,0,2.831295,-3.135116,0.999997
3732,121.2894,0.1091,1,0.2,0,2.830683,-3.141129,0.999998
3733,121.322,0.1086,1,0.2,0,2.830057,-3.147152,0.999998
3734,121.3526,0.0783,1,0.2,0,2.829417,-3.153185,0.999998
3735,121.3855,0.0704,1,0.2,0,2.828763,-3.159228,0.999998
3736,121.4189,0.0627,1,0.2,0,2.828096,-3.165278,0.999999
3737,121.4531,0.0705,1,0.2,0,2.827415,-3.17133,0.999999
3738,121.4877,0.0776,1,0.2,0,2.826721,-3.177379,0.999999
3739,121.5195,0.0695,1,0.2,0,2.826015,-3.18342,1.0
3740,121.5551,0.0778,1,0.2,0,2.825296,-3.189451,1.0
3741,121.5859,0.0625,1,0.2,0,2.824565,-3.19547,1.0
3742,121.6145,0.0701,1,0.2,0,2.823823,-3.201477,1.0
3743,121.6498,0.0923,1,0.2,0,2.823068,-3.207476,1.000001
3744,121.6817,0.0924,1,0.2,0,2.822299,-3.213474,1.000001
3745,121.7133,0.0772,1,0.2,0,2.821517,-3.219479,1.000001
3746,121.7449,0.0927,1,0.2,0,2.82072,-3.225497,1.000001
3747,121.779,0.0848,1,0.2,0,2.819908,-3.231529,1.000002
3748,121.8131,0.0854,1,0.2,0,2.819081,-3.237573,1.000002
3749,121.8495,0.1007,1,0.2,0,2.81824,-3.243621,1.000002
3750,121.8815,0.0931,1,0.2,0,2.817387,-3.249666,1.000002
3751,121.9126,0.0856,1,0.2,0,2.816522,-3.2557,1.000003
3752,121.946,0.1014,1,0.2,0,2.815644,-3.261729,1.000003
3753,121.976,0.0934,1,0.2,0,2.814753,-3.267754,1.000003
3754,122.0099,0.1165,1,0.2,0,2.81385,-3.273775,1.000003
3755,122.0417,0.1012,1,0.2,0,2.812934,-3.279792,1.000003
3756,122.0732,0.1163,1,0.2,0,2.812005,-3.285805,1.000003
3757,122.1086,0.0768,1,0.2,0,2.811063,-3.291818,1.000004
3758,122.14,0.0765,1,0.2,0,2.810107,-3.297837,1.000004
3759,122.173,0.0923,1,0.2,0,2.809136,-3.303863,1.000004
3760,122.2076,0.0774,1,0.2,0,2.808152,-3.309887,1.000004
3761,122.2373,0.0927,1,0.2,0,2.807157,-3.315902,1.000004
3762,122.269,0.1004,1,0.2,0,2.80615,-3.32191,1.000004
3763,122.3006,0.0849,1,0.2,0,2.805131,-3.327915,1.000005
3764,122.3341,0.0929,1,0.2,0,2.8041,-3.333916,1.000005
3765,122.3672,0.0848,1,0.2,0,2.803057,-3.339911,1.000005
3766,122.4046,0.0842,1,0.2,0,2.802002,-3.345899,1.000005
3767,122.4403,0.0689,1,0.2,0,2.800935,-3.351884,1.000005
3768,122.4736,0.0527,1,0.2,0,2.799854,-3.357871,1.000005
3769,122.5048,0.0608,1,0.2,0,2.798761,-3.363858,1.000005
3770,122.5382,0.0604,1,0.2,0,2.797655,-3.369841,1.000005
3771,122.5681,0.0679,1,0.2,0,2.796536,-3.375822,1.000005
3772,122.6001,0.0759,1,0.2,0,2.795406,-3.3818,1.000005
3773,122.6332,0.0681,1,0.2,0,2.794262,-3.387778,1.000005
3774,122.6675,0.0524,1,0.2,0,2.793107,-3.393752,1.000005
3775,122.7008,0.0606,1,0.2,0,2.791939,-3.399726,1.000005
3776,122.734,0.0449,1,0.2,0,2.790758,-3.405698,1.000005
3777,122.766,0.0691,1,0.2,0,2.789563,-3.411674,1.000005
3778,122.7978,0.0617,1,0.2,0,2.788356,-3.417649,1.000005
3779,122.8272,0.069,1,0.2,0,2.787137,-3.42362,1.000005
3780,122.8635,0.0919,1,0.2,0,2.785906,-3.429583,1.000005
3781,122.893,0.1155,1,0.2,0,2.784663,-3.435538,1.000005
3782,122.9255,0.1008,1,0.2,0,2.783409,-3.441488,1.000005
3783,122.9625,0.108,1,0.2,0,2.782142,-3.447434,1.000005
3784,122.9922,0.0539,1,0.2,0,2.780862,-3.453377,1.000005
3785,123.0258,0.0769,1,0.2,0,2.77957,-3.459318,1.000005
3786,123.0563,0.0687,1,0.2,0,2.778265,-3.465258,1.000005
3787,123.088,0.0604,1,0.2,0,2.776945,-3.471199,1.000005
3788,123.1196,0.108,1,0.2,0,2.775613,-3.477141,1.000005
3789,123.1526,0.0919,1,0.2,0,2.774267,-3.483079,1.000004
3790,123.1863,0.0685,1,0.2,0,2.772909,-3.489013,1.000004
3791,123.2192,0.077,1,0.2,0,2.771538,-3.494947,1.000004
3792,123.2533,0.0369,1,0.2,0,2.770153,-3.500881,1.000004
3793,123.2859,0.0296,1,0.2,0,2.768755,-3.506811,1.000004
3794,123.3175,0.0522,1,0.2,0,2.767345,-3.51274,1.000004
3795,123.3493,0.0752,1,0.2,0,2.765921,-3.518667,1.000004
3796,123.3812,0.0534,1,0.2,0,2.764485,-3.524594,1.000004
3797,123.4134,0.0688,1,0.2,0,2.763037,-3.530512,1.000003
3798,123.4493,0.0774,1,0.2,0,2.761578,-3.536422,1.000003
3799,123.4813,0.0693,1,0.2,0,2.760107,-3.542323,1.000003
3800,123.5119,0.1011,1,0.2,0,2.758624,-3.54822,1.000003
3801,123.5454,0.0857,1,0.2,0,2.757128,-3.554117,1.000003
3802,123.5762,0.1159,1,0.2,0,2.755619,-3.56001,1.000003
3803,123.6099,0.1006,1,0.2,0,2.754097,-3.565902,1.000003
3804,123.6415,0.1248,1,0.2,0,2.752561,-3.571797,1.000003
3805,123.6736,0.0938,1,0.2,0,2.751012,-3.577687,1.000002
3806,123.7103,0.0693,1,0.2,0,2.749451,-3.583571,1.000002
3807,123.7417,0.0837,1,0.2,0,2.747877,-3.589454,1.000002
3808,123.7725,0.0766,1,0.2,0,2.746288,-3.595342,1.000002
3809,123.8045,0.0679,1,0.2,0,2.744686,-3.601232,1.000002
3810,123.8365,0.0756,1,0.2,0,2.74307,-3.607119,1.000002
3811,123.8672,0.0299,1,0.2,0,2.741443,-3.612999,1.000002
3812,123.9006,0.0609,1,0.2,0,2.739807,-3.618863,1.000002
3813,123.9355,0.0758,1,0.2,0,2.738162,-3.624711,1.000002
3814,123.9674,0.0607,1,0.2,0,2.736506,-3.63055,1.000002
3815,123.9995,0.076,1,0.2,0,2.734837,-3.636387,1.000001
3816,124.0303,0.0839,1,0.2,0,2.733154,-3.642223,1.000001
3817,124.064,0.084,1,0.2,0,2.731457,-3.648064,1.000001
3818,124.0974,0.109,1,0.2,0,2.729744,-3.653912,1.000001
3819,124.1289,0.0929,1,0.2,0,2.728018,-3.65976,1.000001
3820,124.162,0.1089,1,0.2,0,2.726279,-3.665604,1.000001
3821,124.198,0.1164,1,0.2,0,2.724528,-3.671443,1.000001
3822,124.2285,0.1087,1,0.2,0,2.722764,-3.677279,1.000001
3823,124.2615,0.1086,1,0.2,0,2.720987,-3.683114,1.000001
3824,124.2932,0.0861,1,0.2,0,2.719196,-3.688951,1.000001
3825,124.3249,0.0847,1,0.2,0,2.717393,-3.694778,1.000001
3826,124.3571,0.0446,1,0.2,0,2.71558,-3.700595,1.000001
3827,124.3891,0.0599,1,0.2,0,2.713758,-3.706398,1.000001
3828,124.4234,0.0755,1,0.2,0,2.711927,-3.712182,1.0
3829,124.4567,0.0449,1,0.2,0,2.710085,-3.717958,1.0
3830,124.4937,0.0526,1,0.2,0,2.70823,-3.723733,1.0
3831,124.5261,0.0684,1,0.2,0,2.706357,-3.729517,1.0
3832,124.5568,0.0922,1,0.2,0,2.704469,-3.735309,1.0
3833,124.5888,0.108,1,0.2,0,2.702566,-3.741104,1.0
3834,124.6189,0.1005,1,0.2,0,2.70065,-3.746899,1.0
3835,124.6533,0.1096,1,0.2,0,2.69872,-3.752693,1.0
3836,124.6852,0.1015,1,0.2,0,2.696779,-3.758483,1.0
3837,124.7168,0.0926,1,0.2,0,2.694824,-3.764269,1.0
3838,124.753,0.0924,1,0.2,0,2.692859,-3.770048,1.0
3839,124.7856,0.1081,1,0.2,0,2.690881,-3.775822,1.0
3840,124.8178,0.046,1,0.2,0,2.688892,-3.781586,1.0
3841,124.849,0.0534,1,0.2,0,2.686895,-3.787333,1.0
3842,124.8794,0.0451,1,0.2,0,2.68489,-3.793063,1.0
3843,124.914,0.0682,1,0.2,0,2.682874,-3.798782,1.0
3844,124.9456,0.1153,1,0.2,0,2.680844,-3.804504,1.0
3845,124.9774,0.0846,1,0.2,0,2.678796,-3.810236,1.0
3846,125.0132,0.1001,1,0.2,0,2.676731,-3.815974,1.0
3847,125.0453,0.0931,1,0.2,0,2.674654,-3.821711,1.0
3848,125.0772,0.0997,1,0.2,0,2.672562,-3.827446,1.0
3849,125.1104,0.0925,1,0.2,0,2.670458,-3.833179,1.0
3850,125.142,0.1167,1,0.2,0,2.66834,-3.83891,1.0
3851,125.1742,0.0615,1,0.2,0,2.666211,-3.844632,1.0
3852,125.2053,0.0698,1,0.2,0,2.664073,-3.850341,1.0
3853,125.2379,0.1004,1,0.2,0,2.661928,-3.856033,1.0
3854,125.2714,0.0915,1,0.2,0,2.659774,-3.861712,1.0
3855,125.3044,0.0753,1,0.2,0,2.657607,-3.867386,1.0
3856,125.3416,0.0843,1,0.2,0,2.655426,-3.873062,1.0
3857,125.3757,0.0846,1,0.2,0,2.653228,-3.878743,1.0
3858,125.4088,0.0851,1,0.2,0,2.651016,-3.884428,1.0
3859,125.4418,0.0686,1,0.2,0,2.64879,-3.890109,1.0
3860,125.4753,0.0851,1,0.2,0,2.646553,-3.895784,1.0
3861,125.5061,0.1008,1,0.2,0,2.644306,-3.901448,1.0
3862,125.5367,0.0767,1,0.2,0,2.642051,-3.907098,1.0
3863,125.5694,0.1014,1,0.2,0,2.639785,-3.91274,1.0
3864,125.6001,0.0846,1,0.2,0,2.637507,-3.918378,1.0
3865,125.6359,0.0756,1,0.2,0,2.635215,-3.924015,1.0
3866,125.6691,0.0845,1,0.2,0,2.632909,-3.929651,1.0
3867,125.7053,0.0775,1,0.2,0,2.630592,-3.93528,1.0
3868,125.737,0.053,1,0.2,0,2.628263,-3.940903,1.0
3869,125.769,0.1081,1,0.2,0,2.625922,-3.946522,1.0
3870,125.8023,0.0766,1,0.2,0,2.623568,-3.952139,1.0
3871,125.8318,0.1321,1,0.2,0,2.621202,-3.957749,1.0
3872,125.8637,0.0779,1,0.2,0,2.618824,-3.963354,1.0
3873,125.8968,0.1082,1,0.2,0,2.616436,-3.968951,1.0
3874,125.9294,0.0924,1,0.2,0,2.614036,-3.974541,1.0
3875,125.9634,0.1156,1,0.2,0,2.611625,-3.980125,1.0
3876,125.9971,0.0918,1,0.2,0,2.609199,-3.985709,1.0
3877,126.029,0.077,1,0.2,0,2.606762,-3.991287,1.0
3878,126.0619,0.0922,1,0.2,0,2.604314,-3.996857,1.0
3879,126.0935,0.0998,1,0.2,0,2.601854,-4.002421,1.0
3880,126.1239,0.1239,1,0.2,0,2.59938,-4.007986,1.0
3881,126.1571,0.0927,1,0.2,0,2.596893,-4.013546,1.0
3882,126.1894,0.1168,1,0.2,0,2.59439,-4.019109,1.0
3883,126.2211,0.0928,1,0.2,0,2.591875,-4.024669,1.0
3884,126.254,0.1075,1,0.2,0,2.58935,-4.030221,1.0
3885,126.2894,0.0762,1,0.2,0,2.586813,-4.035764,1.0
3886,126.3238,0.0691,1,0.2,0,2.584268,-4.041294,1.000001
3887,126.3572,0.0769,1,0.2,0,2.581713,-4.046815,1.000001
3888,126.3896,0.0849,1,0.2,0,2.579146,-4.052329,1.000001
3889,126.4218,0.1002,1,0.2,0,2.576568,-4.057837,1.000001
3890,126.454,0.1161,1,0.2,0,2.573977,-4.063344,1.000001
3891,126.4835,0.0852,1,0.2,0,2.571374,-4.068841,1.000001
3892,126.5152,0.0847,1,0.2,0,2.56876,-4.074335,1.000001
3893,126.5491,0.0602,1,0.2,0,2.566132,-4.079826,1.000001
3894,126.583,0.1077,1,0.2,0,2.563495,-4.085307,1.000001
3895,126.6175,0.0843,1,0.2,0,2.560848,-4.090778,1.000001
3896,126.6483,0.0852,1,0.2,0,2.558188,-4.096245,1.000001
3897,126.6812,0.0926,1,0.2,0,2.555515,-4.101709,1.000001
3898,126.7132,0.1004,1,0.2,0,2.552828,-4.107173,1.000001
3899,126.7458,0.1159,1,0.2,0,2.550129,-4.112632,1.000001
3900,126.779,0.1083,1,0.2,0,2.547421,-4.11808,1.000001
3901,126.8093,0.0841,1,0.2,0,2.5447,-4.123523,1.000001
3902,126.8462,0.1001,1,0.2,0,2.541969,-4.128957,1.000001
3903,126.8792,0.0999,1,0.2,0,2.539227,-4.134384,1.000001
3904,126.9132,0.0772,1,0.2,0,2.536477,-4.1398,1.000002
3905,126.945,0.1082,1,0.2,0,2.533714,-4.14521,1.000002
3906,126.9752,0.0927,1,0.2,0,2.530936,-4.150622,1.000002
3907,127.0091,0.1083,1,0.2,0,2.528143,-4.156035,1.000002
3908,127.042,0.1161,1,0.2,0,2.525336,-4.161448,1.000002
3909,127.0728,0.0845,1,0.2,0,2.522519,-4.166849,1.000002
3910,127.1101,0.0921,1,0.2,0,2.519696,-4.172234,1.000002
3911,127.1413,0.0691,1,0.2,0,2.516863,-4.177611,1.000002
3912,127.1756,0.0999,1,0.2,0,2.514019,-4.182981,1.000002
3913,127.2097,0.0691,1,0.2,0,2.511161,-4.188349,1.000002
3914,127.241,0.0929,1,0.2,0,2.50829,-4.193713,1.000002
3915,127.2719,0.1158,1,0.2,0,2.505402,-4.199081,1.000002
3916,127.301,0.1002,1,0.2,0,2.502503,-4.204443,1.000002
3917,127.3325,0.0765,1,0.2,0,2.499594,-4.209795,1.000002
3918,127.3662,0.1008,1,0.2,0,2.496677,-4.215135,1.000002
3919,127.3971,0.0995,1,0.2,0,2.493752,-4.220462,1.000002
3920,127.4307,0.1155,1,0.2,0,2.490813,-4.225787,1.000002
3921,127.4639,0.0848,1,0.2,0,2.48786,-4.231112,1.000002
3922,127.497,0.1084,1,0.2,0,2.484895,-4.236431,1.000002
3923,127.5288,0.0768,1,0.2,0,2.481919,-4.241742,1.000002
3924,127.5614,0.1083,1,0.2,0,2.478933,-4.247044,1.000002
3925,127.5934,0.0847,1,0.2,0,2.475934,-4.252342,1.000002
3926,127.6247,0.0689,1,0.2,0,2.472926,-4.25763,1.000002
3927,127.6578,0.1081,1,0.2,0,2.469908,-4.262908,1.000002
3928,127.6888,0.0841,1,0.2,0,2.466878,-4.268183,1.000002
3929,127.7233,0.0923,1,0.2,0,2.463834,-4.273456,1.000002
3930,127.7568,0.0777,1,0.2,0,2.460778,-4.278723,1.000001
3931,127.7888,0.0916,1,0.2,0,2.457713,-4.283979,1.000001
3932,127.8212,0.0999,1,0.2,0,2.454639,-4.289226,1.000001
3933,127.8531,0.0924,1,0.2,0,2.451551,-4.29447,1.000001
3934,127.8852,0.1002,1,0.2,0,2.448445,-4.29972,1.000001
3935,127.9171,0.0763,1,0.2,0,2.445323,-4.30497,1.000001
3936,127.954,0.0928,1,0.2,0,2.442188,-4.310217,1.000001
3937,127.9846,0.069,1,0.2,0,2.439045,-4.315451,1.000001
3938,128.0175,0.1077,1,0.2,0,2.435894,-4.320675,1.000001
3939,128.0495,0.0921,1,0.2,0,2.432736,-4.325882,1.000001
3940,128.081,0.0765,1,0.2,0,2.429571,-4.331078,1.000001
3941,128.113,0.077,1,0.2,0,2.426392,-4.33627,1.000001
3942,128.1462,0.085,1,0.2,0,2.423199,-4.341459,1.000001
3943,128.1792,0.1003,1,0.2,0,2.419997,-4.346639,1.000001
3944,128.2142,0.1008,1,0.2,0,2.416789,-4.351804,1.000001
3945,128.2448,0.0997,1,0.2,0,2.413573,-4.356957,1.000001
3946,128.2769,0.0686,1,0.2,0,2.410343,-4.362107,1.000001
3947,128.3087,0.1007,1,0.2,0,2.4071,-4.367254,1.000001
3948,128.3416,0.0846,1,0.2,0,2.403844,-4.372397,1.000001
3949,128.375,0.1003,1,0.2,0,2.400575,-4.377536,1.000001
3950,128.4112,0.1162,1,0.2,0,2.397297,-4.382665,1.000001
3951,128.4416,0.0844,1,0.2,0,2.394009,-4.387784,1.000001
3952,128.4736,0.1232,1,0.2,0,2.390709,-4.3929,1.000001
3953,128.5043,0.0929,1,0.2,0,2.387397,-4.398009,1.000001
3954,128.5374,0.1002,1,0.2,0,2.384073,-4.403113,1.000001
3955,128.5693,0.0846,1,0.2,0,2.380737,-4.408213,1.000001
3956,128.6058,0.1079,1,0.2,0,2.377391,-4.413303,1.000001
3957,128.6376,0.0608,1,0.2,0,2.374034,-4.418386,1.0
3958,128.6697,0.0919,1,0.2,0,2.370667,-4.42346,1.0
3959,128.7009,0.0929,1,0.2,0,2.367289,-4.428529,1.0
3960,128.7314,0.0844,1,0.2,0,2.3639,-4.433591,1.0
3961,128.7637,0.0849,1,0.2,0,2.360498,-4.438649,1.0
3962,128.7965,0.1167,1,0.2,0,2.357088,-4.443695,1.0
3963,128.8293,0.0923,1,0.2,0,2.353671,-4.448728,1.0
3964,128.8638,0.0923,1,0.2,0,2.350245,-4.453751,1.0
3965,128.8972,0.1083,1,0.2,0,2.346806,-4.45877,1.0
3966,128.93,0.0762,1,0.2,0,2.343353,-4.463786,1.0
3967,128.961,0.1327,1,0.2,0,2.339888,-4.468797,1.0
3968,128.9936,0.0841,1,0.2,0,2.336416,-4.473795,1.0
3969,129.0255,0.1556,1,0.2,0,2.332936,-4.478782,1.0
3970,129.0584,0.1083,1,0.2,0,2.329448,-4.483757,1.0
3971,129.0931,0.0843,1,0.2,0,2.325944,-4.488733,1.0
3972,129.1263,0.1154,1,0.2,0,2.322423,-4.493711,1.0
3973,129.1581,0.0765,1,0.2,0,2.31889,-4.498683,1.0
3974,129.1895,0.1314,1,0.2,0,2.315351,-4.503641,1.0
3975,129.2187,0.1001,1,0.2,0,2.3118,-4.508592,1.0
3976,129.2499,0.1081,1,0.2,0,2.30824,-4.513535,1.0
3977,129.2826,0.1,1,0.2,0,2.304667,-4.518473,1.0
3978,129.3159,0.1,1,0.2,0,2.301084,-4.523404,1.0
3979,129.349,0.1319,1,0.2,0,2.297488,-4.528329,1.0
3980,129.3849,0.0855,1,0.2,0,2.293886,-4.533242,1.0
3981,129.4156,0.1002,1,0.2,0,2.290274,-4.538146,1.0
3982,129.4501,0.0836,1,0.2,0,2.286649,-4.543046,1.0
3983,129.4822,0.0923,1,0.2,0,2.283005,-4.547948,1.0
3984,129.513,0.093,1,0.2,0,2.279354,-4.552839,1.0
3985,129.5461,0.1156,1,0.2,0,2.275695,-4.557718,1.0
3986,129.5767,0.1007,1,0.2,0,2.272032,-4.56258,1.0
3987,129.6088,0.0763,1,0.2,0,2.268355,-4.567438,1.000001
3988,129.6426,0.0765,1,0.2,0,2.264668,-4.572288,1.000001
3989,129.6745,0.108,1,0.2,0,2.260974,-4.577126,1.000001
3990,129.7103,0.1236,1,0.2,0,2.257275,-4.581948,1.000001
3991,129.745,0.132,1,0.2,0,2.253567,-4.586761,1.000001
3992,129.7755,0.1234,1,0.2,0,2.24985,-4.591564,1.000002
3993,129.8088,0.1082,1,0.2,0,2.246121,-4.596361,1.000002
3994,129.8418,0.1163,1,0.2,0,2.242381,-4.601151,1.000002
3995,129.8713,0.1004,1,0.2,0,2.23863,-4.605935,1.000002
3996,129.9051,0.14,1,0.2,0,2.234873,-4.610706,1.000002
3997,129.9383,0.0926,1,0.2,0,2.231104,-4.615471,1.000002
3998,129.969,0.1076,1,0.2,0,2.227321,-4.620234,1.000003
3999,130.0054,0.0921,1,0.2,0,2.223523,-4.624994,1.000003
4000,130.0388,0.1082,1,0.2,0,2.219716,-4.629746,1.000003
4001,130.0697,0.101,1,0.2,0,2.215905,-4.634481,1.000003
4002,130.1004,0.1154,1,0.2,0,2.212084,-4.639209,1.000003
4003,130.1338,0.1154,1,0.2,0,2.208251,-4.643932,1.000003
4004,130.1646,0.108,1,0.2,0,2.204405,-4.648649,1.000003
4005,130.1971,0.139,1,0.2,0,2.200551,-4.653357,1.000003
4006,130.2315,0.1241,1,0.2,0,2.196684,-4.65806,1.000003
4007,130.2654,0.1313,1,0.2,0,2.192808,-4.662754,1.000003
4008,130.3013,0.1158,1,0.2,0,2.188919,-4.667442,1.000003
4009,130.3343,0.1235,1,0.2,0,2.185017,-4.672125,1.000003
4010,130.3668,0.0999,1,0.2,0,2.181106,-4.676801,1.000003
4011,130.3975,0.1243,1,0.2,0,2.177191,-4.681458,1.000003
4012,130.4294,0.1078,1,0.2,0,2.173269,-4.686106,1.000003
4013,130.4614,0.0921,1,0.2,0,2.169332,-4.690751,1.000003
4014,130.4979,0.1077,1,0.2,0,2.165385,-4.695388,1.000003
4015,130.529,0.0843,1,0.2,0,2.161428,-4.700016,1.000003
4016,130.5611,0.1391,1,0.2,0,2.157466,-4.70463,1.000003
4017,130.593,0.0688,1,0.2,0,2.15349,-4.709241,1.000003
4018,130.6225,0.1158,1,0.2,0,2.149503,-4.713843,1.000003
4019,130.6533,0.0923,1,0.2,0,2.145511,-4.718433,1.000003
4020,130.6864,0.1478,1,0.2,0,2.141515,-4.723008,1.000003
4021,130.7176,0.1082,1,0.2,0,2.137508,-4.727576,1.000003
4022,130.7494,0.1399,1,0.2,0,2.133489,-4.732137,1.000003
4023,130.7838,0.1004,1,0.2,0,2.129461,-4.736691,1.000003
4024,130.8178,0.1006,1,0.2,0,2.125423,-4.741235,1.000003
4025,130.8494,0.1235,1,0.2,0,2.121378,-4.745769,1.000003
4026,130.8807,0.1004,1,0.2,0,2.117325,-4.750293,1.000002
4027,130.9131,0.0923,1,0.2,0,2.11326,-4.754811,1.000002
4028,130.9451,0.069,1,0.2,0,2.109185,-4.759321,1.000002
4029,130.9784,0.1167,1,0.2,0,2.105103,-4.76382,1.000002
4030,131.0147,0.1313,1,0.2,0,2.101015,-4.768307,1.000002
4031,131.0491,0.1323,1,0.2,0,2.096915,-4.772788,1.000002
4032,131.0818,0.0845,1,0.2,0,2.092803,-4.777262,1.000002
4033,131.1132,0.0847,1,0.2,0,2.088682,-4.781728,1.000001
4034,131.1451,0.1161,1,0.2,0,2.084552,-4.786184,1.000001
4035,131.1771,0.0929,1,0.2,0,2.08041,-4.790635,1.000001
4036,131.2087,0.1079,1,0.2,0,2.076256,-4.795079,1.000001
4037,131.2407,0.0768,1,0.2,0,2.072088,-4.799519,1.000001
4038,131.2727,0.1239,1,0.2,0,2.067913,-4.803946,1.000001
4039,131.3092,0.1153,1,0.2,0,2.063726,-4.808369,1.000001
4040,131.3458,0.1318,1,0.2,0,2.059523,-4.812788,1.0
4041,131.3783,0.0843,1,0.2,0,2.055305,-4.817205,1.0
4042,131.4129,0.1074,1,0.2,0,2.051078,-4.821612,1.0
4043,131.446,0.1158,1,0.2,0,2.046839,-4.826012,1.0
4044,131.477,0.1402,1,0.2,0,2.042589,-4.830405,1.0
4045,131.5089,0.1159,1,0.2,0,2.038328,-4.83479,1.0
4046,131.5417,0.1077,1,0.2,0,2.034065,-4.839158,1.0
4047,131.5736,0.1236,1,0.2,0,2.029798,-4.843512,1.0
4048,131.6046,0.1317,1,0.2,0,2.025524,-4.847854,0.999999
4049,131.6371,0.1078,1,0.2,0,2.021243,-4.852185,0.999999
4050,131.6733,0.124,1,0.2,0,2.016958,-4.856502,0.999999
4051,131.7091,0.1241,1,0.2,0,2.012669,-4.860804,0.999999
4052,131.7418,0.1241,1,0.2,0,2.008371,-4.865097,0.999999
4053,131.7735,0.1089,1,0.2,0,2.004062,-4.869383,0.999999
4054,131.8043,0.1079,1,0.2,0,1.999744,-4.87366,0.999999
4055,131.8376,0.1239,1,0.2,0,1.995418,-4.877927,0.999999
4056,131.8683,0.1166,1,0.2,0,1.991083,-4.882185,0.999999
4057,131.9006,0.1165,1,0.2,0,1.986737,-4.886436,0.999998
4058,131.9361,0.116,1,0.2,0,1.982382,-4.890677,0.999998
4059,131.9688,0.1154,1,0.2,0,1.978017,-4.894909,0.999998
4060,132.0021,0.1319,1,0.2,0,1.973642,-4.899134,0.999998
4061,132.0343,0.0923,1,0.2,0,1.969258,-4.903349,0.999998
4062,132.066,0.1148,1,0.2,0,1.964864,-4.907556,0.999998
4063,132.0967,0.092,1,0.2,0,1.960462,-4.911751,0.999998
4064,132.1287,0.1155,1,0.2,0,1.956051,-4.915938,0.999998
4065,132.1619,0.0919,1,0.2,0,1.951627,-4.920118,0.999997
4066,132.1928,0.1076,1,0.2,0,1.94719,-4.924294,0.999997
4067,132.2272,0.0769,1,0.2,0,1.942739,-4.928463,0.999997
4068,132.2616,0.1236,1,0.2,0,1.938279,-4.932625,0.999997
4069,132.297,0.1161,1,0.2,0,1.93381,-4.936777,0.999997
4070,132.33,0.1394,1,0.2,0,1.929328,-4.940922,0.999997
4071,132.3623,0.0997,1,0.2,0,1.924839,-4.945057,0.999997
4072,132.3934,0.0849,1,0.2,0,1.920344,-4.94918,0.999997
4073,132.4228,0.1317,1,0.2,0,1.915846,-4.953289,0.999997
4074,132.4527,0.116,1,0.2,0,1.911338,-4.957387,0.999997
4075,132.4858,0.1168,1,0.2,0,1.906824,-4.961475,0.999997
4076,132.5192,0.1085,1,0.2,0,1.902304,-4.96555,0.999997
4077,132.5538,0.1087,1,0.2,0,1.897781,-4.96961,0.999997
4078,132.587,0.1076,1,0.2,0,1.893248,-4.973662,0.999997
4079,132.6199,0.0921,1,0.2,0,1.888705,-4.977705,0.999997
4080,132.6549,0.1237,1,0.2,0,1.884155,-4.981737,0.999997
4081,132.6853,0.1084,1,0.2,0,1.879598,-4.985758,0.999997
4082,132.717,0.1152,1,0.2,0,1.875037,-4.989763,0.999997
4083,132.7503,0.1078,1,0.2,0,1.870464,-4.993763,0.999997
4084,132.7787,0.1238,1,0.2,0,1.865884,-4.997752,0.999997
4085,132.8137,0.0772,1,0.2,0,1.861296,-5.00173,0.999997
4086,132.8459,0.1389,1,0.2,0,1.856701,-5.005697,0.999997
4087,132.8775,0.1009,1,0.2,0,1.852094,-5.009656,0.999997
4088,132.9131,0.1075,1,0.2,0,1.847478,-5.013608,0.999998
4089,132.9453,0.1006,1,0.2,0,1.842856,-5.017547,0.999998
4090,132.977,0.0929,1,0.2,0,1.838221,-5.021481,0.999998
4091,133.0093,0.1076,1,0.2,0,1.83358,-5.025402,0.999998
4092,133.0413,0.1231,1,0.2,0,1.828928,-5.029316,0.999998
4093,133.0731,0.1089,1,0.2,0,1.824265,-5.033224,0.999999
4094,133.1047,0.1162,1,0.2,0,1.819585,-5.037127,0.999999
4095,133.1375,0.1314,1,0.2,0,1.814896,-5.041022,0.999999
4096,133.1718,0.0923,1,0.2,0,1.810197,-5.044909,0.999999
4097,133.206,0.155,1,0.2,0,1.805482,-5.048792,1.0
4098,133.2379,0.1088,1,0.2,0,1.800762,-5.052662,1.0
4099,133.2689,0.1167,1,0.2,0,1.796035,-5.056522,1.0
4100,133.3208,0.1241,1,0.2,0,1.791304,-5.060368,1.0
4101,133.3527,0.1085,1,0.2,0,1.786561,-5.064207,1.000001
4102,133.3834,0.1079,1,0.2,0,1.781812,-5.068034,1.000001
4103,133.4129,0.0689,1,0.2,0,1.777055,-5.07185,1.000001
4104,133.4431,0.1235,1,0.2,0,1.77229,-5.075656,1.000001
4105,133.4705,0.0999,1,0.2,0,1.767522,-5.079449,1.000002
4106,133.501,0.0994,1,0.2,0,1.762743,-5.083233,1.000002
4107,133.5331,0.1151,1,0.2,0,1.757956,-5.087007,1.000002
4108,133.5652,0.1319,1,0.2,0,1.75316,-5.09077,1.000002
4109,133.5995,0.1239,1,0.2,0,1.748359,-5.094522,1.000002
4110,133.6328,0.1002,1,0.2,0,1.743545,-5.098267,1.000002
4111,133.663,0.1236,1,0.2,0,1.73872,-5.102004,1.000002
4112,133.6951,0.1079,1,0.2,0,1.733889,-5.105729,1.000002
4113,133.7257,0.1076,1,0.2,0,1.729055,-5.109439,1.000003
4114,133.759,0.085,1,0.2,0,1.724215,-5.113138,1.000003
4115,133.7947,0.1164,1,0.2,0,1.719359,-5.116833,1.000003
4116,133.8262,0.108,1,0.2,0,1.714501,-5.120512,1.000003
4117,133.8581,0.1153,1,0.2,0,1.709634,-5.124182,1.000003
4118,133.8856,0.0922,1,0.2,0,1.704763,-5.127839,1.000003
4119,133.917,0.1162,1,0.2,0,1.699877,-5.131491,1.000003
4120,133.9511,0.0996,1,0.2,0,1.694983,-5.135133,1.000004
4121,133.9803,0.1313,1,0.2,0,1.690084,-5.138761,1.000004
4122,134.0142,0.1394,1,0.2,0,1.685182,-5.142376,1.000004
4123,134.0517,0.1078,1,0.2,0,1.680276,-5.145977,1.000004
4124,134.086,0.1153,1,0.2,0,1.675357,-5.149572,1.000004
4125,134.1178,0.0851,1,0.2,0,1.670424,-5.153162,1.000004
4126,134.1521,0.1238,1,0.2,0,1.66548,-5.156743,1.000004
4127,134.1801,0.1089,1,0.2,0,1.660531,-5.160311,1.000004
4128,134.2149,0.1233,1,0.2,0,1.655578,-5.163866,1.000004
4129,134.2704,0.1002,1,0.2,0,1.650615,-5.167413,1.000004
4130,134.3004,0.0927,1,0.2,0,1.645638,-5.170954,1.000004
4131,134.3272,0.1465,1,0.2,0,1.640654,-5.174483,1.000004
4132,134.3557,0.0929,1,0.2,0,1.635665,-5.178,1.000004
4133,134.3833,0.1228,1,0.2,0,1.630673,-5.181504,1.000004
4134,134.414,0.1169,1,0.2,0,1.625673,-5.184997,1.000004
4135,134.4453,0.1087,1,0.2,0,1.620667,-5.188479,1.000004
4136,134.4764,0.1311,1,0.2,0,1.615651,-5.191951,1.000004
4137,134.5109,0.0847,1,0.2,0,1.610631,-5.195411,1.000004
4138,134.5419,0.1317,1,0.2,0,1.605605,-5.198859,1.000003
4139,134.5731,0.115,1,0.2,0,1.60057,-5.202297,1.000003
4140,134.6068,0.0927,1,0.2,0,1.595522,-5.205728,1.000003
4141,134.6374,0.1159,1,0.2,0,1.59046,-5.209153,1.000003
4142,134.6678,0.1083,1,0.2,0,1.585391,-5.212567,1.000003
4143,134.7023,0.1004,1,0.2,0,1.580328,-5.215961,1.000003
4144,134.7362,0.131,1,0.2,0,1.57526,-5.219343,1.000002
4145,134.7698,0.1313,1,0.2,0,1.570181,-5.222716,1.000002
4146,134.8012,0.1238,1,0.2,0,1.565092,-5.22608,1.000002
4147,134.8339,0.1,1,0.2,0,1.559993,-5.229436,1.000002
4148,134.8644,0.1472,1,0.2,0,1.554887,-5.23278,1.000002
4149,134.8976,0.1166,1,0.2,0,1.549776,-5.236112,1.000002
4150,134.9285,0.1231,1,0.2,0,1.544663,-5.239429,1.000001
4151,134.963,0.1232,1,0.2,0,1.539548,-5.242733,1.000001
4152,134.9971,0.1084,1,0.2,0,1.534422,-5.246027,1.000001
4153,135.0294,0.1,1,0.2,0,1.529286,-5.249313,1.000001
4154,135.0627,0.1153,1,0.2,0,1.524143,-5.252587,1.000001
4155,135.0938,0.1234,1,0.2,0,1.518989,-5.255854,1.0
4156,135.126,0.1148,1,0.2,0,1.513826,-5.259109,1.0
4157,135.1579,0.1078,1,0.2,0,1.508654,-5.262356,1.0
4158,135.1896,0.1008,1,0.2,0,1.503472,-5.265593,1.0
4159,135.2235,0.0997,1,0.2,0,1.498277,-5.268823,1.0
4160,135.258,0.1161,1,0.2,0,1.493067,-5.272047,0.999999
4161,135.289,0.1321,1,0.2,0,1.48785,-5.275259,0.999999
4162,135.3202,0.1163,1,0.2,0,1.48263,-5.278459,0.999999
4163,135.3527,0.1003,1,0.2,0,1.477409,-5.281643,0.999999
4164,135.3829,0.1003,1,0.2,0,1.472183,-5.284816,0.999999
4165,135.4137,0.0937,1,0.2,0,1.466954,-5.287975,0.999998
4166,135.4454,0.1087,1,0.2,0,1.461725,-5.291119,0.999998
4167,135.4773,0.1,1,0.2,0,1.4565,-5.294245,0.999998
4168,135.5095,0.1159,1,0.2,0,1.451274,-5.297356,0.999998
4169,135.546,0.1235,1,0.2,0,1.446045,-5.300454,0.999998
4170,135.5801,0.0922,1,0.2,0,1.440805,-5.303543,0.999998
4171,135.6136,0.116,1,0.2,0,1.43555,-5.306626,0.999997
4172,135.6439,0.1158,1,0.2,0,1.430283,-5.309701,0.999997
4173,135.6767,0.124,1,0.2,0,1.424999,-5.312771,0.999997
4174,135.7102,0.1315,1,0.2,0,1.419711,-5.315828,0.999997
4175,135.7418,0.1161,1,0.2,0,1.414418,-5.318873,0.999997
4176,135.7747,0.1316,1,0.2,0,1.409113,-5.321909,0.999997
4177,135.8051,0.0769,1,0.2,0,1.403799,-5.324936,0.999997
4178,135.8379,0.1319,1,0.2,0,1.398478,-5.327952,0.999997
4179,135.8718,0.1,1,0.2,0,1.393157,-5.330953,0.999997
4180,135.9094,0.1232,1,0.2,0,1.387838,-5.333939,0.999997
4181,135.9432,0.1006,1,0.2,0,1.382506,-5.336915,0.999997
4182,135.9768,0.163,1,0.2,0,1.377167,-5.339881,0.999997
4183,136.0097,0.1006,1,0.2,0,1.371827,-5.342833,0.999997
4184,136.0419,0.1151,1,0.2,0,1.366477,-5.345775,0.999997
4185,136.0721,0.1324,1,0.2,0,1.361117,-5.348707,0.999997
4186,136.1062,0.1158,1,0.2,0,1.355754,-5.351626,0.999997
4187,136.1381,0.1082,1,0.2,0,1.350384,-5.354535,0.999997
4188,136.171,0.1078,1,0.2,0,1.345008,-5.35743,0.999997
4189,136.2021,0.0918,1,0.2,0,1.339626,-5.360315,0.999997
4190,136.2332,0.1325,1,0.2,0,1.33423,-5.363193,0.999997
4191,136.2671,0.1016,1,0.2,0,1.328833,-5.366055,0.999998
4192,136.302,0.1398,1,0.2,0,1.323439,-5.368902,0.999998
4193,136.3341,0.1075,1,0.2,0,1.318042,-5.371736,0.999998
4194,136.3665,0.1391,1,0.2,0,1.312635,-5.374559,0.999998
4195,136.3968,0.1084,1,0.2,0,1.307217,-5.377375,0.999998
4196,136.4269,0.1076,1,0.2,0,1.301792,-5.380178,0.999998
4197,136.4624,0.1163,1,0.2,0,1.296367,-5.382968,0.999998
4198,136.4941,0.1006,1,0.2,0,1.29094,-5.385743,0.999998
4199,136.5274,0.0936,1,0.2,0,1.285503,-5.388509,0.999999
4200,136.5614,0.1161,1,0.2,0,1.280058,-5.391264,0.999999
4201,136.5918,0.1239,1,0.2,0,1.274605,-5.394009,0.999999
4202,136.6224,0.108,1,0.2,0,1.269143,-5.396744,0.999999
4203,136.6588,0.1241,1,0.2,0,1.26367,-5.399469,0.999999
4204,136.69,0.1318,1,0.2,0,1.258189,-5.402184,0.999999
4205,136.7238,0.0927,1,0.2,0,1.252703,-5.404886,0.999999
4206,136.7582,0.108,1,0.2,0,1.247214,-5.407576,0.999999
4207,136.7906,0.0779,1,0.2,0,1.241719,-5.410253,0.999999
4208,136.8224,0.1246,1,0.2,0,1.236215,-5.41292,0.999999
4209,136.854,0.1083,1,0.2,0,1.230702,-5.415576,0.999999
4210,136.8826,0.1079,1,0.2,0,1.225188,-5.418218,0.999999
4211,136.9133,0.1,1,0.2,0,1.219673,-5.420846,0.999999
4212,136.9483,0.1075,1,0.2,0,1.214154,-5.423461,0.999999
4213,136.9809,0.1083,1,0.2,0,1.208625,-5.426067,0.999999
4214,137.0146,0.0999,1,0.2,0,1.203088,-5.428661,0.999999
4215,137.0503,0.085,1,0.2,0,1.197547,-5.431243,0.999999
4216,137.0816,0.1169,1,0.2,0,1.191996,-5.433815,0.999999
4217,137.113,0.1087,1,0.2,0,1.186441,-5.436373,0.999999
4218,137.1456,0.1318,1,0.2,0,1.180881,-5.43892,0.999999
4219,137.1757,0.1079,1,0.2,0,1.17531,-5.441457,0.999999
4220,137.2088,0.131,1,0.2,0,1.169733,-5.443983,0.999999
4221,137.2411,0.1313,1,0.2,0,1.164153,-5.446496,0.999999
4222,137.2724,0.1163,1,0.2,0,1.158571,-5.448994,0.999999
4223,137.3092,0.1237,1,0.2,0,1.152984,-5.45148,0.999999
4224,137.3417,0.0773,1,0.2,0,1.147398,-5.453952,0.999999
4225,137.3743,0.1084,1,0.2,0,1.141815,-5.456407,0.999999
4226,137.4045,0.1166,1,0.2,0,1.136237,-5.458846,0.999999
4227,137.4358,0.1244,1,0.2,0,1.130648,-5.461275,0.999999
4228,137.4688,0.0842,1,0.2,0,1.125046,-5.463696,0.999999
4229,137.5022,0.1155,1,0.2,0,1.119431,-5.466107,0.999999
4230,137.5333,0.077,1,0.2,0,1.11381,-5.468507,0.999999
4231,137.5674,0.1238,1,0.2,0,1.108181,-5.470896,0.999999
4232,137.6019,0.1008,1,0.2,0,1.102549,-5.473272,0.999999
4233,137.6328,0.1078,1,0.2,0,1.096914,-5.475635,0.999999
4234,137.666,0.1074,1,0.2,0,1.091278,-5.477984,0.999999
4235,137.6982,0.0775,1,0.2,0,1.085635,-5.480322,0.999999
4236,137.728,0.0775,1,0.2,0,1.079982,-5.48265,0.999999
4237,137.7583,0.1229,1,0.2,0,1.074315,-5.48497,0.999999
4238,137.789,0.0933,1,0.2,0,1.068639,-5.487278,0.999999
4239,137.8221,0.1155,1,0.2,0,1.062958,-5.489575,0.999999
4240,137.8569,0.101,1,0.2,0,1.057278,-5.491857,0.999999
4241,137.8887,0.0928,1,0.2,0,1.051609,-5.49412,0.999999
4242,137.9214,0.1162,1,0.2,0,1.045945,-5.496366,0.999999
4243,137.9524,0.1004,1,0.2,0,1.040274,-5.4986,0.999999
4244,137.9838,0.1224,1,0.2,0,1.034596,-5.500824,0.999999
4245,138.0142,0.0932,1,0.2,0,1.028904,-5.503038,0.999999
4246,138.0498,0.109,1,0.2,0,1.023205,-5.505241,0.999999
4247,138.083,0.1011,1,0.2,0,1.017506,-5.507431,1.0
4248,138.1171,0.1006,1,0.2,0,1.011805,-5.509606,1.0
4249,138.1498,0.1004,1,0.2,0,1.006106,-5.511766,1.0
4250,138.1809,0.1234,1,0.2,0,1.000411,-5.513911,0.999999
4251,138.2128,0.1075,1,0.2,0,0.994715,-5.516043,0.999999
4252,138.2454,0.125,1,0.2,0,0.989014,-5.518162,0.999999
4253,138.2783,0.1078,1,0.2,0,0.983299,-5.520272,0.999999
4254,138.3114,0.1141,1,0.2,0,0.977567,-5.522374,0.999999
4255,138.3417,0.0922,1,0.2,0,0.971822,-5.524467,0.999999
4256,138.3752,0.1316,1,0.2,0,0.966074,-5.526548,0.999999
4257,138.4088,0.117,1,0.2,0,0.960326,-5.528614,0.999999
4258,138.4455,0.1168,1,0.2,0,0.954583,-5.530665,0.999999
4259,138.4765,0.0775,1,0.2,0,0.948843,-5.532701,0.999999
4260,138.5087,0.093,1,0.2,0,0.943102,-5.534724,0.999999
4261,138.5418,0.0847,1,0.2,0,0.937358,-5.536734,0.999999
4262,138.5711,0.1073,1,0.2,0,0.931605,-5.538732,0.999999
4263,138.6056,0.1242,1,0.2,0,0.925842,-5.540721,0.999999
4264,138.6366,0.1158,1,0.2,0,0.920062,-5.5427,0.999999
4265,138.6695,0.123,1,0.2,0,0.91427,-5.544671,0.999999
4266,138.7064,0.1154,1,0.2,0,0.908469,-5.546629,0.999999
4267,138.7431,0.0996,1,0.2,0,0.90267,-5.548573,0.999999
4268,138.7731,0.1394,1,0.2,0,0.896877,-5.550502,0.999999
4269,138.8046,0.1086,1,0.2,0,0.891092,-5.552413,0.999999
4270,138.835,0.109,1,0.2,0,0.885315,-5.554309,0.999999
4271,138.8652,0.0693,1,0.2,0,0.879538,-5.55619,0.999999
4272,138.8972,0.0854,1,0.2,0,0.873757,-5.558059,0.999999
4273,138.9306,0.0774,1,0.2,0,0.867967,-5.559917,0.999998
4274,138.9618,0.1008,1,0.2,0,0.862164,-5.561766,0.999998
4275,138.9931,0.101,1,0.2,0,0.856353,-5.563602,0.999998
4276,139.0271,0.1071,1,0.2,0,0.850537,-5.565428,0.999998
4277,139.0621,0.1157,1,0.2,0,0.844712,-5.567242,0.999998
4278,139.0972,0.1152,1,0.2,0,0.838885,-5.569043,0.999998
4279,139.1304,0.1153,1,0.2,0,0.833054,-5.570831,0.999998
4280,139.1616,0.1236,1,0.2,0,0.827221,-5.572605,0.999998
4281,139.1935,0.124,1,0.2,0,0.821395,-5.574365,0.999998
4282,139.2222,0.1229,1,0.2,0,0.815578,-5.576107,0.999998
4283,139.2577,0.0921,1,0.2,0,0.80976,-5.577837,0.999998
4284,139.2892,0.1237,1,0.2,0,0.803941,-5.579552,0.999998
4285,139.3222,0.116,1,0.2,0,0.798119,-5.581256,0.999998
4286,139.3579,0.0852,1,0.2,0,0.792291,-5.582948,0.999998
4287,139.3898,0.1241,1,0.2,0,0.786458,-5.584627,0.999998
4288,139.4225,0.1085,1,0.2,0,0.780624,-5.586294,0.999998
4289,139.455,0.0687,1,0.2,0,0.774781,-5.58795,0.999998
4290,139.4834,0.1085,1,0.2,0,0.768929,-5.589595,0.999998
4291,139.5162,0.0772,1,0.2,0,0.763067,-5.591229,0.999998
4292,139.5485,0.1165,1,0.2,0,0.757191,-5.592854,0.999999
4293,139.5802,0.155,1,0.2,0,0.751303,-5.594468,0.999999
4294,139.6148,0.1162,1,0.2,0,0.745415,-5.596069,0.999999
4295,139.6493,0.1392,1,0.2,0,0.739533,-5.597654,0.999999
4296,139.682,0.115,1,0.2,0,0.733654,-5.599224,0.999999
4297,139.7135,0.1159,1,0.2,0,0.727777,-5.60078,0.999999
4298,139.7463,0.1244,1,0.2,0,0.721905,-5.602322,0.999999
4299,139.776,0.1081,1,0.2,0,0.716043,-5.603847,0.999999
4300,139.8064,0.1241,1,0.2,0,0.710184,-5.605358,0.999999
4301,139.8371,0.0999,1,0.2,0,0.704328,-5.606855,0.999999
4302,139.8685,0.0926,1,0.2,0,0.698472,-5.608339,0.999999
4303,139.9027,0.0843,1,0.2,0,0.692606,-5.609812,0.999999
4304,139.9364,0.0771,1,0.2,0,0.686715,-5.611278,0.999999
4305,139.9706,0.1247,1,0.2,0,0.680798,-5.612736,0.999999
4306,140.0046,0.0857,1,0.2,0,0.674868,-5.614185,0.999999
4307,140.0383,0.0934,1,0.2,0,0.668941,-5.61562,0.999999
4308,140.0698,0.0772,1,0.2,0,0.663019,-5.617041,0.999999
4309,140.1024,0.0843,1,0.2,0,0.657096,-5.618448,0.999999
4310,140.131,0.1234,1,0.2,0,0.65117,-5.619843,0.999999
4311,140.1602,0.1078,1,0.2,0,0.645237,-5.621226,0.999999
4312,140.1926,0.1624,1,0.2,0,0.639293,-5.622598,0.999999
4313,140.2247,0.1387,1,0.2,0,0.633346,-5.623958,0.999999
4314,140.2586,0.1089,1,0.2,0,0.627405,-5.625303,0.999999
4315,140.2944,0.1085,1,0.2,0,0.621479,-5.62663,0.999999
4316,140.3264,0.0923,1,0.2,0,0.615568,-5.627942,0.999999
4317,140.3581,0.1003,1,0.2,0,0.60967,-5.629236,0.999999
4318,140.3905,0.0918,1,0.2,0,0.603775,-5.630517,0.999999
4319,140.421,0.1315,1,0.2,0,0.597874,-5.631785,0.999999
4320,140.4536,0.1015,1,0.2,0,0.591961,-5.633043,1.0
4321,140.484,0.1246,1,0.2,0,0.58604,-5.634289,1.0
4322,140.5162,0.0847,1,0.2,0,0.580114,-5.635523,1.0
4323,140.5542,0.084,1,0.2,0,0.574182,-5.636745,1.0
4324,140.5858,0.0687,1,0.2,0,0.568241,-5.637955,1.0
4325,140.6179,0.0765,1,0.2,0,0.562287,-5.639155,1.0
4326,140.6506,0.0847,1,0.2,0,0.556313,-5.640346,1.0
4327,140.6804,0.0698,1,0.2,0,0.550309,-5.641529,1.0
4328,140.7133,0.1094,1,0.2,0,0.544279,-5.642704,0.999999
4329,140.7463,0.0939,1,0.2,0,0.538233,-5.643869,0.999999
4330,140.7773,0.0934,1,0.2,0,0.53219,-5.64502,0.999999
4331,140.8089,0.094,1,0.2,0,0.526163,-5.646155,0.999999
4332,140.8445,0.101,1,0.2,0,0.520154,-5.647273,0.999999
4333,140.8787,0.0923,1,0.2,0,0.514156,-5.648376,0.999999
4334,140.9105,0.1235,1,0.2,0,0.50816,-5.649465,0.999999
4335,140.9421,0.1158,1,0.2,0,0.502165,-5.650541,0.999999
4336,140.9721,0.1318,1,0.2,0,0.496167,-5.651604,0.999999
4337,141.0061,0.1161,1,0.2,0,0.490168,-5.652654,0.999999
4338,141.0379,0.1162,1,0.2,0,0.484174,-5.65369,0.999999
4339,141.072,0.1083,1,0.2,0,0.478195,-5.65471,0.999999
4340,141.105,0.0998,1,0.2,0,0.472236,-5.655714,0.999999
4341,141.1377,0.1157,1,0.2,0,0.466288,-5.656703,0.999999
4342,141.1686,0.1463,1,0.2,0,0.460341,-5.657678,0.999999
4343,141.2027,0.1535,1,0.2,0,0.454389,-5.658641,0.999999
4344,141.2313,0.1615,1,0.2,0,0.448427,-5.659594,0.999999
4345,141.2626,0.1618,1,0.2,0,0.442448,-5.660536,0.999999
4346,141.2938,0.154,1,0.2,0,0.43645,-5.661469,0.999999
4347,141.3259,0.1382,1,0.2,0,0.430441,-5.66239,0.999999
4348,141.3575,0.1231,1,0.2,0,0.424429,-5.663299,0.999999
4349,141.393,0.1066,1,0.2,0,0.41842,-5.664195,0.999999
4350,141.4255,0.1234,1,0.2,0,0.412417,-5.665077,0.999999
4351,141.4559,0.1081,1,0.2,0,0.406419,-5.665946,0.999998
4352,141.4888,0.1156,1,0.2,0,0.400426,-5.666801,0.999998
4353,141.5209,0.132,1,0.2,0,0.394441,-5.667643,0.999998
4354,141.5532,0.1161,1,0.2,0,0.38846,-5.668472,0.999998
4355,141.5857,0.116,1,0.2,0,0.382475,-5.66929,0.999998
4356,141.6219,0.1391,1,0.2,0,0.376485,-5.670095,0.999999
4357,141.6548,0.1314,1,0.2,0,0.370489,-5.670889,0.999999
4358,141.6861,0.115,1,0.2,0,0.364484,-5.671672,0.999999
4359,141.7183,0.1235,1,0.2,0,0.358469,-5.672443,0.999999
4360,141.7477,0.1077,1,0.2,0,0.352441,-5.673203,0.999999
4361,141.7789,0.0999,1,0.2,0,0.346403,-5.673951,0.999999
4362,141.8132,0.1238,1,0.2,0,0.340356,-5.674688,0.999999
4363,141.8446,0.1162,1,0.2,0,0.334305,-5.675413,0.999999
4364,141.8808,0.1162,1,0.2,0,0.328258,-5.676124,0.999999
4365,141.9136,0.1,1,0.2,0,0.322223,-5.676821,0.999999
4366,141.946,0.1076,1,0.2,0,0.316198,-5.677505,0.999999
4367,141.9771,0.1309,1,0.2,0,0.310183,-5.678174,0.999999
4368,142.0096,0.1156,1,0.2,0,0.304171,-5.678829,0.999999
4369,142.0418,0.1307,1,0.2,0,0.29816,-5.679471,0.999999
4370,142.0726,0.1546,1,0.2,0,0.292147,-5.6801,0.999999
4371,142.1056,0.13,1,0.2,0,0.286127,-5.680717,0.999999
4372,142.1364,0.1616,1,0.2,0,0.280092,-5.681322,0.999999
4373,142.1717,0.2011,1,0.2,0,0.274042,-5.681916,0.999999
4374,142.2049,0.2014,1,0.2,0,0.26798,-5.682498,0.999999
4375,142.2363,0.193,1,0.2,0,0.261912,-5.683068,0.999999
4376,142.2691,0.1376,1,0.2,0,0.255838,-5.683626,0.999999
4377,142.3005,0.1535,1,0.2,0,0.249759,-5.684172,0.999999
4378,142.3343,0.1539,1,0.2,0,0.24368,-5.684706,0.999999
4379,142.367,0.1698,1,0.2,0,0.237604,-5.685227,0.999999
4380,142.4015,0.1464,1,0.2,0,0.231528,-5.685735,0.999999
4381,142.4332,0.1625,1,0.2,0,0.225457,-5.68623,0.999999
4382,142.4653,0.1627,1,0.2,0,0.219389,-5.686712,0.999999
4383,142.4969,0.147,1,0.2,0,0.213324,-5.687181,0.999999
4384,142.5269,0.1306,1,0.2,0,0.207257,-5.687637,1.0
4385,142.5622,0.1548,1,0.2,0,0.201187,-5.688081,1.0
4386,142.5941,0.1549,1,0.2,0,0.195113,-5.688512,1.0
4387,142.6258,0.1552,1,0.2,0,0.18904,-5.688931,1.0
4388,142.6626,0.1477,1,0.2,0,0.182973,-5.689336,1.0
4389,142.6928,0.1151,1,0.2,0,0.176919,-5.689728,1.0
4390,142.7254,0.1389,1,0.2,0,0.170879,-5.690106,1.0
4391,142.7574,0.1318,1,0.2,0,0.164853,-5.69047,1.0
4392,142.7887,0.1238,1,0.2,0,0.158835,-5.690822,1.0
4393,142.8199,0.1239,1,0.2,0,0.152819,-5.691161,1.0
4394,142.8545,0.132,1,0.2,0,0.146797,-5.691488,1.0
4395,142.886,0.1161,1,0.2,0,0.140767,-5.691803,1.0
4396,142.9201,0.1402,1,0.2,0,0.134724,-5.692105,1.0
4397,142.9543,0.1481,1,0.2,0,0.128667,-5.692397,1.0
4398,142.9856,0.1568,1,0.2,0,0.122595,-5.692676,1.0
4399,143.0183,0.1801,1,0.2,0,0.116507,-5.692944,1.0
4400,143.0482,0.1397,1,0.2,0,0.110407,-5.693199,1.0
4401,143.081,0.1398,1,0.2,0,0.104304,-5.693442,1.0
4402,143.1125,0.0927,1,0.2,0,0.098202,-5.693672,1.0
4403,143.149,0.0928,1,0.2,0,0.092112,-5.693889,1.0
4404,143.1822,0.0698,1,0.2,0,0.086036,-5.694092,1.0
4405,143.215,0.0778,1,0.2,0,0.079971,-5.694282,1.0
4406,143.2467,0.045,1,0.2,0,0.073912,-5.694458,1.0
4407,143.2751,0.0298,1,0.2,0,0.067859,-5.694621,1.0
4408,143.3065,0.0613,1,0.2,0,0.061808,-5.694771,1.0
4409,143.3421,0.0764,1,0.2,0,0.055756,-5.694908,1.0
4410,143.3732,0.0769,1,0.2,0,0.049697,-5.695031,1.0
4411,143.4053,0.0925,1,0.2,0,0.043626,-5.695141,1.0
4412,143.4372,0.1241,1,0.2,0,0.037537,-5.695237,1.0
4413,143.4695,0.1164,1,0.2,0,0.031425,-5.695321,1.0
4414,143.5024,0.1246,1,0.2,0,0.025287,-5.69539,1.0
4415,143.5358,0.1327,1,0.2,0,0.019128,-5.695446,1.0
4416,143.5693,0.1322,1,0.2,0,0.01296,-5.695487,0.999999
4417,143.6055,0.1327,1,0.2,0,0.0068,-5.695514,0.999999
4418,143.6409,0.1167,1,0.2,0,0.000661,-5.695527,0.999999
4419,143.6727,0.1248,1,0.2,0,-0.005445,-5.695525,0.999999
4420,143.7045,0.1397,1,0.2,0,-0.011508,-5.695509,0.999999
4421,143.7353,0.1397,1,0.2,0,-0.017526,-5.69548,0.999999
4422,143.7669,0.1244,1,0.2,0,-0.023504,-5.695438,0.999998
4423,143.8017,0.093,1,0.2,0,-0.029451,-5.695384,0.999998
4424,143.8349,0.0849,1,0.2,0,-0.035378,-5.695317,0.999998
4425,143.867,0.1017,1,0.2,0,-0.041299,-5.695238,0.999997
4426,143.9023,0.0856,1,0.2,0,-0.047225,-5.695148,0.999997
4427,143.9341,0.0621,1,0.2,0,-0.053163,-5.695045,0.999997
4428,143.9637,0.0625,1,0.2,0,-0.05912,-5.694932,0.999996
4429,143.9976,0.0546,1,0.2,0,-0.0651,-5.694806,0.999996
4430,144.0263,0.0544,1,0.2,0,-0.071108,-5.694669,0.999996
4431,144.0565,0.0776,1,0.2,0,-0.077148,-5.694519,0.999996
4432,144.0883,0.0779,1,0.2,0,-0.08322,-5.694357,0.999995
4433,144.1206,0.0626,1,0.2,0,-0.08932,-5.694181,0.999995
4434,144.1578,0.094,1,0.2,0,-0.095444,-5.693993,0.999995
4435,144.1936,0.0865,1,0.2,0,-0.101587,-5.69379,0.999995
4436,144.2249,0.1088,1,0.2,0,-0.107739,-5.693574,0.999994
4437,144.2589,0.1083,1,0.2,0,-0.113895,-5.693343,0.999994
4438,144.2876,0.1314,1,0.2,0,-0.120048,-5.693098,0.999994
4439,144.3191,0.1005,1,0.2,0,-0.126192,-5.692838,0.999994
4440,144.3492,0.0854,1,0.2,0,-0.132317,-5.692564,0.999994
4441,144.3811,0.0856,1,0.2,0,-0.138416,-5.692276,0.999994
4442,144.4134,0.078,1,0.2,0,-0.14449,-5.691976,0.999994
4443,144.45,0.0936,1,0.2,0,-0.150543,-5.691662,0.999994
4444,144.4815,0.094,1,0.2,0,-0.15658,-5.691335,0.999994
4445,144.5137,0.1092,1,0.2,0,-0.162604,-5.690996,0.999993
4446,144.5467,0.0933,1,0.2,0,-0.168621,-5.690644,0.999993
4447,144.5782,0.1016,1,0.2,0,-0.17464,-5.690279,0.999994
4448,144.6097,0.1244,1,0.2,0,-0.180668,-5.689901,0.999994
4449,144.6435,0.1244,1,0.2,0,-0.186709,-5.68951,0.999994
4450,144.6737,0.0931,1,0.2,0,-0.192762,-5.689106,0.999994
4451,144.7079,0.1015,1,0.2,0,-0.198825,-5.688689,0.999994
4452,144.74,0.1094,1,0.2,0,-0.204897,-5.688258,0.999994
4453,144.7736,0.1249,1,0.2,0,-0.210972,-5.687815,0.999994
4454,144.8052,0.1249,1,0.2,0,-0.217042,-5.687358,0.999994
4455,144.8359,0.1409,1,0.2,0,-0.2231,-5.68689,0.999995
4456,144.8677,0.1104,1,0.2,0,-0.229142,-5.686409,0.999995
4457,144.9013,0.1181,1,0.2,0,-0.235169,-5.685917,0.999995
4458,144.9348,0.1028,1,0.2,0,-0.241176,-5.685412,0.999995
4459,144.9684,0.1031,1,0.2,0,-0.247167,-5.684896,0.999996
4460,145.0022,0.0943,1,0.2,0,-0.253145,-5.684368,0.999996
4461,145.0328,0.1404,1,0.2,0,-0.259114,-5.683826,0.999996
4462,145.0644,0.14,1,0.2,0,-0.265082,-5.683273,0.999996
4463,145.0983,0.1091,1,0.2,0,-0.271054,-5.682705,0.999997
4464,145.1306,0.1017,1,0.2,0,-0.277037,-5.682125,0.999997
4465,145.1621,0.1011,1,0.2,0,-0.283035,-5.68153,0.999997
4466,145.198,0.1088,1,0.2,0,-0.289045,-5.680922,0.999997
4467,145.2297,0.1014,1,0.2,0,-0.295067,-5.680299,0.999998
4468,145.2627,0.0782,1,0.2,0,-0.301101,-5.679664,0.999998
4469,145.2939,0.0704,1,0.2,0,-0.307144,-5.679014,0.999998
4470,145.3236,0.0548,1,0.2,0,-0.313194,-5.678351,0.999999
4471,145.3569,0.0705,1,0.2,0,-0.319247,-5.677674,0.999999
4472,145.3875,0.0701,1,0.2,0,-0.325295,-5.676985,0.999999
4473,145.4227,0.0774,1,0.2,0,-0.331337,-5.676283,0.999999
4474,145.4566,0.0701,1,0.2,0,-0.337371,-5.675568,1.0
4475,145.4904,0.062,1,0.2,0,-0.343392,-5.674841,1.0
4476,145.5231,0.0467,1,0.2,0,-0.3494,-5.674103,1.0
4477,145.553,0.0771,1,0.2,0,-0.355399,-5.673352,1.0
4478,145.5846,0.0841,1,0.2,0,-0.361396,-5.672587,1.000001
4479,145.6149,0.0772,1,0.2,0,-0.367396,-5.67181,1.000001
4480,145.6497,0.0776,1,0.2,0,-0.37341,-5.671017,1.000001
4481,145.6805,0.0773,1,0.2,0,-0.379438,-5.670209,1.000002
4482,145.7148,0.0699,1,0.2,0,-0.385479,-5.669386,1.000002
4483,145.751,0.1007,1,0.2,0,-0.391527,-5.668549,1.000002
4484,145.7817,0.0931,1,0.2,0,-0.397573,-5.667699,1.000002
4485,145.8135,0.0778,1,0.2,0,-0.403609,-5.666837,1.000002
4486,145.8466,0.1013,1,0.2,0,-0.409639,-5.665963,1.000003
4487,145.8751,0.0859,1,0.2,0,-0.415665,-5.665076,1.000003
4488,145.9062,0.109,1,0.2,0,-0.421688,-5.664177,1.000003
4489,145.9377,0.1009,1,0.2,0,-0.427706,-5.663265,1.000003
4490,145.9691,0.1087,1,0.2,0,-0.433721,-5.662339,1.000003
4491,146.0018,0.0848,1,0.2,0,-0.439734,-5.661401,1.000004
4492,146.0349,0.0844,1,0.2,0,-0.445751,-5.660449,1.000004
4493,146.0696,0.0767,1,0.2,0,-0.451774,-5.659482,1.000004
4494,146.1018,0.0767,1,0.2,0,-0.457799,-5.658503,1.000004
4495,146.1346,0.0925,1,0.2,0,-0.463817,-5.65751,1.000004
4496,146.1663,0.0847,1,0.2,0,-0.469827,-5.656507,1.000004
4497,146.1973,0.0772,1,0.2,0,-0.475832,-5.655491,1.000004
4498,146.2298,0.0926,1,0.2,0,-0.481834,-5.654463,1.000005
4499,146.262,0.0694,1,0.2,0,-0.487829,-5.653423,1.000005
4500,146.2943,0.0766,1,0.2,0,-0.493817,-5.652372,1.000005
4501,146.327,0.0767,1,0.2,0,-0.499801,-5.651308,1.000005
4502,146.3582,0.0845,1,0.2,0,-0.505785,-5.650232,1.000005
4503,146.3947,0.0682,1,0.2,0,-0.51177,-5.649142,1.000005
4504,146.4257,0.0606,1,0.2,0,-0.517751,-5.648041,1.000005
4505,146.4587,0.0605,1,0.2,0,-0.523731,-5.646926,1.000005
4506,146.4902,0.0528,1,0.2,0,-0.529707,-5.6458,1.000005
4507,146.5207,0.0763,1,0.2,0,-0.535681,-5.64466,1.000005
4508,146.5528,0.0526,1,0.2,0,-0.541651,-5.64351,1.000005
4509,146.5856,0.0684,1,0.2,0,-0.54762,-5.642346,1.000005
4510,146.6173,0.0528,1,0.2,0,-0.553587,-5.64117,1.000005
4511,146.6519,0.0602,1,0.2,0,-0.559557,-5.639981,1.000005
4512,146.6845,0.0536,1,0.2,0,-0.56553,-5.638778,1.000005
4513,146.7182,0.0846,1,0.2,0,-0.571503,-5.637562,1.000005
4514,146.751,0.0762,1,0.2,0,-0.577469,-5.636334,1.000005
4515,146.7801,0.0843,1,0.2,0,-0.583429,-5.635095,1.000005
4516,146.8104,0.0842,1,0.2,0,-0.589382,-5.633843,1.000005
4517,146.842,0.1001,1,0.2,0,-0.59533,-5.63258,1.000005
4518,146.8752,0.0618,1,0.2,0,-0.601276,-5.631304,1.000005
4519,146.9101,0.1079,1,0.2,0,-0.60722,-5.630015,1.000005
4520,146.945,0.0765,1,0.2,0,-0.613163,-5.628713,1.000004
4521,146.9765,0.0681,1,0.2,0,-0.619105,-5.627398,1.000004
4522,147.0076,0.0917,1,0.2,0,-0.625047,-5.626069,1.000004
4523,147.042,0.0923,1,0.2,0,-0.630987,-5.624727,1.000004
4524,147.0722,0.0838,1,0.2,0,-0.636921,-5.623374,1.000004
4525,147.106,0.0766,1,0.2,0,-0.642853,-5.622006,1.000004
4526,147.1385,0.0606,1,0.2,0,-0.648784,-5.620626,1.000004
4527,147.1734,0.0369,1,0.2,0,-0.654712,-5.619233,1.000004
4528,147.2117,0.068,1,0.2,0,-0.660638,-5.617828,1.000004
4529,147.2368,0.0596,1,0.2,0,-0.666563,-5.616409,1.000004
4530,147.2677,0.0838,1,0.2,0,-0.672487,-5.614977,1.000003
4531,147.3017,0.0765,1,0.2,0,-0.678406,-5.613533,1.000003
4532,147.3312,0.0614,1,0.2,0,-0.684319,-5.612077,1.000003
4533,147.3636,0.0618,1,0.2,0,-0.690223,-5.61061,1.000003
4534,147.3984,0.1089,1,0.2,0,-0.696124,-5.60913,1.000003
4535,147.4303,0.086,1,0.2,0,-0.702024,-5.607637,1.000003
4536,147.4635,0.1086,1,0.2,0,-0.70792,-5.606132,1.000003
4537,147.4979,0.0929,1,0.2,0,-0.713813,-5.604614,1.000003
4538,147.5302,0.1087,1,0.2,0,-0.719705,-5.603083,1.000003
4539,147.5602,0.1018,1,0.2,0,-0.725592,-5.60154,1.000002
4540,147.5935,0.0927,1,0.2,0,-0.731469,-5.599985,1.000002
4541,147.6248,0.0769,1,0.2,0,-0.737345,-5.598417,1.000002
4542,147.6582,0.0922,1,0.2,0,-0.743224,-5.596835,1.000002
4543,147.6941,0.0678,1,0.2,0,-0.749107,-5.595239,1.000002
4544,147.7262,0.0606,1,0.2,0,-0.754989,-5.593628,1.000002
4545,147.7587,0.0681,1,0.2,0,-0.760872,-5.592005,1.000002
4546,147.79,0.0451,1,0.2,0,-0.766743,-5.590371,1.000002
4547,147.8194,0.0609,1,0.2,0,-0.772598,-5.588727,1.000002
4548,147.85,0.0606,1,0.2,0,-0.778441,-5.587075,1.000001
4549,147.8809,0.053,1,0.2,0,-0.784281,-5.585409,1.000001
4550,147.9131,0.0763,1,0.2,0,-0.790119,-5.58373,1.000001
4551,147.9443,0.1074,1,0.2,0,-0.795959,-5.582038,1.000001
4552,147.9796,0.0691,1,0.2,0,-0.801805,-5.58033,1.000001
4553,148.0138,0.1006,1,0.2,0,-0.807651,-5.578609,1.000001
4554,148.0505,0.0927,1,0.2,0,-0.813495,-5.576874,1.000001
4555,148.0818,0.1247,1,0.2,0,-0.819334,-5.575128,1.000001
4556,148.113,0.1084,1,0.2,0,-0.825168,-5.573369,1.000001
4557,148.1456,0.1238,1,0.2,0,-0.831,-5.571597,1.000001
4558,148.1768,0.0543,1,0.2,0,-0.836838,-5.56981,1.000001
4559,148.2087,0.0849,1,0.2,0,-0.842669,-5.56801,1.000001
4560,148.2419,0.0527,1,0.2,0,-0.84849,-5.566201,1.000001
4561,148.2745,0.0598,1,0.2,0,-0.854298,-5.564381,1.000001
4562,148.3094,0.0752,1,0.2,0,-0.860087,-5.562553,1.000001
4563,148.3421,0.0525,1,0.2,0,-0.865859,-5.560717,1.0
4564,148.3726,0.0675,1,0.2,0,-0.871626,-5.558868,1.0
4565,148.4053,0.0764,1,0.2,0,-0.8774,-5.557004,1.0
4566,148.4342,0.1233,1,0.2,0,-0.883182,-5.555123,1.0
4567,148.4679,0.1004,1,0.2,0,-0.888969,-5.553227,1.0
4568,148.5015,0.0927,1,0.2,0,-0.894759,-5.551317,1.0
4569,148.5332,0.1162,1,0.2,0,-0.900547,-5.549394,1.0
4570,148.5672,0.1094,1,0.2,0,-0.906333,-5.547458,1.0
4571,148.6002,0.0931,1,0.2,0,-0.912118,-5.545508,1.0
4572,148.6345,0.1012,1,0.2,0,-0.917897,-5.543547,1.0
4573,148.6649,0.0925,1,0.2,0,-0.923669,-5.541574,1.0
4574,148.6976,0.0924,1,0.2,0,-0.929437,-5.539588,1.0
4575,148.7283,0.046,1,0.2,0,-0.935192,-5.537593,1.0
4576,148.7571,0.0838,1,0.2,0,-0.940931,-5.53559,1.0
4577,148.7898,0.0681,1,0.2,0,-0.946655,-5.533577,1.0
4578,148.8218,0.0839,1,0.2,0,-0.952375,-5.531552,1.0
4579,148.8573,0.0849,1,0.2,0,-0.958103,-5.52951,1.0
4580,148.8928,0.1158,1,0.2,0,-0.963836,-5.527453,1.0
4581,148.9268,0.1012,1,0.2,0,-0.96957,-5.525381,1.0
4582,148.9622,0.0918,1,0.2,0,-0.975302,-5.523296,1.0
4583,148.994,0.0923,1,0.2,0,-0.981033,-5.521198,1.0
4584,149.0258,0.1242,1,0.2,0,-0.986762,-5.519087,1.0
4585,149.0577,0.1083,1,0.2,0,-0.992484,-5.516964,1.0
4586,149.0897,0.0699,1,0.2,0,-0.998199,-5.51483,1.0
4587,149.121,0.1006,1,0.2,0,-1.003896,-5.512688,1.0
4588,149.1536,0.0916,1,0.2,0,-1.009578,-5.510538,1.0
4589,149.1852,0.0914,1,0.2,0,-1.015252,-5.508378,1.0
4590,149.2183,0.0838,1,0.2,0,-1.020926,-5.506202,1.0
4591,149.2535,0.1012,1,0.2,0,-1.026604,-5.504012,1.0
4592,149.2851,0.0926,1,0.2,0,-1.032288,-5.501805,1.0
4593,149.3188,0.1156,1,0.2,0,-1.037971,-5.499584,1.0
4594,149.3511,0.0855,1,0.2,0,-1.043653,-5.49735,1.0
4595,149.3796,0.1245,1,0.2,0,-1.049324,-5.495106,1.0
4596,149.4141,0.077,1,0.2,0,-1.054979,-5.492855,1.0
4597,149.4468,0.0856,1,0.2,0,-1.060625,-5.490593,1.0
4598,149.478,0.0849,1,0.2,0,-1.066261,-5.488321,1.0
4599,149.5097,0.0755,1,0.2,0,-1.071893,-5.486036,1.0
4600,149.5411,0.0838,1,0.2,0,-1.077522,-5.483739,1.0
4601,149.5744,0.1083,1,0.2,0,-1.083145,-5.481431,1.0
4602,149.6102,0.0687,1,0.2,0,-1.08876,-5.479111,1.0
4603,149.642,0.1078,1,0.2,0,-1.094373,-5.476778,1.0
4604,149.6729,0.0681,1,0.2,0,-1.099984,-5.474432,1.0
4605,149.7064,0.1089,1,0.2,0,-1.105593,-5.472073,1.0
4606,149.7351,0.0775,1,0.2,0,-1.111198,-5.469701,1.0
4607,149.7677,0.1008,1,0.2,0,-1.116797,-5.467318,1.0
4608,149.8016,0.085,1,0.2,0,-1.12239,-5.464922,1.0
4609,149.8338,0.0847,1,0.2,0,-1.127977,-5.462516,1.0
4610,149.8653,0.0759,1,0.2,0,-1.133564,-5.460095,1.0
4611,149.8976,0.1006,1,0.2,0,-1.139149,-5.457661,1.000001
4612,149.9287,0.0693,1,0.2,0,-1.144724,-5.455217,1.000001
4613,149.9626,0.0923,1,0.2,0,-1.150289,-5.452763,1.000001
4614,149.9977,0.1002,1,0.2,0,-1.15585,-5.450296,1.000001
4615,150.0304,0.1079,1,0.2,0,-1.161409,-5.447815,1.000001
4616,150.0628,0.0931,1,0.2,0,-1.166973,-5.445318,1.000001
4617,150.0941,0.0929,1,0.2,0,-1.172537,-5.442807,1.000001
4618,150.1229,0.0923,1,0.2,0,-1.178093,-5.440285,1.000001
4619,150.1525,0.0844,1,0.2,0,-1.183641,-5.437752,1.000001
4620,150.1842,0.061,1,0.2,0,-1.189177,-5.43521,1.000001
4621,150.2166,0.0849,1,0.2,0,-1.1947,-5.432659,1.000001
4622,150.2496,0.0999,1,0.2,0,-1.200218,-5.430097,1.000001
4623,150.2835,0.0924,1,0.2,0,-1.20573,-5.427523,1.000001
4624,150.3178,0.1003,1,0.2,0,-1.211235,-5.424937,1.000001
4625,150.3542,0.1088,1,0.2,0,-1.216737,-5.422339,1.000001
4626,150.3852,0.0924,1,0.2,0,-1.222233,-5.419729,1.000001
4627,150.4185,0.1005,1,0.2,0,-1.227727,-5.417106,1.000001
4628,150.4506,0.1002,1,0.2,0,-1.233214,-5.414471,1.000001
4629,150.4792,0.1001,1,0.2,0,-1.238687,-5.411829,1.000001
4630,150.5089,0.0924,1,0.2,0,-1.244153,-5.409176,1.000001
4631,150.5413,0.0923,1,0.2,0,-1.249616,-5.406509,1.000001
4632,150.572,0.1007,1,0.2,0,-1.255078,-5.403829,1.000001
4633,150.606,0.1242,1,0.2,0,-1.260538,-5.401134,1.000001
4634,150.6427,0.1158,1,0.2,0,-1.265987,-5.398431,1.000001
4635,150.674,0.1089,1,0.2,0,-1.27143,-5.395716,1.000001
4636,150.7052,0.0922,1,0.2,0,-1.276867,-5.39299,1.000001
4637,150.7383,0.06,1,0.2,0,-1.282297,-5.390252,1.000001
4638,150.7681,0.0767,1,0.2,0,-1.28772,-5.387504,1.000001
4639,150.8006,0.1159,1,0.2,0,-1.293134,-5.384745,1.000001
4640,150.8325,0.108,1,0.2,0,-1.298549,-5.381972,1.000001
4641,150.864,0.1239,1,0.2,0,-1.303964,-5.379183,1.000001
4642,150.8966,0.1162,1,0.2,0,-1.309381,-5.376379,1.000002
4643,150.9313,0.0765,1,0.2,0,-1.314788,-5.373566,1.000002
4644,150.9642,0.0685,1,0.2,0,-1.320177,-5.370748,1.000002
4645,150.9976,0.0927,1,0.2,0,-1.325557,-5.367918,1.000002
4646,151.0305,0.0842,1,0.2,0,-1.330929,-5.365079,1.000002
4647,151.0612,0.0926,1,0.2,0,-1.336298,-5.362226,1.000002
4648,151.0935,0.0847,1,0.2,0,-1.341662,-5.359361,1.000002
4649,151.1259,0.1084,1,0.2,0,-1.347028,-5.356481,1.000002
4650,151.1574,0.0774,1,0.2,0,-1.352392,-5.353586,1.000002
4651,151.1926,0.1086,1,0.2,0,-1.357746,-5.350683,1.000002
4652,151.2252,0.0852,1,0.2,0,-1.363087,-5.347771,1.000002
4653,151.2593,0.116,1,0.2,0,-1.368415,-5.344851,1.000002
4654,151.2893,0.0845,1,0.2,0,-1.373738,-5.34192,1.000002
4655,151.3209,0.1237,1,0.2,0,-1.379061,-5.338974,1.000002
4656,151.3538,0.085,1,0.2,0,-1.384383,-5.336013,1.000002
4657,151.3854,0.0926,1,0.2,0,-1.389696,-5.333043,1.000002
4658,151.4175,0.1008,1,0.2,0,-1.395001,-5.330061,1.000002
4659,151.4533,0.1075,1,0.2,0,-1.400299,-5.327069,1.000002
4660,151.4844,0.0775,1,0.2,0,-1.405593,-5.324064,1.000002
4661,151.5167,0.1157,1,0.2,0,-1.410875,-5.321051,1.000002
4662,151.5502,0.0846,1,0.2,0,-1.416147,-5.318028,1.000002
4663,151.5815,0.0685,1,0.2,0,-1.421419,-5.314991,1.000002
4664,151.6131,0.1163,1,0.2,0,-1.426687,-5.311941,1.000002
4665,151.6472,0.0919,1,0.2,0,-1.431946,-5.30888,1.000002
4666,151.6786,0.1157,1,0.2,0,-1.437197,-5.30581,1.000002
4667,151.7152,0.0846,1,0.2,0,-1.442441,-5.302729,1.000002
4668,151.7455,0.0996,1,0.2,0,-1.447684,-5.299633,1.000002
4669,151.7774,0.0928,1,0.2,0,-1.452929,-5.29652,1.000001
4670,151.8093,0.1005,1,0.2,0,-1.458175,-5.293392,1.000001
4671,151.841,0.0684,1,0.2,0,-1.463413,-5.290254,1.000001
4672,151.8737,0.1165,1,0.2,0,-1.468641,-5.287105,1.000001
4673,151.9061,0.0852,1,0.2,0,-1.473854,-5.283951,1.000001
4674,151.9378,0.0759,1,0.2,0,-1.479054,-5.280789,1.000001
4675,151.9721,0.1155,1,0.2,0,-1.48425,-5.277615,1.000001
4676,152.0057,0.0852,1,0.2,0,-1.489444,-5.274426,1.000001
4677,152.038,0.0764,1,0.2,0,-1.494631,-5.271225,1.000001
4678,152.0708,0.1006,1,0.2,0,-1.499805,-5.268019,1.000001
4679,152.1016,0.1157,1,0.2,0,-1.504966,-5.264804,1.000001
4680,152.1302,0.0688,1,0.2,0,-1.510118,-5.26158,1.000001
4681,152.1626,0.1082,1,0.2,0,-1.515271,-5.258339,1.000001
4682,152.1967,0.1078,1,0.2,0,-1.520418,-5.255086,1.000001
4683,152.2302,0.0995,1,0.2,0,-1.525562,-5.251821,1.000001
4684,152.2627,0.0935,1,0.2,0,-1.530692,-5.248549,1.000001
4685,152.294,0.0926,1,0.2,0,-1.535814,-5.245266,1.000001
4686,152.3271,0.084,1,0.2,0,-1.54093,-5.241971,1.000001
4687,152.362,0.0935,1,0.2,0,-1.546043,-5.238664,1.000001
4688,152.3946,0.0928,1,0.2,0,-1.551149,-5.235344,1.000001
4689,152.4259,0.0762,1,0.2,0,-1.556255,-5.23201,1.000001
4690,152.4576,0.1234,1,0.2,0,-1.561355,-5.228664,1.000001
4691,152.4889,0.0921,1,0.2,0,-1.566444,-5.22531,1.000001
4692,152.5199,0.0847,1,0.2,0,-1.571522,-5.221947,1.000001
4693,152.5543,0.0926,1,0.2,0,-1.576592,-5.218574,1.000001
4694,152.5849,0.0846,1,0.2,0,-1.581657,-5.215189,1.000001
4695,152.618,0.0758,1,0.2,0,-1.586717,-5.211791,1.000001
4696,152.6546,0.1085,1,0.2,0,-1.591769,-5.208383,1.000001
4697,152.6846,0.0838,1,0.2,0,-1.596808,-5.204968,1.0
4698,152.7178,0.077,1,0.2,0,-1.601833,-5.201547,1.0
4699,152.7501,0.1088,1,0.2,0,-1.606852,-5.198114,1.0
4700,152.7805,0.0761,1,0.2,0,-1.611866,-5.194668,1.0
4701,152.8121,0.1403,1,0.2,0,-1.616876,-5.191209,1.0
4702,152.846,0.1001,1,0.2,0,-1.621875,-5.187743,1.0
4703,152.8802,0.1076,1,0.2,0,-1.626865,-5.184267,1.0
4704,152.9145,0.0928,1,0.2,0,-1.631844,-5.180782,1.0
4705,152.9457,0.0922,1,0.2,0,-1.636819,-5.177285,1.0
4706,152.9773,0.0996,1,0.2,0,-1.641798,-5.173769,1.0
4707,153.0086,0.0769,1,0.2,0,-1.646776,-5.170238,1.0
4708,153.0426,0.1157,1,0.2,0,-1.651744,-5.166698,1.0
4709,153.0755,0.108,1,0.2,0,-1.656698,-5.163152,1.0
4710,153.1087,0.1001,1,0.2,0,-1.661646,-5.159594,1.0
4711,153.1409,0.1242,1,0.2,0,-1.666589,-5.156024,1.0
4712,153.1746,0.1074,1,0.2,0,-1.671528,-5.152442,1.0
4713,153.2047,0.1236,1,0.2,0,-1.676457,-5.14885,1.0
4714,153.2361,0.0773,1,0.2,0,-1.681376,-5.145249,1.0
4715,153.2665,0.1163,1,0.2,0,-1.686283,-5.141641,1.0
4716,153.3015,0.0913,1,0.2,0,-1.691182,-5.138021,1.0
4717,153.3362,0.0842,1,0.2,0,-1.696084,-5.134384,1.0
4718,153.3709,0.0925,1,0.2,0,-1.700978,-5.130737,1.0
4719,153.4013,0.1001,1,0.2,0,-1.705854,-5.127086,1.0
4720,153.4329,0.1079,1,0.2,0,-1.710712,-5.123432,1.000001
4721,153.4665,0.0844,1,0.2,0,-1.715564,-5.119766,1.000001
4722,153.4984,0.0923,1,0.2,0,-1.720411,-5.116087,1.000001
4723,153.5298,0.1074,1,0.2,0,-1.725248,-5.1124,1.000001
4724,153.5624,0.108,1,0.2,0,-1.730076,-5.108703,1.000001
4725,153.5942,0.0692,1,0.2,0,-1.734897,-5.104995,1.000001
4726,153.6282,0.1086,1,0.2,0,-1.739714,-5.101274,1.000001
4727,153.6608,0.1077,1,0.2,0,-1.744524,-5.097541,1.000001
4728,153.6937,0.1088,1,0.2,0,-1.749331,-5.093795,1.000001
4729,153.7258,0.1002,1,0.2,0,-1.754129,-5.090039,1.000001
4730,153.7566,0.1316,1,0.2,0,-1.758915,-5.086277,1.000001
4731,153.7885,0.0926,1,0.2,0,-1.763692,-5.082505,1.000001
4732,153.8235,0.0844,1,0.2,0,-1.768463,-5.078722,1.000001
4733,153.8586,0.0843,1,0.2,0,-1.773228,-5.074926,1.000001
4734,153.8904,0.0999,1,0.2,0,-1.777986,-5.07112,1.000001
4735,153.9224,0.0929,1,0.2,0,-1.782731,-5.067307,1.000001
4736,153.955,0.1001,1,0.2,0,-1.787463,-5.063489,1.000001
4737,153.9837,0.108,1,0.2,0,-1.792188,-5.059659,1.000001
4738,154.0154,0.1155,1,0.2,0,-1.796907,-5.055817,1.000001
4739,154.0497,0.0924,1,0.2,0,-1.801619,-5.051964,1.000001
4740,154.0807,0.1159,1,0.2,0,-1.806325,-5.0481,1.000001
4741,154.1143,0.1392,1,0.2,0,-1.811023,-5.044224,1.000001
4742,154.1493,0.084,1,0.2,0,-1.815713,-5.040339,1.0
4743,154.1823,0.131,1,0.2,0,-1.820396,-5.036442,1.0
4744,154.2139,0.0923,1,0.2,0,-1.825075,-5.032532,1.0
4745,154.2455,0.1399,1,0.2,0,-1.829737,-5.028618,1.0
4746,154.2755,0.1159,1,0.2,0,-1.834388,-5.024698,1.0
4747,154.3112,0.1545,1,0.2,0,-1.839038,-5.020761,1.0
4748,154.3424,0.0998,1,0.2,0,-1.843686,-5.016809,1.0
4749,154.3731,0.1004,1,0.2,0,-1.848323,-5.012848,1.0
4750,154.4034,0.1078,1,0.2,0,-1.852943,-5.008885,1.0
4751,154.4424,0.1006,1,0.2,0,-1.857554,-5.004914,1.0
4752,154.4763,0.1078,1,0.2,0,-1.862156,-5.000933,1.0
4753,154.5098,0.0841,1,0.2,0,-1.866746,-4.996945,1.0
4754,154.5427,0.1315,1,0.2,0,-1.871322,-4.992953,1.000001
4755,154.5729,0.1008,1,0.2,0,-1.875886,-4.988954,1.000001
4756,154.6064,0.171,1,0.2,0,-1.880445,-4.984942,1.000001
4757,154.6346,0.0843,1,0.2,0,-1.884996,-4.980921,1.000001
4758,154.6674,0.1156,1,0.2,0,-1.88954,-4.976889,1.000001
4759,154.6972,0.093,1,0.2,0,-1.894074,-4.972849,1.000001
4760,154.7286,0.1077,1,0.2,0,-1.898603,-4.968797,1.000001
4761,154.7605,0.1306,1,0.2,0,-1.903124,-4.964735,1.000001
4762,154.7971,0.0924,1,0.2,0,-1.907639,-4.96066,1.000001
4763,154.8302,0.1081,1,0.2,0,-1.912143,-4.956579,1.000001
4764,154.8629,0.0925,1,0.2,0,-1.916636,-4.952491,1.000001
4765,154.8939,0.1401,1,0.2,0,-1.921124,-4.94839,1.000001
4766,154.9229,0.0764,1,0.2,0,-1.925604,-4.944278,1.000001
4767,154.9532,0.1079,1,0.2,0,-1.930079,-4.940155,1.000001
4768,154.9864,0.0924,1,0.2,0,-1.934543,-4.936023,1.000001
4769,155.0172,0.1011,1,0.2,0,-1.939001,-4.93188,1.000001
4770,155.0522,0.0852,1,0.2,0,-1.943451,-4.927726,1.000001
4771,155.0866,0.0928,1,0.2,0,-1.947899,-4.923557,1.000001
4772,155.118,0.1234,1,0.2,0,-1.952334,-4.919381,1.000001
4773,155.1538,0.1166,1,0.2,0,-1.956759,-4.915197,1.000001
4774,155.1859,0.1005,1,0.2,0,-1.96118,-4.910998,1.000001
4775,155.2186,0.0842,1,0.2,0,-1.965598,-4.906784,1.000001
4776,155.2495,0.131,1,0.2,0,-1.97001,-4.902557,1.000001
4777,155.2811,0.1234,1,0.2,0,-1.974411,-4.898323,1.000001
4778,155.3151,0.1239,1,0.2,0,-1.978806,-4.894076,1.000001
4779,155.3457,0.1076,1,0.2,0,-1.983193,-4.889818,1.000001
4780,155.3768,0.1153,1,0.2,0,-1.987567,-4.885555,1.000001
4781,155.409,0.1163,1,0.2,0,-1.991927,-4.881288,1.000001
4782,155.4418,0.1314,1,0.2,0,-1.996274,-4.877015,1.000001
4783,155.4735,0.1153,1,0.2,0,-2.00061,-4.872734,1.000001
4784,155.5063,0.1236,1,0.2,0,-2.004933,-4.868448,1.000001
4785,155.5423,0.1552,1,0.2,0,-2.009239,-4.864161,1.000001
4786,155.5768,0.1243,1,0.2,0,-2.013533,-4.859869,1.000001
4787,155.6097,0.1405,1,0.2,0,-2.01782,-4.855565,1.000001
4788,155.6432,0.1083,1,0.2,0,-2.022097,-4.851252,1.000001
4789,155.6755,0.124,1,0.2,0,-2.026364,-4.846932,1.000001
4790,155.7072,0.1242,1,0.2,0,-2.030622,-4.842604,1.000001
4791,155.7385,0.1398,1,0.2,0,-2.034875,-4.838262,1.0
4792,155.7686,0.1162,1,0.2,0,-2.039119,-4.83391,1.0
4793,155.8024,0.1315,1,0.2,0,-2.043356,-4.829547,1.0
4794,155.834,0.0929,1,0.2,0,-2.047581,-4.825179,1.0
4795,155.8681,0.1317,1,0.2,0,-2.051797,-4.820799,1.0
4796,155.9021,0.1002,1,0.2,0,-2.056006,-4.816409,1.0
4797,155.9382,0.1076,1,0.2,0,-2.060206,-4.812009,1.0
4798,155.9681,0.0999,1,0.2,0,-2.064398,-4.8076,1.0
4799,156.0013,0.1156,1,0.2,0,-2.068583,-4.803178,1.0
4800,156.0304,0.1,1,0.2,0,-2.072764,-4.798742,1.0
4801,156.0611,0.1159,1,0.2,0,-2.076941,-4.794291,0.999999
4802,156.0941,0.1239,1,0.2,0,-2.08111,-4.789829,0.999999
4803,156.1259,0.0931,1,0.2,0,-2.085269,-4.785359,0.999999
4804,156.158,0.1313,1,0.2,0,-2.089421,-4.780878,0.999999
4805,156.1942,0.0693,1,0.2,0,-2.093563,-4.776389,0.999999
4806,156.2262,0.1003,1,0.2,0,-2.097689,-4.771897,0.999999
4807,156.2575,0.1084,1,0.2,0,-2.1018,-4.767404,0.999999
4808,156.2896,0.1322,1,0.2,0,-2.105901,-4.762902,0.999999
4809,156.32,0.1084,1,0.2,0,-2.109989,-4.758394,0.999999
4810,156.3539,0.0922,1,0.2,0,-2.114065,-4.753881,0.999999
4811,156.3858,0.1398,1,0.2,0,-2.118127,-4.749363,0.999998
4812,156.4174,0.1083,1,0.2,0,-2.122181,-4.744835,0.999998
4813,156.4541,0.1546,1,0.2,0,-2.126226,-4.740296,0.999998
4814,156.4847,0.0767,1,0.2,0,-2.130263,-4.735748,0.999998
4815,156.5184,0.124,1,0.2,0,-2.134288,-4.731193,0.999998
4816,156.549,0.1003,1,0.2,0,-2.138297,-4.726635,0.999998
4817,156.5801,0.1073,1,0.2,0,-2.142296,-4.72207,0.999998
4818,156.6141,0.1162,1,0.2,0,-2.146282,-4.717501,0.999998
4819,156.6472,0.1007,1,0.2,0,-2.150257,-4.712924,0.999998
4820,156.6774,0.1312,1,0.2,0,-2.154221,-4.708339,0.999998
4821,156.7084,0.1236,1,0.2,0,-2.158178,-4.703743,0.999998
4822,156.7456,0.1312,1,0.2,0,-2.162132,-4.699132,0.999998
4823,156.7801,0.0764,1,0.2,0,-2.166077,-4.694511,0.999998
4824,156.8133,0.1315,1,0.2,0,-2.170017,-4.689877,0.999998
4825,156.845,0.0846,1,0.2,0,-2.173946,-4.685235,0.999998
4826,156.8769,0.1396,1,0.2,0,-2.177866,-4.680584,0.999998
4827,156.9089,0.1315,1,0.2,0,-2.181778,-4.675922,0.999998
4828,156.9408,0.1397,1,0.2,0,-2.185684,-4.671248,0.999998
4829,156.9745,0.1156,1,0.2,0,-2.189582,-4.666564,0.999998
4830,157.0092,0.1306,1,0.2,0,-2.193468,-4.661875,0.999998
4831,157.0411,0.1318,1,0.2,0,-2.197348,-4.657172,0.999998
4832,157.0726,0.1318,1,0.2,0,-2.201216,-4.652463,0.999999
4833,157.1048,0.1006,1,0.2,0,-2.205074,-4.647748,0.999999
4834,157.1351,0.1083,1,0.2,0,-2.208921,-4.643023,0.999999
4835,157.1682,0.1161,1,0.2,0,-2.21276,-4.638288,0.999999
4836,157.2023,0.1082,1,0.2,0,-2.21659,-4.633545,0.999999
4837,157.2341,0.092,1,0.2,0,-2.220409,-4.628794,0.999999
4838,157.2675,0.0933,1,0.2,0,-2.224219,-4.624033,0.999999
4839,157.302,0.1393,1,0.2,0,-2.228018,-4.619265,0.999999
4840,157.334,0.0999,1,0.2,0,-2.231807,-4.614488,0.999999
4841,157.3664,0.1232,1,0.2,0,-2.235586,-4.609704,0.999999
4842,157.397,0.1086,1,0.2,0,-2.239353,-4.604913,0.999999
4843,157.4291,0.0924,1,0.2,0,-2.243106,-4.60012,0.999999
4844,157.4612,0.1001,1,0.2,0,-2.246847,-4.59532,0.999999
4845,157.4933,0.1003,1,0.2,0,-2.250581,-4.590508,0.999999
4846,157.5278,0.1398,1,0.2,0,-2.254304,-4.58569,0.999999
4847,157.5623,0.0924,1,0.2,0,-2.258013,-4.580867,0.999999
4848,157.5941,0.0998,1,0.2,0,-2.261709,-4.576041,0.999999
4849,157.6271,0.1236,1,0.2,0,-2.265402,-4.571198,1.0
4850,157.6563,0.1085,1,0.2,0,-2.269083,-4.566347,1.0
4851,157.688,0.1159,1,0.2,0,-2.272751,-4.561494,1.0
4852,157.7208,0.1082,1,0.2,0,-2.276407,-4.556635,1.0
4853,157.7579,0.1086,1,0.2,0,-2.280053,-4.551767,1.0
4854,157.7932,0.116,1,0.2,0,-2.283695,-4.546883,1.0
4855,157.8252,0.0922,1,0.2,0,-2.287325,-4.541994,1.0
4856,157.8569,0.1315,1,0.2,0,-2.290946,-4.537095,1.000001
4857,157.8895,0.1319,1,0.2,0,-2.294553,-4.532192,1.000001
4858,157.9201,0.1235,1,0.2,0,-2.298151,-4.527279,1.000001
4859,157.9549,0.1002,1,0.2,0,-2.301748,-4.522346,1.000001
4860,157.9849,0.1237,1,0.2,0,-2.30534,-4.517399,1.000001
4861,158.0175,0.1086,1,0.2,0,-2.308922,-4.512443,1.000001
4862,158.0532,0.1154,1,0.2,0,-2.31249,-4.507483,1.000002
4863,158.0863,0.1313,1,0.2,0,-2.316044,-4.502522,1.000002
4864,158.1195,0.1006,1,0.2,0,-2.31959,-4.497548,1.000002
4865,158.1532,0.116,1,0.2,0,-2.323126,-4.492567,1.000002
4866,158.1833,0.0929,1,0.2,0,-2.326648,-4.487581,1.000002
4867,158.2137,0.1004,1,0.2,0,-2.330155,-4.482595,1.000002
4868,158.2453,0.1467,1,0.2,0,-2.333651,-4.477602,1.000002
4869,158.2783,0.0855,1,0.2,0,-2.337135,-4.472603,1.000002
4870,158.3089,0.1157,1,0.2,0,-2.34061,-4.467595,1.000002
4871,158.3397,0.1001,1,0.2,0,-2.344073,-4.46258,1.000002
4872,158.3729,0.1083,1,0.2,0,-2.347524,-4.45756,1.000002
4873,158.4099,0.1312,1,0.2,0,-2.350964,-4.452533,1.000002
4874,158.4457,0.0924,1,0.2,0,-2.354395,-4.447495,1.000002
4875,158.4776,0.0849,1,0.2,0,-2.357821,-4.442442,1.000002
4876,158.5085,0.1164,1,0.2,0,-2.361239,-4.437378,1.000002
4877,158.5423,0.1001,1,0.2,0,-2.364641,-4.432314,1.000002
4878,158.5712,0.1157,1,0.2,0,-2.36803,-4.427247,1.000002
4879,158.6072,0.1469,1,0.2,0,-2.371408,-4.422171,1.000002
4880,158.6379,0.1085,1,0.2,0,-2.374778,-4.417085,1.000002
4881,158.6691,0.1158,1,0.2,0,-2.378139,-4.411989,1.000002
4882,158.7047,0.1076,1,0.2,0,-2.38149,-4.406882,1.000002
4883,158.7379,0.1082,1,0.2,0,-2.38483,-4.401771,1.000001
4884,158.7689,0.1075,1,0.2,0,-2.388157,-4.396654,1.000001
4885,158.8011,0.1153,1,0.2,0,-2.391468,-4.391537,1.000001
4886,158.8318,0.1087,1,0.2,0,-2.394769,-4.386413,1.000001
4887,158.8637,0.1005,1,0.2,0,-2.39806,-4.381279,1.000001
4888,158.8968,0.1233,1,0.2,0,-2.401339,-4.37614,1.000001
4889,158.9304,0.0994,1,0.2,0,-2.404607,-4.370993,1.000001
4890,158.9633,0.1235,1,0.2,0,-2.407864,-4.36584,1.000001
4891,158.9975,0.1078,1,0.2,0,-2.41111,-4.360679,1.000001
4892,159.0294,0.1003,1,0.2,0,-2.414348,-4.355507,1.0
4893,159.0606,0.0918,1,0.2,0,-2.417578,-4.350323,1.0
4894,159.0933,0.1237,1,0.2,0,-2.420801,-4.345124,1.0
4895,159.1255,0.1009,1,0.2,0,-2.424016,-4.339915,1.0
4896,159.1624,0.1088,1,0.2,0,-2.42722,-4.3347,1.0
4897,159.1932,0.1155,1,0.2,0,-2.430407,-4.329485,1.0
4898,159.2242,0.0849,1,0.2,0,-2.433582,-4.324267,1.0
4899,159.2551,0.1165,1,0.2,0,-2.436744,-4.319044,1.0
4900,159.2864,0.1084,1,0.2,0,-2.439894,-4.313817,0.999999
4901,159.317,0.1162,1,0.2,0,-2.443026,-4.308592,0.999999
4902,159.349,0.1002,1,0.2,0,-2.446144,-4.303368,0.999999
4903,159.3835,0.1316,1,0.2,0,-2.449249,-4.298138,0.999999
4904,159.4174,0.101,1,0.2,0,-2.452345,-4.2929,0.999999
4905,159.4542,0.1157,1,0.2,0,-2.455435,-4.287644,0.999999
4906,159.4885,0.0929,1,0.2,0,-2.458518,-4.282376,0.999999
4907,159.5216,0.1088,1,0.2,0,-2.461595,-4.277091,0.999999
4908,159.5536,0.1474,1,0.2,0,-2.464659,-4.271801,0.999999
4909,159.586,0.0839,1,0.2,0,-2.46771,-4.26651,0.999999
4910,159.6155,0.1386,1,0.2,0,-2.470752,-4.261208,0.999999
4911,159.6487,0.1152,1,0.2,0,-2.473784,-4.255896,0.999999
4912,159.6809,0.1168,1,0.2,0,-2.476804,-4.250578,0.999999
4913,159.7134,0.1234,1,0.2,0,-2.479814,-4.245255,0.999999
4914,159.7497,0.1311,1,0.2,0,-2.482806,-4.239933,0.999999
4915,159.7812,0.108,1,0.2,0,-2.485786,-4.234608,0.999999
4916,159.814,0.1235,1,0.2,0,-2.488755,-4.229275,0.999999
4917,159.8456,0.1005,1,0.2,0,-2.491709,-4.223939,0.999999
4918,159.8737,0.1312,1,0.2,0,-2.494653,-4.218599,0.999999
4919,159.9069,0.0691,1,0.2,0,-2.497587,-4.213245,0.999999
4920,159.9376,0.1005,1,0.2,0,-2.500511,-4.207885,0.999999
4921,159.9694,0.1081,1,0.2,0,-2.503423,-4.20252,0.999999
4922,160.0058,0.1239,1,0.2,0,-2.506322,-4.197149,0.999999
4923,160.0414,0.1001,1,0.2,0,-2.509209,-4.191773,0.999999
4924,160.0727,0.1068,1,0.2,0,-2.512089,-4.186382,0.999999
4925,160.1059,0.0936,1,0.2,0,-2.51496,-4.180981,0.999999
4926,160.1367,0.1238,1,0.2,0,-2.517816,-4.175581,0.999999
4927,160.1672,0.1158,1,0.2,0,-2.520657,-4.17018,0.999999
4928,160.2016,0.1308,1,0.2,0,-2.523487,-4.164772,1.0
4929,160.235,0.1084,1,0.2,0,-2.52631,-4.15935,1.0
4930,160.2657,0.1386,1,0.2,0,-2.529121,-4.15392,1.0
4931,160.3003,0.1234,1,0.2,0,-2.531919,-4.148489,1.0
4932,160.3322,0.1165,1,0.2,0,-2.534702,-4.143058,1.0
4933,160.3665,0.1085,1,0.2,0,-2.537472,-4.137624,1.0
4934,160.3979,0.1395,1,0.2,0,-2.540231,-4.132184,1.0
4935,160.4301,0.1169,1,0.2,0,-2.542977,-4.126738,1.0
4936,160.462,0.1155,1,0.2,0,-2.545713,-4.121284,1.0
4937,160.494,0.1157,1,0.2,0,-2.54844,-4.115818,1.0
4938,160.5266,0.1392,1,0.2,0,-2.551157,-4.110342,1.0
4939,160.5629,0.0849,1,0.2,0,-2.553863,-4.104857,1.0
4940,160.594,0.1157,1,0.2,0,-2.556556,-4.099372,1.0
4941,160.6285,0.0926,1,0.2,0,-2.559235,-4.093884,1.0
4942,160.662,0.1238,1,0.2,0,-2.561903,-4.088389,1.0
4943,160.6937,0.1007,1,0.2,0,-2.564561,-4.082884,1.0
4944,160.7237,0.1159,1,0.2,0,-2.567207,-4.077373,1.0
4945,160.7566,0.1,1,0.2,0,-2.569838,-4.071863,1.0
4946,160.7886,0.0996,1,0.2,0,-2.572456,-4.066351,1.0
4947,160.8207,0.1164,1,0.2,0,-2.575062,-4.060833,1.0
4948,160.854,0.1003,1,0.2,0,-2.577657,-4.055307,1.0
4949,160.8872,0.1084,1,0.2,0,-2.58024,-4.049775,1.0
4950,160.9205,0.0926,1,0.2,0,-2.582813,-4.044234,1.0
4951,160.9528,0.1159,1,0.2,0,-2.585375,-4.038685,1.0
4952,160.9848,0.1163,1,0.2,0,-2.587926,-4.03313,1.0
4953,161.0153,0.108,1,0.2,0,-2.590466,-4.027565,1.0
4954,161.0504,0.1236,1,0.2,0,-2.592997,-4.021989,1.0
4955,161.0809,0.1081,1,0.2,0,-2.595516,-4.016409,1.0
4956,161.1155,0.1162,1,0.2,0,-2.59802,-4.010828,1.0
4957,161.1497,0.1083,1,0.2,0,-2.600512,-4.005241,1.0
4958,161.1815,0.1002,1,0.2,0,-2.60299,-3.999654,1.0
4959,161.2157,0.0929,1,0.2,0,-2.605453,-3.994068,1.0
4960,161.2456,0.0851,1,0.2,0,-2.607901,-3.988485,1.0
4961,161.2773,0.1163,1,0.2,0,-2.610338,-3.982893,1.0
4962,161.3093,0.1009,1,0.2,0,-2.612767,-3.977284,1.0
4963,161.342,0.1077,1,0.2,0,-2.615188,-3.971664,1.0
4964,161.3747,0.0925,1,0.2,0,-2.617595,-3.966039,0.999999
4965,161.4099,0.1003,1,0.2,0,-2.61999,-3.960411,0.999999
4966,161.4458,0.0928,1,0.2,0,-2.62237,-3.954783,0.999999
4967,161.4772,0.101,1,0.2,0,-2.624737,-3.949152,0.999999
4968,161.5096,0.1075,1,0.2,0,-2.62709,-3.94352,0.999999
4969,161.5421,0.0929,1,0.2,0,-2.629431,-3.937883,0.999999
4970,161.5714,0.0856,1,0.2,0,-2.631761,-3.932237,0.999999
4971,161.6057,0.1085,1,0.2,0,-2.634083,-3.926578,0.999999
4972,161.6423,0.0929,1,0.2,0,-2.636395,-3.920908,0.999999
4973,161.6729,0.0843,1,0.2,0,-2.638695,-3.915234,0.999999
4974,161.7049,0.0769,1,0.2,0,-2.640981,-3.909557,0.999999
4975,161.7353,0.109,1,0.2,0,-2.643249,-3.903888,0.999999
4976,161.7665,0.124,1,0.2,0,-2.645499,-3.89823,0.999999
4977,161.8019,0.1078,1,0.2,0,-2.647737,-3.892566,0.999999
4978,161.8341,0.0988,1,0.2,0,-2.649964,-3.886894,0.999999
4979,161.8687,0.0995,1,0.2,0,-2.652182,-3.881207,0.999999
4980,161.9018,0.0929,1,0.2,0,-2.654392,-3.875505,0.999999
4981,161.9343,0.1169,1,0.2,0,-2.65659,-3.869799,0.999999
4982,161.9662,0.1167,1,0.2,0,-2.658774,-3.864088,0.999999
4983,161.9978,0.1009,1,0.2,0,-2.660946,-3.858377,0.999999
4984,162.0276,0.1076,1,0.2,0,-2.6631,-3.852673,0.999999
4985,162.0616,0.1154,1,0.2,0,-2.665239,-3.846972,0.999999
4986,162.0937,0.1086,1,0.2,0,-2.667366,-3.841267,0.999999
4987,162.1253,0.124,1,0.2,0,-2.669482,-3.835553,0.999999
4988,162.1618,0.1146,1,0.2,0,-2.67159,-3.829821,0.999999
4989,162.1952,0.1075,1,0.2,0,-2.67369,-3.824074,0.999999
4990,162.2254,0.1074,1,0.2,0,-2.675778,-3.818321,1.0
4991,162.2567,0.0928,1,0.2,0,-2.677852,-3.812567,1.0
4992,162.2886,0.1018,1,0.2,0,-2.679911,-3.806818,1.0
4993,162.3202,0.0781,1,0.2,0,-2.681955,-3.801073,1.0
4994,162.3529,0.0857,1,0.2,0,-2.683984,-3.795331,1.0
4995,162.385,0.1002,1,0.2,0,-2.685999,-3.789587,1.0
4996,162.4181,0.0842,1,0.2,0,-2.688002,-3.783837,1.0
4997,162.4539,0.1076,1,0.2,0,-2.689996,-3.778075,0.999999
4998,162.4871,0.1159,1,0.2,0,-2.69198,-3.7723,0.999999
4999,162.5207,0.0995,1,0.2,0,-2.693954,-3.766513,0.999999
5000,162.5535,0.1151,1,0.2,0,-2.695917,-3.760715,0.999999
5001,162.5845,0.1076,1,0.2,0,-2.697865,-3.754921,0.999999
5002,162.6153,0.1158,1,0.2,0,-2.699798,-3.749131,0.999999
5003,162.6487,0.1083,1,0.2,0,-2.701714,-3.743351,0.999999
5004,162.681,0.1009,1,0.2,0,-2.703615,-3.737575,0.999999
5005,162.7158,0.0852,1,0.2,0,-2.705501,-3.731802,0.999999
5006,162.7486,0.1009,1,0.2,0,-2.707374,-3.726024,0.999999
5007,162.7817,0.0934,1,0.2,0,-2.709238,-3.720235,0.999999
5008,162.8135,0.0622,1,0.2,0,-2.711092,-3.714432,0.999999
5009,162.8469,0.1094,1,0.2,0,-2.712935,-3.70862,0.999999
5010,162.8763,0.108,1,0.2,0,-2.714768,-3.7028,0.999999
5011,162.9093,0.0996,1,0.2,0,-2.716588,-3.696973,0.999999
5012,162.9422,0.1078,1,0.2,0,-2.718396,-3.691142,0.999999
5013,162.9726,0.0838,1,0.2,0,-2.72019,-3.68531,0.999999
5014,163.0093,0.123,1,0.2,0,-2.721972,-3.679476,0.999999
5015,163.0411,0.1085,1,0.2,0,-2.723737,-3.673648,0.999999
5016,163.0741,0.1393,1,0.2,0,-2.725485,-3.667831,0.999999
5017,163.1096,0.0604,1,0.2,0,-2.72722,-3.662014,0.999999
5018,163.1413,0.1236,1,0.2,0,-2.72894,-3.656198,0.999999
5019,163.1715,0.0928,1,0.2,0,-2.730649,-3.650378,0.999999
5020,163.205,0.1005,1,0.2,0,-2.732345,-3.644554,0.999999
5021,163.2352,0.1248,1,0.2,0,-2.734028,-3.638725,0.999999
5022,163.267,0.0924,1,0.2,0,-2.735699,-3.632894,0.999999
5023,163.3015,0.0762,1,0.2,0,-2.737359,-3.627057,0.999999
5024,163.3342,0.1086,1,0.2,0,-2.739007,-3.62121,0.999999
5025,163.3672,0.0695,1,0.2,0,-2.740645,-3.615354,0.999999
5026,163.4009,0.1157,1,0.2,0,-2.742274,-3.609484,0.999999
5027,163.4332,0.1088,1,0.2,0,-2.743892,-3.6036,0.999999
5028,163.4648,0.1158,1,0.2,0,-2.745498,-3.597713,0.999999
5029,163.4983,0.1233,1,0.2,0,-2.747089,-3.591829,0.999999
5030,163.5276,0.1072,1,0.2,0,-2.748666,-3.585947,0.999999
5031,163.5606,0.1154,1,0.2,0,-2.750229,-3.580065,0.999999
5032,163.5935,0.1321,1,0.2,0,-2.751777,-3.574188,0.999999
5033,163.6279,0.1159,1,0.2,0,-2.75331,-3.568317,0.999999
5034,163.6611,0.1165,1,0.2,0,-2.754828,-3.562452,0.999999
5035,163.693,0.1157,1,0.2,0,-2.756332,-3.55659,0.999999
5036,163.7259,0.0765,1,0.2,0,-2.757822,-3.550731,0.999999
5037,163.7567,0.1079,1,0.2,0,-2.7593,-3.544866,0.999999
5038,163.7886,0.0771,1,0.2,0,-2.760769,-3.538982,0.999999
5039,163.8222,0.1002,1,0.2,0,-2.762231,-3.533074,0.999999
5040,163.8539,0.109,1,0.2,0,-2.763684,-3.527148,0.999999
5041,163.8889,0.0849,1,0.2,0,-2.765124,-3.521221,0.999999
5042,163.9219,0.0702,1,0.2,0,-2.766549,-3.515299,0.999999
5043,163.9536,0.1003,1,0.2,0,-2.767961,-3.509378,0.999999
5044,163.9851,0.1,1,0.2,0,-2.76936,-3.503454,0.999999
5045,164.015,0.1077,1,0.2,0,-2.770748,-3.497523,0.999999
5046,164.0491,0.1312,1,0.2,0,-2.772125,-3.491582,0.999999
5047,164.081,0.1551,1,0.2,0,-2.77349,-3.485636,0.999999
5048,164.1138,0.1093,1,0.2,0,-2.77484,-3.479695,0.999999
5049,164.1494,0.1084,1,0.2,0,-2.776174,-3.473766,0.999999
5050,164.1838,0.0999,1,0.2,0,-2.77749,-3.467855,0.999999
5051,164.2152,0.1079,1,0.2,0,-2.778791,-3.461957,0.999999
5052,164.2497,0.1156,1,0.2,0,-2.780077,-3.456063,0.999999
5053,164.2816,0.1078,1,0.2,0,-2.78135,-3.450166,0.999999
5054,164.3132,0.1162,1,0.2,0,-2.782612,-3.444257,0.999999
5055,164.3455,0.1174,1,0.2,0,-2.783863,-3.438339,0.999999
5056,164.3784,0.1011,1,0.2,0,-2.785102,-3.432417,0.999999
5057,164.4142,0.1003,1,0.2,0,-2.786328,-3.426487,0.999999
5058,164.4454,0.0926,1,0.2,0,-2.787543,-3.42055,0.999999
5059,164.4788,0.0766,1,0.2,0,-2.788748,-3.4146,0.999999
5060,164.5089,0.0768,1,0.2,0,-2.789943,-3.408631,0.999999
5061,164.5408,0.0539,1,0.2,0,-2.79113,-3.402635,0.999999
5062,164.5712,0.0856,1,0.2,0,-2.79231,-3.396613,0.999999
5063,164.6053,0.0855,1,0.2,0,-2.793479,-3.390571,0.999999
5064,164.6381,0.109,1,0.2,0,-2.794636,-3.384528,0.999999
5065,164.6712,0.07,1,0.2,0,-2.795778,-3.378495,0.999999
5066,164.7059,0.0928,1,0.2,0,-2.796902,-3.37248,0.999999
5067,164.7378,0.1082,1,0.2,0,-2.798011,-3.36648,0.999999
5068,164.7692,0.1233,1,0.2,0,-2.799105,-3.360487,0.999999
5069,164.8024,0.1078,1,0.2,0,-2.800186,-3.354494,0.999999
5070,164.8332,0.1394,1,0.2,0,-2.801254,-3.348498,0.999999
5071,164.8677,0.1241,1,0.2,0,-2.802309,-3.342496,0.999999
5072,164.9017,0.1159,1,0.2,0,-2.803352,-3.336496,0.999999
5073,164.9364,0.1245,1,0.2,0,-2.804379,-3.330508,0.999999
5074,164.9698,0.1,1,0.2,0,-2.805389,-3.324539,0.999999
5075,165.002,0.1159,1,0.2,0,-2.806384,-3.318587,0.999999
5076,165.032,0.1314,1,0.2,0,-2.807364,-3.31264,0.999998
5077,165.063,0.1532,1,0.2,0,-2.808332,-3.306691,0.999998
5078,165.0974,0.1538,1,0.2,0,-2.809289,-3.300731,0.999998
5079,165.1307,0.1539,1,0.2,0,-2.810236,-3.294756,0.999998
5080,165.1615,0.1459,1,0.2,0,-2.811172,-3.288763,0.999998
5081,165.1975,0.146,1,0.2,0,-2.812098,-3.282756,0.999998
5082,165.2297,0.1227,1,0.2,0,-2.813012,-3.276747,0.999998
5083,165.2613,0.1307,1,0.2,0,-2.813912,-3.270737,0.999998
5084,165.294,0.1149,1,0.2,0,-2.8148,-3.264733,0.999998
5085,165.3236,0.1162,1,0.2,0,-2.815673,-3.258734,0.999998
5086,165.3569,0.1236,1,0.2,0,-2.816534,-3.25274,0.999998
5087,165.3892,0.132,1,0.2,0,-2.817381,-3.246753,0.999998
5088,165.421,0.1161,1,0.2,0,-2.818216,-3.240772,0.999998
5089,165.458,0.1084,1,0.2,0,-2.819037,-3.23479,0.999998
5090,165.4889,0.1156,1,0.2,0,-2.819848,-3.228804,0.999998
5091,165.5209,0.1314,1,0.2,0,-2.820646,-3.222812,0.999999
5092,165.553,0.1392,1,0.2,0,-2.821433,-3.216811,0.999999
5093,165.5842,0.1152,1,0.2,0,-2.822209,-3.210799,0.999999
5094,165.6156,0.1074,1,0.2,0,-2.822974,-3.204772,0.999999
5095,165.6494,0.1075,1,0.2,0,-2.823727,-3.198733,0.999999
5096,165.6824,0.1238,1,0.2,0,-2.824469,-3.192683,0.999999
5097,165.7155,0.1081,1,0.2,0,-2.8252,-3.186627,0.999999
5098,165.7493,0.1087,1,0.2,0,-2.825917,-3.180573,0.999999
5099,165.7815,0.0999,1,0.2,0,-2.82662,-3.174528,0.999999
5100,165.8134,0.0995,1,0.2,0,-2.827309,-3.168494,0.999999
5101,165.845,0.1156,1,0.2,0,-2.827984,-3.162472,0.999999
5102,165.8782,0.1159,1,0.2,0,-2.828645,-3.156457,0.999999
5103,165.9137,0.1146,1,0.2,0,-2.829292,-3.150445,0.999999
5104,165.9456,0.1385,1,0.2,0,-2.829926,-3.144432,0.999999
5105,165.9775,0.146,1,0.2,0,-2.830548,-3.138413,0.999999
5106,166.0103,0.1537,1,0.2,0,-2.831157,-3.132383,0.999999
5107,166.041,0.185,1,0.2,0,-2.831756,-3.126337,0.999999
5108,166.0739,0.2014,1,0.2,0,-2.832342,-3.120278,0.999999
5109,166.1076,0.2011,1,0.2,0,-2.832917,-3.114211,0.999999
5110,166.1381,0.1457,1,0.2,0,-2.83348,-3.108141,0.999999
5111,166.1715,0.1614,1,0.2,0,-2.83403,-3.102068,0.999999
5112,166.2049,0.1457,1,0.2,0,-2.834568,-3.095994,0.999999
5113,166.2373,0.1698,1,0.2,0,-2.835094,-3.089921,0.999999
5114,166.2691,0.154,1,0.2,0,-2.835607,-3.083848,0.999999
5115,166.3023,0.1703,1,0.2,0,-2.836107,-3.077775,1.0
5116,166.3332,0.1706,1,0.2,0,-2.836594,-3.071706,1.0
5117,166.366,0.1628,1,0.2,0,-2.837068,-3.065639,1.0
5118,166.3969,0.1393,1,0.2,0,-2.83753,-3.059571,1.0
5119,166.43,0.1386,1,0.2,0,-2.837979,-3.053499,1.0
5120,166.4633,0.1469,1,0.2,0,-2.838415,-3.047426,1.0
5121,166.4975,0.1627,1,0.2,0,-2.838838,-3.041351,1.0
5122,166.5306,0.1477,1,0.2,0,-2.839249,-3.035281,1.0
5123,166.5638,0.1394,1,0.2,0,-2.839646,-3.029221,1.0
5124,166.5977,0.1153,1,0.2,0,-2.84003,-3.023175,1.0
5125,166.6291,0.1393,1,0.2,0,-2.8404,-3.017144,1.0
5126,166.6622,0.1317,1,0.2,0,-2.840756,-3.011124,1.0
5127,166.6951,0.14,1,0.2,0,-2.8411,-3.005107,1.0
5128,166.726,0.14,1,0.2,0,-2.841432,-2.999087,1.0
5129,166.7594,0.1161,1,0.2,0,-2.841752,-2.99306,1.0
5130,166.7899,0.1321,1,0.2,0,-2.84206,-2.987022,1.0
5131,166.8233,0.1481,1,0.2,0,-2.842356,-2.980972,1.0
5132,166.8576,0.1562,1,0.2,0,-2.84264,-2.974907,1.0
5133,166.8895,0.1801,1,0.2,0,-2.842912,-2.968827,1.0
5134,166.9201,0.1397,1,0.2,0,-2.843173,-2.962733,1.0
5135,166.9533,0.1637,1,0.2,0,-2.843421,-2.956633,1.0
5136,166.9824,0.1006,1,0.2,0,-2.843656,-2.950534,1.0
5137,167.0155,0.1008,1,0.2,0,-2.843879,-2.944443,1.0
5138,167.0502,0.0769,1,0.2,0,-2.844087,-2.938364,1.0
5139,167.0823,0.0858,1,0.2,0,-2.844283,-2.932294,1.0
5140,167.1131,0.0454,1,0.2,0,-2.844465,-2.926234,1.0
5141,167.1495,0.0373,1,0.2,0,-2.844633,-2.920181,1.0
5142,167.1816,0.0613,1,0.2,0,-2.844789,-2.914132,1.0
5143,167.2134,0.0613,1,0.2,0,-2.844931,-2.908083,1.0
5144,167.2462,0.0846,1,0.2,0,-2.84506,-2.902028,1.0
5145,167.2751,0.085,1,0.2,0,-2.845176,-2.895962,1.0
5146,167.3096,0.1081,1,0.2,0,-2.845278,-2.889879,1.0
5147,167.3421,0.1241,1,0.2,0,-2.845367,-2.883774,1.0
5148,167.3743,0.1246,1,0.2,0,-2.845443,-2.877643,1.0
5149,167.4106,0.1246,1,0.2,0,-2.845504,-2.871489,1.0
5150,167.4414,0.1405,1,0.2,0,-2.845551,-2.865319,1.0
5151,167.4764,0.1247,1,0.2,0,-2.845585,-2.859149,1.0
5152,167.5098,0.1325,1,0.2,0,-2.845603,-2.852996,0.999999
5153,167.5417,0.1248,1,0.2,0,-2.845608,-2.846871,0.999999
5154,167.5712,0.1397,1,0.2,0,-2.845598,-2.840786,0.999999
5155,167.6014,0.1397,1,0.2,0,-2.845574,-2.834747,0.999999
5156,167.6331,0.132,1,0.2,0,-2.845538,-2.828753,0.999998
5157,167.666,0.1168,1,0.2,0,-2.845488,-2.822796,0.999998
5158,167.6964,0.093,1,0.2,0,-2.845427,-2.816863,0.999998
5159,167.7304,0.1091,1,0.2,0,-2.845353,-2.810943,0.999997
5160,167.7645,0.0856,1,0.2,0,-2.845267,-2.805024,0.999997
5161,167.7974,0.0775,1,0.2,0,-2.84517,-2.799096,0.999997
5162,167.8318,0.0625,1,0.2,0,-2.845061,-2.793151,0.999996
5163,167.863,0.0546,1,0.2,0,-2.844941,-2.787183,0.999996
5164,167.8984,0.0547,1,0.2,0,-2.844808,-2.781187,0.999996
5165,167.9293,0.0625,1,0.2,0,-2.844664,-2.77516,0.999996
5166,167.9611,0.0779,1,0.2,0,-2.844507,-2.769101,0.999995
5167,167.9936,0.0547,1,0.2,0,-2.844337,-2.76301,0.999995
5168,168.0228,0.0863,1,0.2,0,-2.844154,-2.756892,0.999995
5169,168.0551,0.0864,1,0.2,0,-2.843958,-2.750753,0.999994
5170,168.0845,0.093,1,0.2,0,-2.843747,-2.744597,0.999994
5171,168.1174,0.1014,1,0.2,0,-2.843522,-2.738436,0.999994
5172,168.1532,0.139,1,0.2,0,-2.843283,-2.732275,0.999994
5173,168.1856,0.1155,1,0.2,0,-2.843029,-2.726121,0.999994
5174,168.216,0.1005,1,0.2,0,-2.842761,-2.719984,0.999993
5175,168.2493,0.0776,1,0.2,0,-2.842479,-2.713872,0.999993
5176,168.2808,0.0701,1,0.2,0,-2.842185,-2.707788,0.999993
5177,168.3151,0.1011,1,0.2,0,-2.841876,-2.701729,0.999993
5178,168.3494,0.0859,1,0.2,0,-2.841555,-2.695687,0.999993
5179,168.3842,0.1015,1,0.2,0,-2.841221,-2.689662,0.999993
5180,168.4143,0.0937,1,0.2,0,-2.840875,-2.683646,0.999993
5181,168.4497,0.1015,1,0.2,0,-2.840516,-2.677635,0.999993
5182,168.4944,0.1247,1,0.2,0,-2.840144,-2.671617,0.999993
5183,168.5263,0.1239,1,0.2,0,-2.839759,-2.665589,0.999993
5184,168.5583,0.1083,1,0.2,0,-2.839361,-2.659549,0.999993
5185,168.5854,0.1012,1,0.2,0,-2.83895,-2.653496,0.999993
5186,168.6146,0.1245,1,0.2,0,-2.838526,-2.647432,0.999993
5187,168.6434,0.1015,1,0.2,0,-2.838088,-2.64136,0.999994
5188,168.6721,0.1245,1,0.2,0,-2.837637,-2.635286,0.999994
5189,168.7051,0.1331,1,0.2,0,-2.837174,-2.629219,0.999994
5190,168.7384,0.1334,1,0.2,0,-2.836699,-2.623165,0.999994
5191,168.7723,0.1179,1,0.2,0,-2.836212,-2.617127,0.999994
5192,168.8062,0.1258,1,0.2,0,-2.835713,-2.611108,0.999995
5193,168.8376,0.103,1,0.2,0,-2.835202,-2.605108,0.999995
5194,168.8692,0.0949,1,0.2,0,-2.83468,-2.599126,0.999995
5195,168.8985,0.1249,1,0.2,0,-2.834145,-2.593157,0.999995
5196,168.931,0.1323,1,0.2,0,-2.833598,-2.587191,0.999996
5197,168.9635,0.1242,1,0.2,0,-2.833037,-2.581224,0.999996
5198,168.9936,0.117,1,0.2,0,-2.832463,-2.575248,0.999996
5199,169.0297,0.109,1,0.2,0,-2.831875,-2.56926,0.999997
5200,169.0632,0.0935,1,0.2,0,-2.831273,-2.563257,0.999997
5201,169.0944,0.1091,1,0.2,0,-2.830657,-2.557241,0.999997
5202,169.1264,0.1086,1,0.2,0,-2.830027,-2.551214,0.999997
5203,169.1567,0.0783,1,0.2,0,-2.829384,-2.545176,0.999998
5204,169.191,0.0704,1,0.2,0,-2.828727,-2.539131,0.999998
5205,169.2223,0.0627,1,0.2,0,-2.828057,-2.533081,0.999998
5206,169.258,0.0704,1,0.2,0,-2.827373,-2.527033,0.999999
5207,169.2895,0.0699,1,0.2,0,-2.826677,-2.52099,0.999999
5208,169.3224,0.0773,1,0.2,0,-2.825968,-2.514954,0.999999
5209,169.3567,0.0703,1,0.2,0,-2.825248,-2.508931,1.0
5210,169.3848,0.0544,1,0.2,0,-2.824515,-2.502922,1.0
5211,169.4158,0.062,1,0.2,0,-2.823771,-2.496926,1.0
5212,169.4504,0.0768,1,0.2,0,-2.823014,-2.490935,1.000001
5213,169.4969,0.0844,1,0.2,0,-2.822243,-2.484942,1.000001
5214,169.5281,0.0691,1,0.2,0,-2.821458,-2.478941,1.000001
5215,169.5594,0.0847,1,0.2,0,-2.820658,-2.472923,1.000001
5216,169.5893,0.0773,1,0.2,0,-2.819843,-2.466887,1.000002
5217,169.6183,0.0854,1,0.2,0,-2.819013,-2.46084,1.000002
5218,169.6514,0.0931,1,0.2,0,-2.818169,-2.454789,1.000002
5219,169.6818,0.0855,1,0.2,0,-2.817312,-2.448743,1.000002
5220,169.7132,0.0856,1,0.2,0,-2.816444,-2.442708,1.000003
5221,169.7455,0.1014,1,0.2,0,-2.815563,-2.436678,1.000003
5222,169.7761,0.0934,1,0.2,0,-2.81467,-2.430652,1.000003
5223,169.8108,0.1165,1,0.2,0,-2.813764,-2.424632,1.000003
5224,169.8461,0.1089,1,0.2,0,-2.812845,-2.418617,1.000003
5225,169.8797,0.1163,1,0.2,0,-2.811914,-2.412603,1.000004
5226,169.914,0.0765,1,0.2,0,-2.810969,-2.40659,1.000004
5227,169.9466,0.069,1,0.2,0,-2.81001,-2.400571,1.000004
5228,169.9783,0.0846,1,0.2,0,-2.809036,-2.394547,1.000004
5229,170.0089,0.0853,1,0.2,0,-2.80805,-2.388524,1.000004
5230,170.0413,0.0849,1,0.2,0,-2.807052,-2.38251,1.000004
5231,170.0728,0.0928,1,0.2,0,-2.806042,-2.376503,1.000005
5232,170.1053,0.0927,1,0.2,0,-2.805021,-2.370499,1.000005
5233,170.1433,0.0929,1,0.2,0,-2.803987,-2.364501,1.000005
5234,170.1739,0.0926,1,0.2,0,-2.802941,-2.358508,1.000005
5235,170.2059,0.0847,1,0.2,0,-2.801884,-2.352523,1.000005
5236,170.2361,0.0689,1,0.2,0,-2.800814,-2.346539,1.000005
5237,170.2657,0.0527,1,0.2,0,-2.799731,-2.340553,1.000005
5238,170.2989,0.0608,1,0.2,0,-2.798635,-2.334566,1.000005
5239,170.3293,0.0604,1,0.2,0,-2.797526,-2.328583,1.000005
5240,170.3602,0.0529,1,0.2,0,-2.796405,-2.322603,1.000005
5241,170.3923,0.0836,1,0.2,0,-2.795272,-2.316626,1.000005
5242,170.4277,0.0603,1,0.2,0,-2.794126,-2.310652,1.000005
5243,170.4617,0.0602,1,0.2,0,-2.792969,-2.304682,1.000005
5244,170.4978,0.0683,1,0.2,0,-2.791798,-2.29871,1.000005
5245,170.5315,0.0373,1,0.2,0,-2.790614,-2.292737,1.000005
5246,170.5629,0.0612,1,0.2,0,-2.789417,-2.28676,1.000005
5247,170.5976,0.0692,1,0.2,0,-2.788207,-2.280784,1.000005
5248,170.6302,0.0764,1,0.2,0,-2.786985,-2.274815,1.000005
5249,170.6614,0.0843,1,0.2,0,-2.785751,-2.268852,1.000005
5250,170.6929,0.1078,1,0.2,0,-2.784506,-2.262895,1.000005
5251,170.7229,0.1008,1,0.2,0,-2.783248,-2.256944,1.000005
5252,170.7553,0.0928,1,0.2,0,-2.781978,-2.250997,1.000005
5253,170.7859,0.0695,1,0.2,0,-2.780696,-2.245053,1.000005
5254,170.819,0.069,1,0.2,0,-2.779401,-2.23911,1.000005
5255,170.8501,0.0612,1,0.2,0,-2.778092,-2.23317,1.000005
5256,170.8849,0.0679,1,0.2,0,-2.77677,-2.227229,1.000005
5257,170.9174,0.0923,1,0.2,0,-2.775434,-2.221287,1.000005
5258,170.9502,0.0765,1,0.2,0,-2.774086,-2.215351,1.000005
5259,170.9809,0.0605,1,0.2,0,-2.772725,-2.209416,1.000005
5260,171.013,0.0611,1,0.2,0,-2.771351,-2.203481,1.000005
5261,171.0457,0.0369,1,0.2,0,-2.769963,-2.197547,1.000004
5262,171.0775,0.0529,1,0.2,0,-2.768562,-2.191616,1.000004
5263,171.1147,0.0444,1,0.2,0,-2.767148,-2.185686,1.000004
5264,171.1467,0.1069,1,0.2,0,-2.765721,-2.179757,1.000004
5265,171.178,0.0609,1,0.2,0,-2.764281,-2.17383,1.000004
5266,171.2096,0.0844,1,0.2,0,-2.76283,-2.167911,1.000004
5267,171.2424,0.0697,1,0.2,0,-2.761368,-2.162001,1.000004
5268,171.2691,0.0848,1,0.2,0,-2.759894,-2.156098,1.000003
5269,171.3008,0.1086,1,0.2,0,-2.758407,-2.150199,1.000003
5270,171.3341,0.0933,1,0.2,0,-2.756908,-2.144303,1.000003
5271,171.3655,0.116,1,0.2,0,-2.755397,-2.138413,1.000003
5272,171.398,0.0854,1,0.2,0,-2.753873,-2.132524,1.000003
5273,171.4321,0.1093,1,0.2,0,-2.752334,-2.126633,1.000003
5274,171.465,0.0938,1,0.2,0,-2.750783,-2.120748,1.000003
5275,171.4976,0.0693,1,0.2,0,-2.74922,-2.114867,1.000003
5276,171.5294,0.076,1,0.2,0,-2.747643,-2.108985,1.000003
5277,171.5619,0.0999,1,0.2,0,-2.746052,-2.103099,1.000002
5278,171.595,0.0755,1,0.2,0,-2.744446,-2.097212,1.000002
5279,171.6255,0.0756,1,0.2,0,-2.742828,-2.091326,1.000002
5280,171.6614,0.0376,1,0.2,0,-2.741198,-2.085448,1.000002
5281,171.6919,0.053,1,0.2,0,-2.739559,-2.079586,1.000002
5282,171.7258,0.0836,1,0.2,0,-2.737911,-2.073741,1.000002
5283,171.7594,0.0762,1,0.2,0,-2.736251,-2.067901,1.000002
5284,171.7894,0.0916,1,0.2,0,-2.734579,-2.062063,1.000002
5285,171.8222,0.0837,1,0.2,0,-2.732893,-2.056225,1.000002
5286,171.8551,0.0691,1,0.2,0,-2.731191,-2.050381,1.000001
5287,171.8858,0.1088,1,0.2,0,-2.729474,-2.044531,1.000001
5288,171.9195,0.0849,1,0.2,0,-2.727743,-2.03868,1.000001
5289,171.9524,0.1168,1,0.2,0,-2.726001,-2.032834,1.000001
5290,171.9852,0.0934,1,0.2,0,-2.724246,-2.026994,1.000001
5291,172.0167,0.1167,1,0.2,0,-2.722478,-2.021157,1.000001
5292,172.0505,0.1011,1,0.2,0,-2.720697,-2.015319,1.000001
5293,172.0819,0.0852,1,0.2,0,-2.718902,-2.009482,1.000001
5294,172.1133,0.1002,1,0.2,0,-2.717096,-2.003656,1.000001
5295,172.1451,0.0527,1,0.2,0,-2.71528,-1.997842,1.000001
5296,172.1775,0.0754,1,0.2,0,-2.713454,-1.992041,1.000001
5297,172.2138,0.0678,1,0.2,0,-2.71162,-1.986259,1.000001
5298,172.251,0.0604,1,0.2,0,-2.709775,-1.980485,1.0
5299,172.281,0.0837,1,0.2,0,-2.707916,-1.974709,1.0
5300,172.3141,0.0844,1,0.2,0,-2.706039,-1.968923,1.0
5301,172.3447,0.1002,1,0.2,0,-2.704147,-1.963132,1.0
5302,172.376,0.1003,1,0.2,0,-2.702241,-1.957338,1.0
5303,172.4094,0.1083,1,0.2,0,-2.700322,-1.951547,1.0
5304,172.4427,0.1171,1,0.2,0,-2.698389,-1.945755,1.0
5305,172.4727,0.1165,1,0.2,0,-2.696444,-1.939966,1.0
5306,172.5065,0.1002,1,0.2,0,-2.694486,-1.934181,1.0
5307,172.5382,0.0843,1,0.2,0,-2.692517,-1.928402,1.0
5308,172.5712,0.0923,1,0.2,0,-2.690535,-1.922629,1.0
5309,172.6067,0.0615,1,0.2,0,-2.688542,-1.916865,1.0
5310,172.6411,0.0758,1,0.2,0,-2.686542,-1.911119,1.0
5311,172.6727,0.0601,1,0.2,0,-2.684533,-1.905389,1.0
5312,172.7067,0.0757,1,0.2,0,-2.682514,-1.89967,1.0
5313,172.7367,0.1077,1,0.2,0,-2.68048,-1.89395,1.0
5314,172.7682,0.0843,1,0.2,0,-2.678431,-1.888224,1.0
5315,172.8011,0.0929,1,0.2,0,-2.676366,-1.882496,1.0
5316,172.8358,0.093,1,0.2,0,-2.674289,-1.876771,1.0
5317,172.8683,0.0997,1,0.2,0,-2.672198,-1.871045,1.0
5318,172.9022,0.1002,1,0.2,0,-2.670093,-1.86532,1.0
5319,172.9328,0.1167,1,0.2,0,-2.667974,-1.859595,1.0
5320,172.9652,0.0692,1,0.2,0,-2.665843,-1.853877,1.0
5321,172.9969,0.0927,1,0.2,0,-2.663703,-1.848171,1.0
5322,173.0259,0.1005,1,0.2,0,-2.661555,-1.842481,1.0
5323,173.0594,0.0915,1,0.2,0,-2.659398,-1.836804,1.0
5324,173.0903,0.0835,1,0.2,0,-2.657228,-1.83113,1.0
5325,173.1221,0.0766,1,0.2,0,-2.655042,-1.825452,1.0
5326,173.153,0.077,1,0.2,0,-2.65284,-1.819768,1.0
5327,173.1858,0.0846,1,0.2,0,-2.650624,-1.814084,1.0
5328,173.22,0.0838,1,0.2,0,-2.648395,-1.808403,1.0
5329,173.2542,0.1084,1,0.2,0,-2.646155,-1.80273,1.0
5330,173.2897,0.0928,1,0.2,0,-2.643905,-1.797067,1.0
5331,173.3227,0.0693,1,0.2,0,-2.641647,-1.79142,1.0
5332,173.356,0.1165,1,0.2,0,-2.639378,-1.785778,1.0
5333,173.3904,0.0846,1,0.2,0,-2.637097,-1.780143,1.0
5334,173.4227,0.0597,1,0.2,0,-2.634802,-1.774509,1.0
5335,173.4537,0.1081,1,0.2,0,-2.632494,-1.768877,1.0
5336,173.4863,0.0771,1,0.2,0,-2.630175,-1.763253,1.0
5337,173.5173,0.0611,1,0.2,0,-2.627843,-1.75763,1.0
5338,173.5507,0.0771,1,0.2,0,-2.625498,-1.752011,1.0
5339,173.5842,0.069,1,0.2,0,-2.62314,-1.746395,1.0
5340,173.6144,0.1091,1,0.2,0,-2.620771,-1.740786,1.0
5341,173.6486,0.0701,1,0.2,0,-2.618391,-1.735184,1.0
5342,173.6813,0.1081,1,0.2,0,-2.615999,-1.729589,1.0
5343,173.7144,0.0769,1,0.2,0,-2.613597,-1.724002,1.0
5344,173.7465,0.0997,1,0.2,0,-2.611182,-1.718419,1.0
5345,173.7754,0.0923,1,0.2,0,-2.608753,-1.712836,1.0
5346,173.8087,0.0692,1,0.2,0,-2.606313,-1.70726,1.0
5347,173.8431,0.0999,1,0.2,0,-2.603863,-1.701693,1.0
5348,173.8757,0.092,1,0.2,0,-2.601401,-1.696132,1.0
5349,173.9108,0.1316,1,0.2,0,-2.598924,-1.69057,1.0
5350,173.9409,0.1001,1,0.2,0,-2.596434,-1.68501,1.0
5351,173.9711,0.1322,1,0.2,0,-2.593928,-1.679448,1.0
5352,174.0046,0.1086,1,0.2,0,-2.591411,-1.673891,1.0
5353,174.0385,0.1075,1,0.2,0,-2.588883,-1.668343,1.000001
5354,174.0728,0.0998,1,0.2,0,-2.586344,-1.662803,1.000001
5355,174.1054,0.0691,1,0.2,0,-2.583797,-1.657278,1.000001
5356,174.1378,0.0845,1,0.2,0,-2.581239,-1.651758,1.000001
5357,174.1705,0.0772,1,0.2,0,-2.578669,-1.646245,1.000001
5358,174.2027,0.1082,1,0.2,0,-2.576088,-1.640737,1.000001
5359,174.2342,0.1161,1,0.2,0,-2.573492,-1.635229,1.000001
5360,174.2659,0.1083,1,0.2,0,-2.570885,-1.62973,1.000001
5361,174.2971,0.1237,1,0.2,0,-2.568266,-1.624233,1.000001
5362,174.3299,0.045,1,0.2,0,-2.565633,-1.618739,1.000001
5363,174.365,0.1,1,0.2,0,-2.56299,-1.613255,1.000001
5364,174.398,0.0686,1,0.2,0,-2.560338,-1.607781,1.000002
5365,174.43,0.1082,1,0.2,0,-2.557673,-1.60231,1.000002
5366,174.4612,0.085,1,0.2,0,-2.554996,-1.596844,1.000002
5367,174.4948,0.1083,1,0.2,0,-2.552305,-1.59138,1.000002
5368,174.5263,0.1004,1,0.2,0,-2.549603,-1.585925,1.000002
5369,174.5615,0.101,1,0.2,0,-2.546893,-1.580479,1.000002
5370,174.5934,0.0918,1,0.2,0,-2.544169,-1.575038,1.000002
5371,174.6246,0.092,1,0.2,0,-2.541436,-1.569607,1.000002
5372,174.6586,0.0999,1,0.2,0,-2.538692,-1.564182,1.000002
5373,174.69,0.1084,1,0.2,0,-2.535939,-1.558771,1.000002
5374,174.7219,0.1001,1,0.2,0,-2.533173,-1.553362,1.000002
5375,174.7539,0.1085,1,0.2,0,-2.530393,-1.547954,1.000002
5376,174.7858,0.1083,1,0.2,0,-2.527597,-1.542543,1.000002
5377,174.8183,0.1238,1,0.2,0,-2.524787,-1.537133,1.000002
5378,174.8541,0.0845,1,0.2,0,-2.521968,-1.531737,1.000003
5379,174.8854,0.0839,1,0.2,0,-2.519141,-1.526352,1.000003
5380,174.9169,0.0689,1,0.2,0,-2.516303,-1.520973,1.000003
5381,174.9491,0.0922,1,0.2,0,-2.513454,-1.515601,1.000003
5382,174.98,0.1004,1,0.2,0,-2.510591,-1.510233,1.000003
5383,175.0141,0.1002,1,0.2,0,-2.507714,-1.504864,1.000003
5384,175.0468,0.0775,1,0.2,0,-2.504822,-1.499496,1.000003
5385,175.0785,0.1158,1,0.2,0,-2.50192,-1.494135,1.000003
5386,175.1135,0.0921,1,0.2,0,-2.499009,-1.488788,1.000003
5387,175.1461,0.0845,1,0.2,0,-2.496091,-1.483454,1.000002
5388,175.1771,0.092,1,0.2,0,-2.493161,-1.478125,1.000002
5389,175.2094,0.1159,1,0.2,0,-2.490218,-1.472799,1.000002
5390,175.2413,0.1004,1,0.2,0,-2.48726,-1.467475,1.000002
5391,175.2729,0.1159,1,0.2,0,-2.484293,-1.462161,1.000002
5392,175.3061,0.0691,1,0.2,0,-2.481317,-1.456857,1.000002
5393,175.3429,0.1151,1,0.2,0,-2.47833,-1.45156,1.000002
5394,175.3756,0.1082,1,0.2,0,-2.475331,-1.446268,1.000002
5395,175.4046,0.1163,1,0.2,0,-2.472323,-1.440987,1.000002
5396,175.4366,0.1077,1,0.2,0,-2.469306,-1.435717,1.000002
5397,175.468,0.1,1,0.2,0,-2.466275,-1.430448,1.000002
5398,175.502,0.0925,1,0.2,0,-2.463229,-1.425179,1.000002
5399,175.5337,0.0854,1,0.2,0,-2.460171,-1.419916,1.000002
5400,175.5672,0.0999,1,0.2,0,-2.457104,-1.414662,1.000002
5401,175.6015,0.0999,1,0.2,0,-2.454026,-1.409416,1.000001
5402,175.6321,0.0924,1,0.2,0,-2.450935,-1.404173,1.000001
5403,175.6654,0.0844,1,0.2,0,-2.447825,-1.398923,1.000001
5404,175.6982,0.084,1,0.2,0,-2.444699,-1.393673,1.000001
5405,175.7276,0.1006,1,0.2,0,-2.441561,-1.388427,1.000001
5406,175.7592,0.1004,1,0.2,0,-2.438417,-1.383198,1.000001
5407,175.789,0.0849,1,0.2,0,-2.435267,-1.377983,1.000001
5408,175.8228,0.0759,1,0.2,0,-2.432111,-1.372783,1.000001
5409,175.857,0.0842,1,0.2,0,-2.428946,-1.367593,1.000001
5410,175.889,0.0771,1,0.2,0,-2.425766,-1.362405,1.000001
5411,175.9207,0.0846,1,0.2,0,-2.422573,-1.357221,1.000001
5412,175.9547,0.1086,1,0.2,0,-2.41937,-1.352046,1.000001
5413,175.9851,0.1008,1,0.2,0,-2.416161,-1.346885,1.000001
5414,176.014,0.1153,1,0.2,0,-2.412943,-1.341735,1.000001
5415,176.0507,0.0845,1,0.2,0,-2.409711,-1.336586,1.000001
5416,176.0811,0.1088,1,0.2,0,-2.406465,-1.33144,1.000001
5417,176.1153,0.1001,1,0.2,0,-2.403205,-1.326297,1.000001
5418,176.1509,0.0849,1,0.2,0,-2.399934,-1.321158,1.0
5419,176.1813,0.1087,1,0.2,0,-2.396652,-1.316028,1.0
5420,176.2131,0.1076,1,0.2,0,-2.393362,-1.31091,1.0
5421,176.2437,0.1158,1,0.2,0,-2.39006,-1.305796,1.0
5422,176.2757,0.0848,1,0.2,0,-2.386747,-1.30069,1.0
5423,176.3103,0.1076,1,0.2,0,-2.383422,-1.295589,1.0
5424,176.3433,0.1002,1,0.2,0,-2.380086,-1.290495,1.0
5425,176.3762,0.0928,1,0.2,0,-2.376742,-1.285411,1.0
5426,176.41,0.0845,1,0.2,0,-2.373386,-1.280334,1.0
5427,176.4425,0.0841,1,0.2,0,-2.370019,-1.275264,1.0
5428,176.4728,0.1088,1,0.2,0,-2.36664,-1.270198,1.0
5429,176.5057,0.0844,1,0.2,0,-2.363249,-1.265138,1.0
5430,176.5347,0.093,1,0.2,0,-2.359844,-1.260082,1.0
5431,176.5658,0.1163,1,0.2,0,-2.356433,-1.255038,1.0
5432,176.5969,0.0924,1,0.2,0,-2.353014,-1.250007,1.0
5433,176.6295,0.1316,1,0.2,0,-2.349585,-1.244984,1.0
5434,176.6648,0.1158,1,0.2,0,-2.346143,-1.239964,1.0
5435,176.6967,0.0914,1,0.2,0,-2.342688,-1.23495,1.0
5436,176.7298,0.1167,1,0.2,0,-2.339222,-1.229942,1.0
5437,176.7624,0.0918,1,0.2,0,-2.335746,-1.224943,0.999999
5438,176.7949,0.1405,1,0.2,0,-2.332263,-1.219958,0.999999
5439,176.8257,0.108,1,0.2,0,-2.328771,-1.214981,0.999999
5440,176.8574,0.0916,1,0.2,0,-2.325263,-1.210004,0.999999
5441,176.8924,0.1243,1,0.2,0,-2.321738,-1.205025,0.999999
5442,176.9258,0.1,1,0.2,0,-2.318201,-1.200053,0.999999
5443,176.9579,0.1239,1,0.2,0,-2.314659,-1.195096,0.999999
5444,176.9893,0.0926,1,0.2,0,-2.311103,-1.190143,0.999999
5445,177.0196,0.1238,1,0.2,0,-2.307539,-1.185199,1.0
5446,177.0496,0.0927,1,0.2,0,-2.303963,-1.180261,1.0
5447,177.0823,0.1313,1,0.2,0,-2.300377,-1.175332,1.0
5448,177.1138,0.1166,1,0.2,0,-2.29678,-1.17041,1.0
5449,177.1488,0.0931,1,0.2,0,-2.293176,-1.1655,1.0
5450,177.1839,0.0921,1,0.2,0,-2.289561,-1.160598,1.0
5451,177.2138,0.0682,1,0.2,0,-2.285931,-1.155697,1.0
5452,177.2525,0.0927,1,0.2,0,-2.282284,-1.150796,1.0
5453,177.2813,0.0925,1,0.2,0,-2.278633,-1.145911,1.0
5454,177.3139,0.116,1,0.2,0,-2.274974,-1.141037,1.000001
5455,177.3447,0.0857,1,0.2,0,-2.271311,-1.136181,1.000001
5456,177.3755,0.0848,1,0.2,0,-2.267633,-1.131327,1.000001
5457,177.4095,0.084,1,0.2,0,-2.263945,-1.126481,1.000002
5458,177.4422,0.1161,1,0.2,0,-2.260248,-1.121645,1.000002
5459,177.4715,0.1161,1,0.2,0,-2.256546,-1.116824,1.000002
5460,177.5051,0.1239,1,0.2,0,-2.252832,-1.112008,1.000003
5461,177.5394,0.1314,1,0.2,0,-2.249109,-1.107201,1.000003
5462,177.5739,0.1085,1,0.2,0,-2.245372,-1.102399,1.000003
5463,177.6055,0.101,1,0.2,0,-2.241625,-1.097605,1.000003
5464,177.6386,0.0929,1,0.2,0,-2.237866,-1.092815,1.000003
5465,177.6689,0.1244,1,0.2,0,-2.2341,-1.088038,1.000004
5466,177.701,0.0537,1,0.2,0,-2.230321,-1.083266,1.000004
5467,177.7337,0.1162,1,0.2,0,-2.22653,-1.078498,1.000004
5468,177.7665,0.1074,1,0.2,0,-2.222727,-1.073736,1.000004
5469,177.802,0.1161,1,0.2,0,-2.218915,-1.068985,1.000004
5470,177.8331,0.1234,1,0.2,0,-2.215101,-1.064251,1.000004
5471,177.8648,0.1078,1,0.2,0,-2.211275,-1.059523,1.000004
5472,177.8965,0.1312,1,0.2,0,-2.207438,-1.054803,1.000004
5473,177.9275,0.0848,1,0.2,0,-2.203592,-1.050091,1.000004
5474,177.9611,0.1395,1,0.2,0,-2.199736,-1.045388,1.000004
5475,177.9942,0.1003,1,0.2,0,-2.195868,-1.040692,1.000004
5476,178.0263,0.1238,1,0.2,0,-2.191991,-1.036005,1.000004
5477,178.0617,0.0771,1,0.2,0,-2.188102,-1.031323,1.000004
5478,178.0932,0.0919,1,0.2,0,-2.184199,-1.026646,1.000004
5479,178.1261,0.0922,1,0.2,0,-2.180288,-1.021979,1.000004
5480,178.1581,0.1082,1,0.2,0,-2.17637,-1.017325,1.000004
5481,178.1894,0.1069,1,0.2,0,-2.17244,-1.012676,1.000004
5482,178.221,0.092,1,0.2,0,-2.168492,-1.008026,1.000004
5483,178.2553,0.1156,1,0.2,0,-2.164533,-1.003384,1.000004
5484,178.2867,0.0774,1,0.2,0,-2.160567,-0.998753,1.000004
5485,178.3211,0.1315,1,0.2,0,-2.156596,-0.994136,1.000004
5486,178.3537,0.1007,1,0.2,0,-2.152614,-0.989526,1.000004
5487,178.385,0.1003,1,0.2,0,-2.148623,-0.984925,1.000004
5488,178.4173,0.108,1,0.2,0,-2.14463,-0.980343,1.000003
5489,178.4495,0.1395,1,0.2,0,-2.140635,-0.975777,1.000003
5490,178.4803,0.1162,1,0.2,0,-2.136629,-0.971218,1.000003
5491,178.5128,0.1084,1,0.2,0,-2.132615,-0.966669,1.000003
5492,178.5447,0.0916,1,0.2,0,-2.12859,-0.962127,1.000003
5493,178.5803,0.0851,1,0.2,0,-2.124556,-0.957595,1.000003
5494,178.6136,0.1469,1,0.2,0,-2.120512,-0.95307,1.000003
5495,178.6465,0.0848,1,0.2,0,-2.116459,-0.948554,1.000003
5496,178.678,0.1,1,0.2,0,-2.112392,-0.944041,1.000002
5497,178.7098,0.0765,1,0.2,0,-2.108313,-0.939535,1.000002
5498,178.7423,0.1242,1,0.2,0,-2.104228,-0.935039,1.000002
5499,178.7727,0.1231,1,0.2,0,-2.100132,-0.930552,1.000002
5500,178.8057,0.1323,1,0.2,0,-2.096025,-0.92607,1.000002
5501,178.8369,0.1002,1,0.2,0,-2.091906,-0.921595,1.000001
5502,178.8702,0.0842,1,0.2,0,-2.087778,-0.917128,1.000001
5503,178.9062,0.1163,1,0.2,0,-2.083642,-0.912672,1.000001
5504,178.9384,0.0926,1,0.2,0,-2.079492,-0.908219,1.000001
5505,178.9713,0.1238,1,0.2,0,-2.075327,-0.903771,1.0
5506,179.0018,0.0924,1,0.2,0,-2.071152,-0.899329,1.0
5507,179.0309,0.1402,1,0.2,0,-2.066971,-0.894901,1.0
5508,179.0643,0.0929,1,0.2,0,-2.062776,-0.890476,1.0
5509,179.0985,0.1167,1,0.2,0,-2.058566,-0.886056,1.0
5510,179.1291,0.1159,1,0.2,0,-2.054342,-0.88164,0.999999
5511,179.1626,0.1077,1,0.2,0,-2.050109,-0.877234,0.999999
5512,179.1978,0.1005,1,0.2,0,-2.045865,-0.872834,0.999999
5513,179.2303,0.1322,1,0.2,0,-2.041608,-0.868441,0.999999
5514,179.2628,0.1153,1,0.2,0,-2.037344,-0.86406,0.999999
5515,179.2946,0.1158,1,0.2,0,-2.033079,-0.859696,0.999999
5516,179.3248,0.1238,1,0.2,0,-2.028811,-0.855348,0.999998
5517,179.3581,0.1235,1,0.2,0,-2.024537,-0.851012,0.999998
5518,179.3893,0.1153,1,0.2,0,-2.020259,-0.84669,0.999998
5519,179.4211,0.1239,1,0.2,0,-2.015978,-0.842384,0.999998
5520,179.4539,0.116,1,0.2,0,-2.01169,-0.838089,0.999998
5521,179.4847,0.1323,1,0.2,0,-2.00739,-0.833801,0.999997
5522,179.5192,0.1165,1,0.2,0,-2.00308,-0.829519,0.999997
5523,179.5532,0.1083,1,0.2,0,-1.998761,-0.825248,0.999997
5524,179.5887,0.1234,1,0.2,0,-1.994433,-0.820985,0.999997
5525,179.6203,0.1399,1,0.2,0,-1.990093,-0.816729,0.999997
5526,179.6545,0.0925,1,0.2,0,-1.985742,-0.812478,0.999997
5527,179.6836,0.0923,1,0.2,0,-1.981381,-0.808237,0.999997
5528,179.7153,0.1004,1,0.2,0,-1.977012,-0.804007,0.999997
5529,179.7493,0.1239,1,0.2,0,-1.972634,-0.799785,0.999996
5530,179.7805,0.0767,1,0.2,0,-1.968248,-0.795574,0.999996
5531,179.8137,0.1231,1,0.2,0,-1.963851,-0.79137,0.999996
5532,179.8513,0.0928,1,0.2,0,-1.959446,-0.787177,0.999996
5533,179.8811,0.1394,1,0.2,0,-1.955028,-0.78299,0.999996
5534,179.9137,0.0922,1,0.2,0,-1.950598,-0.778808,0.999996
5535,179.9469,0.1004,1,0.2,0,-1.946155,-0.774634,0.999996
5536,179.9749,0.0999,1,0.2,0,-1.941701,-0.770466,0.999996
5537,180.0056,0.108,1,0.2,0,-1.937238,-0.766307,0.999996
5538,180.0375,0.1317,1,0.2,0,-1.932764,-0.762156,0.999996
5539,180.0698,0.1166,1,0.2,0,-1.928279,-0.758013,0.999996
5540,180.101,0.132,1,0.2,0,-1.923789,-0.753883,0.999996
5541,180.1349,0.0693,1,0.2,0,-1.919298,-0.749768,0.999996
5542,180.1679,0.1085,1,0.2,0,-1.914801,-0.745667,0.999996
5543,180.2016,0.0691,1,0.2,0,-1.910296,-0.741575,0.999996
5544,180.233,0.1242,1,0.2,0,-1.905785,-0.737496,0.999996
5545,180.264,0.1006,1,0.2,0,-1.90127,-0.733431,0.999996
5546,180.2934,0.0845,1,0.2,0,-1.896748,-0.729377,0.999996
5547,180.3261,0.1229,1,0.2,0,-1.892212,-0.725328,0.999996
5548,180.3576,0.0925,1,0.2,0,-1.887662,-0.721284,0.999996
5549,180.3924,0.1399,1,0.2,0,-1.883105,-0.717252,0.999996
5550,180.4271,0.1006,1,0.2,0,-1.878541,-0.71323,0.999996
5551,180.4609,0.1155,1,0.2,0,-1.87397,-0.70922,0.999996
5552,180.4945,0.077,1,0.2,0,-1.869387,-0.705217,0.999996
5553,180.5252,0.1236,1,0.2,0,-1.864798,-0.701226,0.999996
5554,180.5572,0.1081,1,0.2,0,-1.860203,-0.697247,0.999996
5555,180.5905,0.1236,1,0.2,0,-1.855602,-0.69328,0.999997
5556,180.6223,0.124,1,0.2,0,-1.850992,-0.689322,0.999997
5557,180.6547,0.1073,1,0.2,0,-1.846375,-0.685375,0.999997
5558,180.6886,0.1158,1,0.2,0,-1.841748,-0.681437,0.999997
5559,180.7214,0.1008,1,0.2,0,-1.83711,-0.677505,0.999997
5560,180.7533,0.1231,1,0.2,0,-1.832466,-0.673587,0.999997
5561,180.7854,0.0997,1,0.2,0,-1.82781,-0.669674,0.999997
5562,180.8152,0.1238,1,0.2,0,-1.82314,-0.665766,0.999998
5563,180.8464,0.1081,1,0.2,0,-1.818457,-0.661864,0.999998
5564,180.8773,0.1469,1,0.2,0,-1.813765,-0.657972,0.999998
5565,180.9107,0.1078,1,0.2,0,-1.809059,-0.654085,0.999998
5566,180.9426,0.1396,1,0.2,0,-1.804339,-0.650203,0.999998
5567,180.9767,0.108,1,0.2,0,-1.799616,-0.646334,0.999999
5568,181.0142,0.1079,1,0.2,0,-1.794885,-0.642477,0.999999
5569,181.0496,0.1163,1,0.2,0,-1.790151,-0.638634,0.999999
5570,181.083,0.1003,1,0.2,0,-1.785409,-0.6348,0.999999
5571,181.1156,0.0997,1,0.2,0,-1.780661,-0.630979,0.999999
5572,181.151,0.077,1,0.2,0,-1.775905,-0.627168,1.0
5573,181.1812,0.1391,1,0.2,0,-1.771143,-0.623368,1.0
5574,181.214,0.108,1,0.2,0,-1.766375,-0.619582,1.0
5575,181.2457,0.1231,1,0.2,0,-1.761601,-0.615806,1.0
5576,181.2749,0.1238,1,0.2,0,-1.75682,-0.612042,1.0
5577,181.3062,0.1319,1,0.2,0,-1.752032,-0.608289,1.0
5578,181.3355,0.1156,1,0.2,0,-1.747238,-0.604548,1.000001
5579,181.3674,0.1153,1,0.2,0,-1.742429,-0.600811,1.000001
5580,181.4013,0.1395,1,0.2,0,-1.737607,-0.597082,1.000001
5581,181.4337,0.1004,1,0.2,0,-1.732778,-0.593362,1.000001
5582,181.4689,0.1159,1,0.2,0,-1.727943,-0.589656,1.000001
5583,181.502,0.0843,1,0.2,0,-1.723097,-0.585957,1.000001
5584,181.5342,0.1164,1,0.2,0,-1.718238,-0.582263,1.000001
5585,181.5646,0.0922,1,0.2,0,-1.713376,-0.578585,1.000002
5586,181.5977,0.1079,1,0.2,0,-1.708502,-0.574913,1.000002
5587,181.6266,0.0764,1,0.2,0,-1.703624,-0.571255,1.000002
5588,181.6582,0.108,1,0.2,0,-1.698731,-0.567601,1.000003
5589,181.6888,0.0997,1,0.2,0,-1.693834,-0.563961,1.000003
5590,181.7224,0.1232,1,0.2,0,-1.688934,-0.560335,1.000003
5591,181.7558,0.1239,1,0.2,0,-1.684031,-0.556723,1.000003
5592,181.7945,0.1158,1,0.2,0,-1.679125,-0.553124,1.000004
5593,181.8288,0.1233,1,0.2,0,-1.674201,-0.549529,1.000004
5594,181.8628,0.0925,1,0.2,0,-1.669265,-0.54594,1.000004
5595,181.8987,0.1318,1,0.2,0,-1.664319,-0.542361,1.000004
5596,181.9304,0.0847,1,0.2,0,-1.65937,-0.538796,1.000005
5597,181.9632,0.1391,1,0.2,0,-1.654416,-0.535242,1.000005
5598,181.9936,0.1316,1,0.2,0,-1.64945,-0.531697,1.000005
5599,182.0213,0.1161,1,0.2,0,-1.644472,-0.528159,1.000005
5600,182.053,0.1626,1,0.2,0,-1.639489,-0.524633,1.000005
5601,182.0832,0.1011,1,0.2,0,-1.634503,-0.521121,1.000005
5602,182.1174,0.1465,1,0.2,0,-1.629514,-0.517622,1.000005
5603,182.1499,0.0934,1,0.2,0,-1.624515,-0.514134,1.000005
5604,182.1821,0.1162,1,0.2,0,-1.619505,-0.510653,1.000005
5605,182.2152,0.1308,1,0.2,0,-1.614486,-0.507182,1.000005
5606,182.2513,0.1088,1,0.2,0,-1.609461,-0.503722,1.000005
5607,182.2817,0.1315,1,0.2,0,-1.604428,-0.500273,1.000005
5608,182.3128,0.1002,1,0.2,0,-1.599386,-0.496833,1.000005
5609,182.3448,0.0931,1,0.2,0,-1.594332,-0.493401,1.000004
5610,182.3753,0.1078,1,0.2,0,-1.589264,-0.489976,1.000004
5611,182.409,0.1003,1,0.2,0,-1.584194,-0.486565,1.000004
5612,182.4412,0.1075,1,0.2,0,-1.579129,-0.483172,1.000004
5613,182.4728,0.1162,1,0.2,0,-1.574058,-0.479792,1.000004
5614,182.5057,0.1,1,0.2,0,-1.568978,-0.476421,1.000004
5615,182.5429,0.1082,1,0.2,0,-1.563888,-0.473059,1.000003
5616,182.5763,0.1078,1,0.2,0,-1.558786,-0.469706,1.000003
5617,182.6106,0.1475,1,0.2,0,-1.553677,-0.466363,1.000003
5618,182.6418,0.1081,1,0.2,0,-1.54856,-0.463031,1.000003
5619,182.6712,0.1149,1,0.2,0,-1.543442,-0.459714,1.000003
5620,182.7052,0.1163,1,0.2,0,-1.538319,-0.45641,1.000002
5621,182.7358,0.0849,1,0.2,0,-1.533187,-0.453115,1.000002
5622,182.7675,0.1389,1,0.2,0,-1.528048,-0.449831,1.000002
5623,182.8019,0.0923,1,0.2,0,-1.522902,-0.446559,1.000002
5624,182.8335,0.1314,1,0.2,0,-1.517751,-0.443299,1.000001
5625,182.868,0.0998,1,0.2,0,-1.51259,-0.440048,1.000001
5626,182.9025,0.1165,1,0.2,0,-1.507422,-0.436808,1.000001
5627,182.9338,0.1007,1,0.2,0,-1.502244,-0.433577,1.000001
5628,182.9643,0.0918,1,0.2,0,-1.497052,-0.430353,1.0
5629,182.9974,0.085,1,0.2,0,-1.491848,-0.427137,1.0
5630,183.0271,0.1242,1,0.2,0,-1.486639,-0.423933,1.0
5631,183.0568,0.1392,1,0.2,0,-1.481427,-0.420742,1.0
5632,183.0902,0.0851,1,0.2,0,-1.476211,-0.417564,0.999999
5633,183.1218,0.1161,1,0.2,0,-1.470987,-0.414396,0.999999
5634,183.1585,0.1166,1,0.2,0,-1.46576,-0.411241,0.999999
5635,183.1887,0.1085,1,0.2,0,-1.460534,-0.408103,0.999999
5636,183.2227,0.0916,1,0.2,0,-1.455311,-0.404981,0.999999
5637,183.2543,0.1315,1,0.2,0,-1.450085,-0.401873,0.999998
5638,183.2851,0.124,1,0.2,0,-1.444853,-0.398778,0.999998
5639,183.317,0.0915,1,0.2,0,-1.43961,-0.39569,0.999998
5640,183.3471,0.1001,1,0.2,0,-1.434351,-0.392608,0.999998
5641,183.3816,0.108,1,0.2,0,-1.429077,-0.389533,0.999997
5642,183.4144,0.1319,1,0.2,0,-1.42379,-0.386464,0.999997
5643,183.4516,0.0921,1,0.2,0,-1.418496,-0.383407,0.999997
5644,183.4817,0.1002,1,0.2,0,-1.413196,-0.380362,0.999997
5645,183.5147,0.0999,1,0.2,0,-1.407888,-0.377327,0.999997
5646,183.5466,0.1086,1,0.2,0,-1.402575,-0.374304,0.999997
5647,183.5768,0.117,1,0.2,0,-1.397253,-0.371292,0.999997
5648,183.6098,0.1074,1,0.2,0,-1.391934,-0.368295,0.999997
5649,183.6411,0.1154,1,0.2,0,-1.386611,-0.365312,0.999997
5650,183.6723,0.1323,1,0.2,0,-1.381277,-0.362338,0.999996
5651,183.7083,0.1407,1,0.2,0,-1.375938,-0.359376,0.999996
5652,183.7429,0.1009,1,0.2,0,-1.370599,-0.356429,0.999996
5653,183.7754,0.0845,1,0.2,0,-1.365248,-0.35349,0.999997
5654,183.8089,0.1164,1,0.2,0,-1.359889,-0.350563,0.999997
5655,183.8418,0.1162,1,0.2,0,-1.354524,-0.347647,0.999997
5656,183.8714,0.1,1,0.2,0,-1.34915,-0.344741,0.999997
5657,183.9016,0.1078,1,0.2,0,-1.343769,-0.341847,0.999997
5658,183.9345,0.084,1,0.2,0,-1.338378,-0.338962,0.999997
5659,183.9652,0.1245,1,0.2,0,-1.332973,-0.336085,0.999997
5660,183.9955,0.0931,1,0.2,0,-1.327571,-0.333224,0.999997
5661,184.0295,0.1237,1,0.2,0,-1.322171,-0.330379,0.999997
5662,184.0634,0.1151,1,0.2,0,-1.316768,-0.327547,0.999997
5663,184.1026,0.1079,1,0.2,0,-1.311354,-0.324724,0.999997
5664,184.1367,0.1163,1,0.2,0,-1.305933,-0.321911,0.999998
5665,184.1692,0.1003,1,0.2,0,-1.300506,-0.319112,0.999998
5666,184.2016,0.1165,1,0.2,0,-1.295081,-0.316327,0.999998
5667,184.2346,0.1006,1,0.2,0,-1.289654,-0.313556,0.999998
5668,184.2654,0.1164,1,0.2,0,-1.284216,-0.310794,0.999998
5669,184.2971,0.1245,1,0.2,0,-1.278772,-0.308044,0.999998
5670,184.3291,0.1234,1,0.2,0,-1.27332,-0.305305,0.999998
5671,184.3613,0.1152,1,0.2,0,-1.26786,-0.302576,0.999999
5672,184.3988,0.1235,1,0.2,0,-1.262387,-0.299855,0.999999
5673,184.43,0.116,1,0.2,0,-1.256907,-0.297146,0.999999
5674,184.4627,0.1082,1,0.2,0,-1.251428,-0.294452,0.999999
5675,184.4946,0.1084,1,0.2,0,-1.245947,-0.291772,0.999999
5676,184.5249,0.1007,1,0.2,0,-1.240464,-0.289104,0.999999
5677,184.5594,0.1014,1,0.2,0,-1.234969,-0.286446,0.999999
5678,184.5895,0.1315,1,0.2,0,-1.229466,-0.283799,0.999999
5679,184.6208,0.1079,1,0.2,0,-1.223964,-0.281166,0.999999
5680,184.6538,0.1004,1,0.2,0,-1.218458,-0.278547,0.999999
5681,184.6879,0.1164,1,0.2,0,-1.212947,-0.275939,0.999999
5682,184.7229,0.1161,1,0.2,0,-1.207424,-0.27334,1.0
5683,184.7589,0.085,1,0.2,0,-1.201891,-0.270752,1.0
5684,184.7902,0.0845,1,0.2,0,-1.196353,-0.268175,1.0
5685,184.8187,0.1167,1,0.2,0,-1.190805,-0.265609,1.0
5686,184.8499,0.0929,1,0.2,0,-1.185253,-0.263055,1.0
5687,184.8799,0.1235,1,0.2,0,-1.179694,-0.260512,1.0
5688,184.9127,0.0926,1,0.2,0,-1.174125,-0.257979,1.0
5689,184.9454,0.1001,1,0.2,0,-1.168552,-0.255459,1.0
5690,184.9761,0.1081,1,0.2,0,-1.162976,-0.252952,1.0
5691,185.0096,0.1164,1,0.2,0,-1.157394,-0.250457,1.0
5692,185.0463,0.1079,1,0.2,0,-1.151809,-0.247974,1.0
5693,185.0779,0.085,1,0.2,0,-1.146225,-0.245507,1.0
5694,185.1099,0.1006,1,0.2,0,-1.140642,-0.243055,1.0
5695,185.1416,0.1008,1,0.2,0,-1.135058,-0.240616,1.0
5696,185.1718,0.1397,1,0.2,0,-1.129461,-0.238187,1.0
5697,185.2065,0.0843,1,0.2,0,-1.12385,-0.235766,1.0
5698,185.2372,0.1155,1,0.2,0,-1.118229,-0.233355,1.0
5699,185.268,0.0925,1,0.2,0,-1.112603,-0.230956,1.0
5700,185.3011,0.1399,1,0.2,0,-1.10697,-0.228568,1.0
5701,185.3367,0.1087,1,0.2,0,-1.101339,-0.226196,1.0
5702,185.3716,0.1153,1,0.2,0,-1.095706,-0.223837,1.0
5703,185.4068,0.1001,1,0.2,0,-1.09007,-0.221491,1.0
5704,185.4424,0.0931,1,0.2,0,-1.084427,-0.219156,1.0
5705,185.4736,0.0857,1,0.2,0,-1.07877,-0.21683,1.0
5706,185.5059,0.0846,1,0.2,0,-1.073098,-0.214512,1.0
5707,185.5378,0.0769,1,0.2,0,-1.06742,-0.212206,1.0
5708,185.5651,0.1233,1,0.2,0,-1.061738,-0.209912,1.0
5709,185.5973,0.1008,1,0.2,0,-1.056061,-0.207635,1.0
5710,185.6288,0.1399,1,0.2,0,-1.050397,-0.205378,1.0
5711,185.6614,0.0918,1,0.2,0,-1.044735,-0.203135,1.0
5712,185.6942,0.1156,1,0.2,0,-1.039068,-0.200905,1.0
5713,185.7256,0.1147,1,0.2,0,-1.033392,-0.198686,1.0
5714,185.7607,0.1088,1,0.2,0,-1.0277,-0.196475,1.0
5715,185.7972,0.1092,1,0.2,0,-1.022001,-0.194275,1.0
5716,185.8305,0.1324,1,0.2,0,-1.016297,-0.192088,1.0
5717,185.8633,0.0773,1,0.2,0,-1.010591,-0.189914,1.0
5718,185.8937,0.1003,1,0.2,0,-1.004888,-0.187755,1.0
5719,185.9227,0.1159,1,0.2,0,-0.999192,-0.185613,1.0
5720,185.9574,0.1004,1,0.2,0,-0.993495,-0.183484,1.0
5721,185.9906,0.1246,1,0.2,0,-0.987794,-0.181368,1.0
5722,186.022,0.0996,1,0.2,0,-0.982077,-0.179261,1.0
5723,186.0547,0.1309,1,0.2,0,-0.97634,-0.17716,1.0
5724,186.0877,0.0839,1,0.2,0,-0.97059,-0.175068,0.999999
5725,186.1225,0.116,1,0.2,0,-0.964835,-0.172989,0.999999
5726,186.1594,0.1013,1,0.2,0,-0.95908,-0.170923,0.999999
5727,186.1897,0.1095,1,0.2,0,-0.95333,-0.168872,0.999999
5728,186.2214,0.0696,1,0.2,0,-0.947581,-0.166836,0.999999
5729,186.2531,0.1163,1,0.2,0,-0.941833,-0.164814,0.999999
5730,186.2836,0.077,1,0.2,0,-0.936083,-0.162806,0.999999
5731,186.3152,0.1153,1,0.2,0,-0.930326,-0.160809,0.999999
5732,186.3508,0.1238,1,0.2,0,-0.924561,-0.158823,0.999999
5733,186.3822,0.1232,1,0.2,0,-0.918783,-0.156847,0.999999
5734,186.4165,0.1151,1,0.2,0,-0.912994,-0.154882,0.999999
5735,186.4506,0.0994,1,0.2,0,-0.907203,-0.15293,0.999999
5736,186.4838,0.1235,1,0.2,0,-0.901416,-0.150993,0.999999
5737,186.517,0.1399,1,0.2,0,-0.895633,-0.149071,0.999999
5738,186.5501,0.1086,1,0.2,0,-0.889854,-0.147164,0.999999
5739,186.5787,0.1009,1,0.2,0,-0.884079,-0.145273,0.999999
5740,186.6082,0.0688,1,0.2,0,-0.878302,-0.143394,0.999999
5741,186.6403,0.0934,1,0.2,0,-0.87252,-0.141528,0.999999
5742,186.6731,0.0854,1,0.2,0,-0.866727,-0.139671,0.999999
5743,186.7064,0.102,1,0.2,0,-0.860924,-0.137826,0.999998
5744,186.7411,0.1085,1,0.2,0,-0.855113,-0.135991,0.999998
5745,186.7729,0.0918,1,0.2,0,-0.849295,-0.134169,0.999998
5746,186.8046,0.1316,1,0.2,0,-0.843469,-0.132357,0.999998
5747,186.8361,0.1153,1,0.2,0,-0.837641,-0.130558,0.999998
5748,186.8672,0.1232,1,0.2,0,-0.831807,-0.128772,0.999998
5749,186.9002,0.1084,1,0.2,0,-0.825975,-0.127,0.999998
5750,186.9319,0.124,1,0.2,0,-0.820151,-0.125244,0.999998
5751,186.9659,0.1152,1,0.2,0,-0.814334,-0.123504,0.999998
5752,186.9992,0.1003,1,0.2,0,-0.808518,-0.121778,0.999998
5753,187.0298,0.1079,1,0.2,0,-0.802704,-0.120066,0.999998
5754,187.0615,0.0921,1,0.2,0,-0.796886,-0.118367,0.999998
5755,187.0953,0.101,1,0.2,0,-0.791062,-0.116679,0.999998
5756,187.1285,0.1087,1,0.2,0,-0.785234,-0.115004,0.999998
5757,187.1624,0.1078,1,0.2,0,-0.779403,-0.113341,0.999998
5758,187.1978,0.0695,1,0.2,0,-0.773562,-0.111688,0.999998
5759,187.2298,0.1084,1,0.2,0,-0.767713,-0.110047,0.999998
5760,187.2617,0.0695,1,0.2,0,-0.761852,-0.108416,0.999998
5761,187.2947,0.1164,1,0.2,0,-0.755975,-0.106794,0.999998
5762,187.3249,0.1232,1,0.2,0,-0.750087,-0.105183,0.999998
5763,187.359,0.0845,1,0.2,0,-0.744199,-0.103585,0.999998
5764,187.389,0.1234,1,0.2,0,-0.738313,-0.102003,0.999998
5765,187.422,0.1229,1,0.2,0,-0.732427,-0.100433,0.999998
5766,187.4578,0.1238,1,0.2,0,-0.726545,-0.098878,0.999998
5767,187.4893,0.108,1,0.2,0,-0.720667,-0.097338,0.999998
5768,187.5217,0.1,1,0.2,0,-0.714798,-0.095814,0.999999
5769,187.5532,0.1317,1,0.2,0,-0.708934,-0.094304,0.999999
5770,187.5833,0.0766,1,0.2,0,-0.703076,-0.09281,0.999999
5771,187.6142,0.0919,1,0.2,0,-0.697217,-0.091328,0.999999
5772,187.6511,0.0767,1,0.2,0,-0.691349,-0.089858,0.999999
5773,187.6814,0.0691,1,0.2,0,-0.685457,-0.088394,0.999999
5774,187.7171,0.1164,1,0.2,0,-0.679542,-0.086939,0.999999
5775,187.7488,0.1091,1,0.2,0,-0.673617,-0.085494,0.999999
5776,187.7823,0.0775,1,0.2,0,-0.667693,-0.084063,0.999999
5777,187.8139,0.0924,1,0.2,0,-0.66177,-0.082645,0.999999
5778,187.8443,0.0924,1,0.2,0,-0.655848,-0.081241,0.999999
5779,187.8746,0.1235,1,0.2,0,-0.649922,-0.079849,0.999999
5780,187.9085,0.1235,1,0.2,0,-0.643989,-0.078468,0.999999
5781,187.9401,0.1624,1,0.2,0,-0.638046,-0.077099,0.999999
5782,187.9732,0.1085,1,0.2,0,-0.632103,-0.075742,0.999999
5783,188.0059,0.1168,1,0.2,0,-0.626166,-0.074401,0.999999
5784,188.0429,0.1162,1,0.2,0,-0.620245,-0.073076,0.999999
5785,188.075,0.0923,1,0.2,0,-0.614338,-0.071768,0.999999
5786,188.1103,0.1154,1,0.2,0,-0.608443,-0.070476,0.999999
5787,188.1418,0.1078,1,0.2,0,-0.602549,-0.069198,0.999999
5788,188.1723,0.1317,1,0.2,0,-0.596647,-0.067931,0.999999
5789,188.2019,0.1094,1,0.2,0,-0.590733,-0.066675,0.999999
5790,188.2338,0.109,1,0.2,0,-0.584814,-0.065431,0.999999
5791,188.2651,0.0846,1,0.2,0,-0.578888,-0.064199,0.999999
5792,188.2967,0.1005,1,0.2,0,-0.572956,-0.062979,1.0
5793,188.3308,0.061,1,0.2,0,-0.567014,-0.06177,1.0
5794,188.365,0.0687,1,0.2,0,-0.561057,-0.060571,1.0
5795,188.3986,0.0772,1,0.2,0,-0.555077,-0.059381,1.0
5796,188.4302,0.0779,1,0.2,0,-0.549069,-0.058198,1.0
5797,188.4627,0.1014,1,0.2,0,-0.543036,-0.057024,1.0
5798,188.4948,0.0934,1,0.2,0,-0.53699,-0.055861,0.999999
5799,188.5254,0.0778,1,0.2,0,-0.530949,-0.054712,0.999999
5800,188.557,0.0854,1,0.2,0,-0.524926,-0.05358,0.999999
5801,188.5894,0.0851,1,0.2,0,-0.518919,-0.052464,0.999999
5802,188.6235,0.1235,1,0.2,0,-0.512922,-0.051363,0.999999
5803,188.6578,0.1235,1,0.2,0,-0.506926,-0.050277,0.999999
5804,188.6943,0.1155,1,0.2,0,-0.500929,-0.049203,0.999999
5805,188.7245,0.124,2,0.2,0,-0.494928,-0.048141,0.999999
5806,188.7585,0.1157,2,0.2,0,-0.488925,-0.047092,0.999999
5807,188.79,0.1081,2,0.2,0,-0.48293,-0.046058,0.999999
5808,188.8199,0.132,2,0.2,0,-0.476954,-0.045041,0.999999
5809,188.854,0.1001,2,0.2,0,-0.470995,-0.044039,0.999999
5810,188.8843,0.1155,2,0.2,0,-0.465046,-0.043052,0.999999
5811,188.919,0.1305,2,0.2,0,-0.459096,-0.042078,0.999999
5812,188.95,0.1456,2,0.2,0,-0.453139,-0.041116,0.999999
5813,188.9809,0.1698,2,0.2,0,-0.44717,-0.040164,0.999999
5814,189.0158,0.1458,2,0.2,0,-0.441185,-0.039223,0.999999
5815,189.0502,0.1536,2,0.2,0,-0.435187,-0.038293,0.999999
5816,189.0839,0.1069,2,0.2,0,-0.429182,-0.037374,0.999999
5817,189.1165,0.123,2,0.2,0,-0.423177,-0.036468,0.999999
5818,189.1497,0.0991,2,0.2,0,-0.417175,-0.035576,0.999999
5819,189.1806,0.1239,2,0.2,0,-0.41118,-0.034697,0.999999
5820,189.2129,0.1158,2,0.2,0,-0.40519,-0.033831,0.999999
5821,189.2463,0.0997,2,0.2,0,-0.399204,-0.032978,0.999999
5822,189.2767,0.1243,2,0.2,0,-0.393223,-0.032139,0.999999
5823,189.3112,0.1161,2,0.2,0,-0.387244,-0.031311,0.999999
5824,189.3427,0.1076,2,0.2,0,-0.38126,-0.030496,0.999999
5825,189.3742,0.1391,2,0.2,0,-0.375269,-0.029692,0.999999
5826,189.4057,0.1392,2,0.2,0,-0.369271,-0.028899,0.999999
5827,189.4375,0.1069,2,0.2,0,-0.363262,-0.028118,0.999999
5828,189.4711,0.1229,2,0.2,0,-0.357241,-0.027348,0.999999
5829,189.5057,0.0999,2,0.2,0,-0.351205,-0.026588,0.999999
5830,189.5374,0.1238,2,0.2,0,-0.345159,-0.025841,0.999999
5831,189.5703,0.1075,2,0.2,0,-0.339105,-0.025105,0.999999
5832,189.602,0.1087,2,0.2,0,-0.333046,-0.024381,0.999999
5833,189.6321,0.1238,2,0.2,0,-0.326995,-0.023671,0.999999
5834,189.6636,0.0994,2,0.2,0,-0.320953,-0.022975,0.999999
5835,189.6973,0.1311,2,0.2,0,-0.314923,-0.022293,0.999999
5836,189.731,0.108,2,0.2,0,-0.308903,-0.021626,0.999999
5837,189.7638,0.1071,2,0.2,0,-0.302889,-0.020972,0.999999
5838,189.7962,0.1305,2,0.2,0,-0.296877,-0.020332,0.999999
5839,189.8294,0.1466,2,0.2,0,-0.290863,-0.019706,0.999999
5840,189.8615,0.1456,2,0.2,0,-0.284841,-0.019091,0.999999
5841,189.8935,0.1694,2,0.2,0,-0.278805,-0.018488,0.999999
5842,189.9229,0.1851,2,0.2,0,-0.272754,-0.017897,0.999999
5843,189.9529,0.2171,2,0.2,0,-0.266691,-0.017317,0.999999
5844,189.9846,0.1701,2,0.2,0,-0.260622,-0.016749,0.999999
5845,190.0167,0.1534,2,0.2,0,-0.254547,-0.016193,0.999999
5846,190.0504,0.1456,2,0.2,0,-0.248469,-0.015649,0.999999
5847,190.0835,0.1537,2,0.2,0,-0.242391,-0.015118,0.999999
5848,190.1166,0.1537,2,0.2,0,-0.236312,-0.014599,0.999999
5849,190.1501,0.1703,2,0.2,0,-0.230233,-0.014093,0.999999
5850,190.1811,0.1706,2,0.2,0,-0.224159,-0.0136,0.999999
5851,190.2127,0.1788,2,0.2,0,-0.218089,-0.01312,0.999999
5852,190.2462,0.1393,2,0.2,0,-0.212021,-0.012653,0.999999
5853,190.2764,0.1072,2,0.2,0,-0.20595,-0.012199,0.999999
5854,190.3107,0.1548,2,0.2,0,-0.199878,-0.011757,0.999999
5855,190.3423,0.1549,2,0.2,0,-0.193803,-0.011328,0.999999
5856,190.3752,0.1634,2,0.2,0,-0.187733,-0.010912,1.0
5857,190.4092,0.1477,2,0.2,0,-0.181671,-0.01051,1.0
5858,190.442,0.1151,2,0.2,0,-0.175623,-0.010121,1.0
5859,190.4728,0.1389,2,0.2,0,-0.16959,-0.009746,1.0
5860,190.5043,0.1399,2,0.2,0,-0.163572,-0.009384,1.0
5861,190.5371,0.1238,2,0.2,0,-0.157558,-0.009035,1.0
5862,190.5697,0.14,2,0.2,0,-0.151543,-0.008698,1.0
5863,190.6011,0.1241,2,0.2,0,-0.145521,-0.008373,1.0
5864,190.6365,0.1242,2,0.2,0,-0.139487,-0.008061,1.0
5865,190.6701,0.14,2,0.2,0,-0.133442,-0.00776,1.0
5866,190.7027,0.1481,2,0.2,0,-0.127382,-0.00747,1.0
5867,190.7368,0.1647,2,0.2,0,-0.121305,-0.007193,1.0
5868,190.7672,0.164,2,0.2,0,-0.115213,-0.006927,1.0
5869,190.7977,0.1557,2,0.2,0,-0.109112,-0.006674,1.0
5870,190.8283,0.1323,2,0.2,0,-0.103009,-0.006433,1.0
5871,190.8627,0.1088,2,0.2,0,-0.096912,-0.006206,1.0
5872,190.893,0.0928,2,0.2,0,-0.090827,-0.005991,1.0
5873,190.9261,0.0698,2,0.2,0,-0.084753,-0.00579,1.0
5874,190.9618,0.0535,2,0.2,0,-0.078691,-0.005603,1.0
5875,190.9984,0.045,2,0.2,0,-0.072637,-0.005429,1.0
5876,191.0303,0.0379,2,0.2,0,-0.066587,-0.005269,1.0
5877,191.0632,0.0613,2,0.2,0,-0.060539,-0.005122,1.0
5878,191.0925,0.0846,2,0.2,0,-0.054487,-0.004988,1.0
5879,191.1225,0.0769,2,0.2,0,-0.048426,-0.004867,1.0
5880,191.1527,0.1005,2,0.2,0,-0.042349,-0.004759,1.0
5881,191.1851,0.1241,2,0.2,0,-0.036253,-0.004665,1.0
5882,191.2181,0.1171,2,0.2,0,-0.030131,-0.004584,0.999999
5883,191.2544,0.1246,2,0.2,0,-0.023984,-0.004517,0.999999
5884,191.2854,0.1412,2,0.2,0,-0.017816,-0.004464,0.999999
5885,191.3179,0.1322,2,0.2,0,-0.011644,-0.004425,0.999999
5886,191.3509,0.1327,2,0.2,0,-0.005481,-0.004401,0.999999
5887,191.382,0.1248,2,0.2,0,0.000657,-0.004391,0.999999
5888,191.4145,0.1248,2,0.2,0,0.006759,-0.004395,0.999999
5889,191.4443,0.1396,2,0.2,0,0.012815,-0.004413,0.999999
5890,191.4764,0.1316,2,0.2,0,0.018823,-0.004445,0.999998
5891,191.5088,0.1244,2,0.2,0,0.024791,-0.004489,0.999998
5892,191.5466,0.1005,2,0.2,0,0.03073,-0.004546,0.999998
5893,191.5794,0.1091,2,0.2,0,0.036651,-0.004615,0.999997
5894,191.6147,0.1017,2,0.2,0,0.042568,-0.004695,0.999997
5895,191.6459,0.0856,2,0.2,0,0.048491,-0.004788,0.999997
5896,191.6774,0.0702,2,0.2,0,0.054428,-0.004892,0.999996
5897,191.71,0.0546,2,0.2,0,0.060385,-0.005008,0.999996
5898,191.7417,0.0546,2,0.2,0,0.066369,-0.005136,0.999996
5899,191.773,0.07,2,0.2,0,0.072384,-0.005275,0.999995
5900,191.8045,0.0779,2,0.2,0,0.078432,-0.005427,0.999995
5901,191.8372,0.0699,2,0.2,0,0.084513,-0.005592,0.999995
5902,191.8721,0.0781,2,0.2,0,0.090624,-0.005769,0.999995
5903,191.9058,0.094,2,0.2,0,0.096759,-0.005961,0.999994
5904,191.9426,0.094,2,0.2,0,0.102913,-0.006166,0.999994
5905,191.9733,0.1008,2,0.2,0,0.109077,-0.006385,0.999994
5906,192.0055,0.1234,2,0.2,0,0.115243,-0.006619,0.999994
5907,192.0381,0.1314,2,0.2,0,0.121403,-0.006868,0.999993
5908,192.0676,0.1005,2,0.2,0,0.12755,-0.00713,0.999993
5909,192.1015,0.0929,2,0.2,0,0.133676,-0.007407,0.999993
5910,192.1319,0.0701,2,0.2,0,0.139774,-0.007697,0.999993
5911,192.1675,0.0781,2,0.2,0,0.145845,-0.008,0.999993
5912,192.2028,0.0934,2,0.2,0,0.151895,-0.008316,0.999993
5913,192.2343,0.109,2,0.2,0,0.157926,-0.008645,0.999993
5914,192.266,0.1092,2,0.2,0,0.163942,-0.008987,0.999993
5915,192.2979,0.0933,2,0.2,0,0.16995,-0.00934,0.999993
5916,192.3299,0.1166,2,0.2,0,0.175961,-0.009707,0.999993
5917,192.3628,0.1239,2,0.2,0,0.18198,-0.010087,0.999993
5918,192.3973,0.1158,2,0.2,0,0.188011,-0.010479,0.999993
5919,192.4291,0.1012,2,0.2,0,0.194054,-0.010885,0.999993
5920,192.4617,0.0936,2,0.2,0,0.200109,-0.011303,0.999993
5921,192.4939,0.109,2,0.2,0,0.206174,-0.011735,0.999993
5922,192.5214,0.1325,2,0.2,0,0.212244,-0.01218,0.999994
5923,192.554,0.1175,2,0.2,0,0.218311,-0.012638,0.999994
5924,192.5843,0.1334,2,0.2,0,0.224367,-0.013108,0.999994
5925,192.6156,0.1179,2,0.2,0,0.23041,-0.013589,0.999994
5926,192.6506,0.1181,2,0.2,0,0.236436,-0.014083,0.999995
5927,192.6823,0.1028,2,0.2,0,0.242442,-0.014588,0.999995
5928,192.714,0.0952,2,0.2,0,0.248431,-0.015106,0.999995
5929,192.7495,0.0946,2,0.2,0,0.254405,-0.015635,0.999995
5930,192.7808,0.1327,2,0.2,0,0.260371,-0.016176,0.999996
5931,192.8132,0.1321,2,0.2,0,0.266335,-0.01673,0.999996
5932,192.8471,0.1167,2,0.2,0,0.272303,-0.017298,0.999996
5933,192.8766,0.1093,2,0.2,0,0.278283,-0.017879,0.999997
5934,192.9059,0.1086,2,0.2,0,0.284276,-0.018475,0.999997
5935,192.9377,0.1094,2,0.2,0,0.290281,-0.019084,0.999997
5936,192.9692,0.1086,2,0.2,0,0.296299,-0.019706,0.999997
5937,193.0018,0.0782,2,0.2,0,0.302327,-0.020343,0.999998
5938,193.0354,0.078,2,0.2,0,0.308367,-0.020994,0.999998
5939,193.0689,0.0471,2,0.2,0,0.314414,-0.021658,0.999998
5940,193.1005,0.0705,2,0.2,0,0.320464,-0.022336,0.999999
5941,193.1331,0.0701,2,0.2,0,0.32651,-0.023027,0.999999
5942,193.1665,0.0622,2,0.2,0,0.332551,-0.02373,0.999999
5943,193.1987,0.0701,2,0.2,0,0.338582,-0.024446,1.0
5944,193.2284,0.0465,2,0.2,0,0.3446,-0.025174,1.0
5945,193.2592,0.0619,2,0.2,0,0.350606,-0.025913,1.0
5946,193.2896,0.0845,2,0.2,0,0.356605,-0.026666,1.000001
5947,193.3228,0.0764,2,0.2,0,0.362602,-0.027431,1.000001
5948,193.3572,0.0689,2,0.2,0,0.368606,-0.02821,1.000001
5949,193.3932,0.0695,2,0.2,0,0.374623,-0.029005,1.000002
5950,193.4243,0.0851,2,0.2,0,0.380655,-0.029814,1.000002
5951,193.4568,0.0775,2,0.2,0,0.3867,-0.030638,1.000002
5952,193.4905,0.1006,2,0.2,0,0.392751,-0.031477,1.000002
5953,193.5211,0.1006,2,0.2,0,0.398798,-0.032328,1.000003
5954,193.5534,0.0778,2,0.2,0,0.404833,-0.033191,1.000003
5955,193.5861,0.109,2,0.2,0,0.410858,-0.034065,1.000003
5956,193.6176,0.0937,2,0.2,0,0.416877,-0.034952,1.000003
5957,193.654,0.1013,2,0.2,0,0.422891,-0.035851,1.000003
5958,193.684,0.1011,2,0.2,0,0.4289,-0.036763,1.000004
5959,193.7184,0.1087,2,0.2,0,0.434907,-0.037688,1.000004
5960,193.7491,0.0844,2,0.2,0,0.440916,-0.038627,1.000004
5961,193.7796,0.084,2,0.2,0,0.44693,-0.03958,1.000004
5962,193.8146,0.0843,2,0.2,0,0.452952,-0.040547,1.000004
5963,193.8468,0.0692,2,0.2,0,0.458979,-0.041528,1.000005
5964,193.8771,0.1003,2,0.2,0,0.465,-0.042521,1.000005
5965,193.9097,0.0925,2,0.2,0,0.471014,-0.043526,1.000005
5966,193.9459,0.085,2,0.2,0,0.477024,-0.044543,1.000005
5967,193.978,0.1006,2,0.2,0,0.48303,-0.045572,1.000005
5968,194.0099,0.0771,2,0.2,0,0.489031,-0.046613,1.000005
5969,194.0389,0.0768,2,0.2,0,0.495025,-0.047666,1.000005
5970,194.0707,0.0767,2,0.2,0,0.501014,-0.048731,1.000005
5971,194.1058,0.1075,2,0.2,0,0.507001,-0.049809,1.000005
5972,194.1383,0.0532,2,0.2,0,0.512988,-0.0509,1.000005
5973,194.1725,0.0684,2,0.2,0,0.518971,-0.052003,1.000005
5974,194.206,0.06,2,0.2,0,0.52495,-0.053118,1.000005
5975,194.2353,0.0606,2,0.2,0,0.530926,-0.054245,1.000005
5976,194.2651,0.0758,2,0.2,0,0.536901,-0.055386,1.000005
5977,194.2983,0.0685,2,0.2,0,0.542874,-0.056538,1.000005
5978,194.3295,0.0683,2,0.2,0,0.548845,-0.057703,1.000005
5979,194.3598,0.0602,2,0.2,0,0.554816,-0.058881,1.000005
5980,194.3928,0.0527,2,0.2,0,0.560792,-0.060073,1.000005
5981,194.4271,0.0693,2,0.2,0,0.566769,-0.061278,1.000005
5982,194.4616,0.092,2,0.2,0,0.572745,-0.062496,1.000005
5983,194.4944,0.0995,2,0.2,0,0.578714,-0.063725,1.000005
5984,194.5256,0.0843,2,0.2,0,0.584676,-0.064966,1.000005
5985,194.5583,0.0846,2,0.2,0,0.590632,-0.066219,1.000005
5986,194.5898,0.1001,2,0.2,0,0.596584,-0.067484,1.000005
5987,194.6217,0.0618,2,0.2,0,0.602532,-0.068762,1.000005
5988,194.6543,0.085,2,0.2,0,0.608478,-0.070052,1.000005
5989,194.689,0.0687,2,0.2,0,0.61442,-0.071355,1.000005
5990,194.7209,0.0684,2,0.2,0,0.620362,-0.072671,1.000005
5991,194.7546,0.0996,2,0.2,0,0.626303,-0.074001,1.000005
5992,194.7863,0.1001,2,0.2,0,0.632241,-0.075343,1.000005
5993,194.8152,0.0762,2,0.2,0,0.638173,-0.076698,1.000004
5994,194.8496,0.0762,2,0.2,0,0.644103,-0.078066,1.000004
5995,194.8815,0.0449,2,0.2,0,0.650034,-0.079447,1.000004
5996,194.9145,0.029,2,0.2,0,0.655962,-0.080841,1.000004
5997,194.9515,0.0449,2,0.2,0,0.661887,-0.082248,1.000004
5998,194.9814,0.052,2,0.2,0,0.667811,-0.083668,1.000004
5999,195.0129,0.0607,2,0.2,0,0.673736,-0.085102,1.000004
6000,195.0443,0.0765,2,0.2,0,0.679656,-0.086548,1.000004
6001,195.075,0.061,2,0.2,0,0.685569,-0.088005,1.000003
6002,195.111,0.0696,2,0.2,0,0.691473,-0.089474,1.000003
6003,195.1422,0.1164,2,0.2,0,0.697374,-0.090955,1.000003
6004,195.1752,0.0861,2,0.2,0,0.703274,-0.09245,1.000003
6005,195.2105,0.1086,2,0.2,0,0.709169,-0.093956,1.000003
6006,195.2418,0.0929,2,0.2,0,0.715064,-0.095476,1.000003
6007,195.273,0.1247,2,0.2,0,0.72096,-0.09701,1.000003
6008,195.3063,0.1019,2,0.2,0,0.726855,-0.098557,1.000003
6009,195.3347,0.1086,2,0.2,0,0.732741,-0.100115,1.000002
6010,195.3646,0.1007,2,0.2,0,0.738625,-0.101687,1.000002
6011,195.3985,0.0768,2,0.2,0,0.744514,-0.103273,1.000002
6012,195.4306,0.0761,2,0.2,0,0.750403,-0.104873,1.000002
6013,195.4609,0.0527,2,0.2,0,0.75629,-0.106486,1.000002
6014,195.495,0.0453,2,0.2,0,0.762173,-0.108111,1.000002
6015,195.5276,0.0613,2,0.2,0,0.768045,-0.109747,1.000002
6016,195.5615,0.053,2,0.2,0,0.7739,-0.111392,1.000002
6017,195.5942,0.0529,2,0.2,0,0.779745,-0.113048,1.000002
6018,195.6247,0.0527,2,0.2,0,0.785587,-0.114716,1.000002
6019,195.6578,0.0761,2,0.2,0,0.791428,-0.116398,1.000001
6020,195.6885,0.1076,2,0.2,0,0.797271,-0.118094,1.000001
6021,195.7209,0.0928,2,0.2,0,0.803122,-0.119805,1.000001
6022,195.755,0.0854,2,0.2,0,0.808974,-0.121531,1.000001
6023,195.7878,0.0934,2,0.2,0,0.814821,-0.123268,1.000001
6024,195.822,0.1247,2,0.2,0,0.820663,-0.125018,1.000001
6025,195.8535,0.1012,2,0.2,0,0.826499,-0.12678,1.000001
6026,195.8868,0.1473,2,0.2,0,0.832331,-0.128554,1.000001
6027,195.9176,0.1008,2,0.2,0,0.838166,-0.130343,1.000001
6028,195.9492,0.0849,2,0.2,0,0.843993,-0.132143,1.000001
6029,195.9804,0.068,2,0.2,0,0.849811,-0.133953,1.000001
6030,196.0123,0.0679,2,0.2,0,0.855618,-0.135775,1.000001
6031,196.0513,0.0679,2,0.2,0,0.86141,-0.137606,1.000001
6032,196.0823,0.0446,2,0.2,0,0.867186,-0.139445,1.000001
6033,196.1136,0.0603,2,0.2,0,0.872956,-0.141296,1.000001
6034,196.1472,0.0686,2,0.2,0,0.878733,-0.143164,1.000001
6035,196.1753,0.1002,2,0.2,0,0.884518,-0.145047,1.000001
6036,196.2095,0.1005,2,0.2,0,0.890309,-0.146946,1.000001
6037,196.2414,0.0923,2,0.2,0,0.896101,-0.148859,1.000001
6038,196.2733,0.1164,2,0.2,0,0.901891,-0.150785,1.000001
6039,196.3055,0.0935,2,0.2,0,0.907679,-0.152724,1.000001
6040,196.3428,0.0846,2,0.2,0,0.913464,-0.154676,1.0
6041,196.3738,0.1012,2,0.2,0,0.919242,-0.156639,1.0
6042,196.4064,0.0693,2,0.2,0,0.925012,-0.158614,1.0
6043,196.4382,0.0924,2,0.2,0,0.930777,-0.1606,1.0
6044,196.4676,0.0458,2,0.2,0,0.936529,-0.162597,1.0
6045,196.4976,0.0607,2,0.2,0,0.942267,-0.164602,1.0
6046,196.5305,0.0917,2,0.2,0,0.947991,-0.166617,1.0
6047,196.5644,0.0918,2,0.2,0,0.953714,-0.168645,1.0
6048,196.5977,0.0773,2,0.2,0,0.959445,-0.170691,1.0
6049,196.6283,0.1004,2,0.2,0,0.965181,-0.172751,1.0
6050,196.6611,0.0856,2,0.2,0,0.970914,-0.174825,1.0
6051,196.6956,0.108,2,0.2,0,0.976646,-0.176913,1.0
6052,196.7232,0.0928,2,0.2,0,0.982376,-0.179013,1.0
6053,196.7588,0.1165,2,0.2,0,0.988103,-0.181127,1.0
6054,196.7915,0.0928,2,0.2,0,0.993827,-0.183253,1.0
6055,196.8241,0.0779,2,0.2,0,0.999543,-0.185391,1.0
6056,196.8576,0.0925,2,0.2,0,1.00524,-0.187535,1.0
6057,196.8907,0.0836,2,0.2,0,1.010921,-0.189688,1.0
6058,196.9216,0.0831,2,0.2,0,1.016594,-0.191852,1.0
6059,196.9539,0.0606,2,0.2,0,1.022268,-0.19403,1.0
6060,196.9837,0.0771,2,0.2,0,1.027947,-0.196224,1.0
6061,197.0161,0.0922,2,0.2,0,1.033632,-0.198434,1.0
6062,197.0484,0.0767,2,0.2,0,1.039311,-0.200657,1.0
6063,197.0816,0.0774,2,0.2,0,1.044988,-0.202892,1.0
6064,197.1172,0.1245,2,0.2,0,1.050653,-0.205137,1.0
6065,197.1488,0.0771,2,0.2,0,1.056303,-0.20739,1.0
6066,197.1812,0.0935,2,0.2,0,1.061946,-0.209654,1.0
6067,197.2143,0.077,2,0.2,0,1.067581,-0.211929,1.000001
6068,197.2446,0.0996,2,0.2,0,1.073215,-0.214218,1.000001
6069,197.275,0.0603,2,0.2,0,1.078849,-0.21652,1.000001
6070,197.3087,0.0853,2,0.2,0,1.084481,-0.218836,1.000001
6071,197.3422,0.061,2,0.2,0,1.090105,-0.221163,1.000001
6072,197.3753,0.1156,2,0.2,0,1.095726,-0.223503,1.000001
6073,197.4094,0.0917,2,0.2,0,1.101343,-0.225856,1.000001
6074,197.4424,0.1166,2,0.2,0,1.106954,-0.22822,1.000001
6075,197.4735,0.0699,2,0.2,0,1.112559,-0.230595,1.000001
6076,197.5073,0.1161,2,0.2,0,1.118155,-0.232981,1.000001
6077,197.5349,0.1157,2,0.2,0,1.123744,-0.235379,1.000001
6078,197.5651,0.0998,2,0.2,0,1.129327,-0.237787,1.000001
6079,197.5975,0.0759,2,0.2,0,1.13491,-0.240211,1.000001
6080,197.6285,0.1007,2,0.2,0,1.140492,-0.242648,1.000001
6081,197.662,0.0926,2,0.2,0,1.146064,-0.245095,1.000001
6082,197.6982,0.0923,2,0.2,0,1.151626,-0.247553,1.000001
6083,197.7301,0.1161,2,0.2,0,1.157184,-0.250022,1.000001
6084,197.7616,0.0996,2,0.2,0,1.162737,-0.252504,1.000001
6085,197.7943,0.1088,2,0.2,0,1.168294,-0.255001,1.000001
6086,197.8235,0.0929,2,0.2,0,1.173849,-0.257513,1.000001
6087,197.8567,0.0997,2,0.2,0,1.179397,-0.260035,1.000001
6088,197.8893,0.0924,2,0.2,0,1.184938,-0.262569,1.000001
6089,197.9212,0.061,2,0.2,0,1.190468,-0.265112,1.000001
6090,197.957,0.0766,2,0.2,0,1.195988,-0.267665,1.000001
6091,197.9879,0.1074,2,0.2,0,1.201503,-0.27023,1.000001
6092,198.0219,0.0845,2,0.2,0,1.207013,-0.272807,1.000001
6093,198.0541,0.1161,2,0.2,0,1.212517,-0.275396,1.000001
6094,198.0847,0.1087,2,0.2,0,1.218017,-0.277997,1.000001
6095,198.1165,0.0924,2,0.2,0,1.223512,-0.28061,1.000001
6096,198.1496,0.0843,2,0.2,0,1.229003,-0.283236,1.000001
6097,198.1801,0.0997,2,0.2,0,1.234486,-0.285872,1.000001
6098,198.2157,0.0923,2,0.2,0,1.239956,-0.288516,1.000001
6099,198.2502,0.0851,2,0.2,0,1.245418,-0.291171,1.000001
6100,198.2807,0.116,2,0.2,0,1.250879,-0.29384,1.000001
6101,198.3132,0.1,2,0.2,0,1.256339,-0.296522,1.000001
6102,198.3452,0.1005,2,0.2,0,1.261798,-0.299219,1.000001
6103,198.3767,0.1153,2,0.2,0,1.267246,-0.301925,1.000001
6104,198.4096,0.0929,2,0.2,0,1.272686,-0.304642,1.000001
6105,198.4423,0.1077,2,0.2,0,1.27812,-0.30737,1.000001
6106,198.4742,0.068,2,0.2,0,1.283546,-0.310109,1.000001
6107,198.5103,0.0772,2,0.2,0,1.288965,-0.312859,1.000001
6108,198.5421,0.0999,2,0.2,0,1.294376,-0.315619,1.000001
6109,198.5742,0.1002,2,0.2,0,1.299787,-0.318394,1.000001
6110,198.6037,0.1005,2,0.2,0,1.3052,-0.321185,1.000001
6111,198.6361,0.1085,2,0.2,0,1.310615,-0.323991,1.000001
6112,198.6689,0.0613,2,0.2,0,1.31602,-0.326808,1.000001
6113,198.7013,0.0924,2,0.2,0,1.321406,-0.329629,1.000001
6114,198.7367,0.1004,2,0.2,0,1.326784,-0.33246,1.000001
6115,198.7706,0.0922,2,0.2,0,1.332155,-0.335304,1.000001
6116,198.8018,0.0923,2,0.2,0,1.337526,-0.338161,1.000001
6117,198.8342,0.077,2,0.2,0,1.342893,-0.341032,1.000001
6118,198.8664,0.1237,2,0.2,0,1.348264,-0.343919,1.000001
6119,198.8971,0.0773,2,0.2,0,1.35363,-0.346819,1.000001
6120,198.9289,0.0846,2,0.2,0,1.358986,-0.349728,1.000001
6121,198.9613,0.1241,2,0.2,0,1.364327,-0.352644,1.000001
6122,198.9996,0.1076,2,0.2,0,1.369652,-0.355566,1.000001
6123,199.03,0.1074,2,0.2,0,1.374971,-0.358499,1.000001
6124,199.0617,0.108,2,0.2,0,1.380291,-0.361448,1.000001
6125,199.0929,0.116,2,0.2,0,1.385609,-0.364411,1.000001
6126,199.1255,0.0845,2,0.2,0,1.390921,-0.367385,1.000001
6127,199.1583,0.1084,2,0.2,0,1.396224,-0.37037,1.000001
6128,199.1892,0.0763,2,0.2,0,1.401522,-0.373367,1.000001
6129,199.2203,0.0617,2,0.2,0,1.406814,-0.376375,1.000001
6130,199.2563,0.1237,2,0.2,0,1.412097,-0.379393,1.000001
6131,199.2899,0.1074,2,0.2,0,1.417373,-0.382421,1.000001
6132,199.3227,0.0765,2,0.2,0,1.422649,-0.385465,1.000001
6133,199.3542,0.1085,2,0.2,0,1.427921,-0.388522,1.000001
6134,199.384,0.0919,2,0.2,0,1.433183,-0.391588,1.000001
6135,199.4169,0.0927,2,0.2,0,1.438438,-0.394665,1.000001
6136,199.45,0.0924,2,0.2,0,1.443686,-0.397753,1.000001
6137,199.4821,0.0923,2,0.2,0,1.448936,-0.400857,1.000001
6138,199.5162,0.085,2,0.2,0,1.454184,-0.403975,1.000001
6139,199.5494,0.1086,2,0.2,0,1.459428,-0.407107,1.000001
6140,199.5799,0.0763,2,0.2,0,1.464661,-0.410246,1.000001
6141,199.6126,0.1085,2,0.2,0,1.469885,-0.413396,1.000001
6142,199.646,0.116,2,0.2,0,1.475091,-0.41655,1.000001
6143,199.6762,0.0759,2,0.2,0,1.480283,-0.419712,1.000001
6144,199.71,0.1238,2,0.2,0,1.485473,-0.422887,1.000001
6145,199.7429,0.0854,2,0.2,0,1.490661,-0.426076,1.000001
6146,199.7733,0.1076,2,0.2,0,1.495842,-0.429277,1.000001
6147,199.8068,0.0852,2,0.2,0,1.501012,-0.432486,1.000001
6148,199.8375,0.1156,2,0.2,0,1.50617,-0.435703,1.000001
6149,199.8697,0.0767,2,0.2,0,1.51132,-0.43893,1.000001
6150,199.9005,0.1003,2,0.2,0,1.516469,-0.442172,1.000001
6151,199.9344,0.0923,2,0.2,0,1.521612,-0.445425,1.000001
6152,199.9703,0.0929,2,0.2,0,1.526753,-0.448693,1.000001
6153,200.0018,0.1164,2,0.2,0,1.53188,-0.451967,1.000001
6154,200.034,0.1002,2,0.2,0,1.536998,-0.455251,1.000001
6155,200.0643,0.1159,2,0.2,0,1.54211,-0.458547,1.000001
6156,200.0982,0.1012,2,0.2,0,1.547219,-0.461856,1.000001
6157,200.1315,0.1315,2,0.2,0,1.552323,-0.465177,1.000001
6158,200.1656,0.092,2,0.2,0,1.557424,-0.468513,1.000001
6159,200.197,0.1314,2,0.2,0,1.562517,-0.471858,1.000001
6160,200.2285,0.1086,2,0.2,0,1.567603,-0.475214,1.000001
6161,200.2603,0.1005,2,0.2,0,1.572677,-0.478578,1.000001
6162,200.2936,0.093,2,0.2,0,1.577744,-0.481953,1.000001
6163,200.3261,0.0846,2,0.2,0,1.582805,-0.485339,1.000001
6164,200.3579,0.0526,2,0.2,0,1.587861,-0.488739,1.000001
6165,200.3933,0.124,2,0.2,0,1.59291,-0.492149,1.000001
6166,200.4255,0.0915,2,0.2,0,1.597947,-0.495566,1.000001
6167,200.4596,0.0847,2,0.2,0,1.602972,-0.498991,1.000001
6168,200.4886,0.116,2,0.2,0,1.607989,-0.502428,1.000001
6169,200.5191,0.0524,2,0.2,0,1.613001,-0.505875,1.0
6170,200.553,0.1323,2,0.2,0,1.618008,-0.509336,1.0
6171,200.5859,0.0846,2,0.2,0,1.623004,-0.512804,1.0
6172,200.618,0.1312,2,0.2,0,1.627989,-0.516281,1.0
6173,200.6546,0.1004,2,0.2,0,1.632964,-0.519766,1.0
6174,200.6864,0.0998,2,0.2,0,1.637938,-0.523267,1.0
6175,200.7193,0.1076,2,0.2,0,1.642917,-0.526787,1.0
6176,200.7511,0.085,2,0.2,0,1.647893,-0.530321,1.0
6177,200.7792,0.1236,2,0.2,0,1.652858,-0.533863,1.0
6178,200.8132,0.1077,2,0.2,0,1.65781,-0.537411,1.0
6179,200.8454,0.0926,2,0.2,0,1.662756,-0.540972,1.0
6180,200.8762,0.0998,2,0.2,0,1.667696,-0.544544,1.0
6181,200.9082,0.1,2,0.2,0,1.672632,-0.548128,1.0
6182,200.9447,0.1087,2,0.2,0,1.677559,-0.551724,1.0
6183,200.9779,0.0691,2,0.2,0,1.682475,-0.555326,1.0
6184,201.0099,0.1242,2,0.2,0,1.687381,-0.558938,1.0
6185,201.041,0.1077,2,0.2,0,1.69228,-0.56256,1.0
6186,201.0715,0.1082,2,0.2,0,1.697182,-0.566201,1.0
6187,201.1059,0.1004,2,0.2,0,1.702073,-0.56985,1.0
6188,201.1373,0.1082,2,0.2,0,1.706948,-0.573504,1.0
6189,201.1693,0.0926,2,0.2,0,1.711805,-0.577161,1.0
6190,201.2008,0.0926,2,0.2,0,1.716657,-0.58083,1.0
6191,201.2328,0.0765,2,0.2,0,1.721502,-0.584512,1.0
6192,201.2657,0.1312,2,0.2,0,1.726336,-0.5882,1.0
6193,201.2984,0.1005,2,0.2,0,1.731158,-0.591897,1.0
6194,201.3316,0.0929,2,0.2,0,1.735973,-0.595604,1.0
6195,201.3661,0.108,2,0.2,0,1.740779,-0.599321,1.0
6196,201.4016,0.0918,2,0.2,0,1.745578,-0.603049,1.0
6197,201.434,0.1164,2,0.2,0,1.750372,-0.606788,1.0
6198,201.4651,0.1002,2,0.2,0,1.755158,-0.610539,1.0
6199,201.4975,0.1318,2,0.2,0,1.759934,-0.614298,1.0
6200,201.5264,0.0926,2,0.2,0,1.764704,-0.618067,1.0
6201,201.5571,0.0922,2,0.2,0,1.769469,-0.62185,1.0
6202,201.5943,0.092,2,0.2,0,1.774231,-0.625647,1.0
6203,201.6266,0.108,2,0.2,0,1.778986,-0.629453,1.0
6204,201.663,0.0848,2,0.2,0,1.783725,-0.633264,1.000001
6205,201.6934,0.0922,2,0.2,0,1.788454,-0.637084,1.000001
6206,201.7258,0.1314,2,0.2,0,1.793179,-0.640917,1.000001
6207,201.7585,0.1002,2,0.2,0,1.797898,-0.644762,1.000001
6208,201.7892,0.1001,2,0.2,0,1.80261,-0.648618,1.000001
6209,201.8216,0.108,2,0.2,0,1.807315,-0.652485,1.000001
6210,201.8531,0.1467,2,0.2,0,1.812012,-0.656362,1.000001
6211,201.8847,0.076,2,0.2,0,1.816702,-0.660251,1.0
6212,201.9179,0.1311,2,0.2,0,1.821387,-0.664152,1.0
6213,201.9491,0.1,2,0.2,0,1.826064,-0.668065,1.0
6214,201.9837,0.1163,2,0.2,0,1.830724,-0.671979,1.0
6215,202.019,0.0925,2,0.2,0,1.83537,-0.675899,1.0
6216,202.0544,0.1395,2,0.2,0,1.840014,-0.679835,1.0
6217,202.0858,0.1154,2,0.2,0,1.844653,-0.683783,1.000001
6218,202.1174,0.1158,2,0.2,0,1.849284,-0.687741,1.000001
6219,202.1494,0.1155,2,0.2,0,1.853897,-0.691702,1.000001
6220,202.1794,0.1004,2,0.2,0,1.858505,-0.695675,1.000001
6221,202.2137,0.1158,2,0.2,0,1.863105,-0.699658,1.000001
6222,202.2463,0.0845,2,0.2,0,1.867695,-0.703649,1.000001
6223,202.2799,0.1398,2,0.2,0,1.87227,-0.707645,1.000001
6224,202.3139,0.0854,2,0.2,0,1.876838,-0.711651,1.000001
6225,202.3444,0.1472,2,0.2,0,1.881401,-0.715671,1.000001
6226,202.3757,0.0999,2,0.2,0,1.885955,-0.719699,1.000001
6227,202.4055,0.1074,2,0.2,0,1.890502,-0.723738,1.000001
6228,202.4349,0.0929,2,0.2,0,1.895039,-0.727785,1.000001
6229,202.4672,0.0925,2,0.2,0,1.899567,-0.731841,1.000001
6230,202.5007,0.0923,2,0.2,0,1.904087,-0.735907,1.000001
6231,202.5324,0.0611,2,0.2,0,1.908599,-0.739983,1.000001
6232,202.568,0.1478,2,0.2,0,1.9131,-0.744066,1.000001
6233,202.6017,0.0999,2,0.2,0,1.917586,-0.748152,1.000001
6234,202.6343,0.1323,2,0.2,0,1.922068,-0.752252,1.000002
6235,202.6644,0.0764,2,0.2,0,1.926541,-0.756362,1.000002
6236,202.6986,0.1237,2,0.2,0,1.931008,-0.760483,1.000002
6237,202.7278,0.1162,2,0.2,0,1.935465,-0.764612,1.000002
6238,202.7568,0.101,2,0.2,0,1.939916,-0.768754,1.000002
6239,202.7896,0.1003,2,0.2,0,1.944363,-0.77291,1.000002
6240,202.8216,0.0927,2,0.2,0,1.948807,-0.777081,1.000002
6241,202.8529,0.1164,2,0.2,0,1.95324,-0.781259,1.000002
6242,202.8892,0.1241,2,0.2,0,1.957661,-0.785444,1.000002
6243,202.9212,0.1086,2,0.2,0,1.962079,-0.789645,1.000002
6244,202.9541,0.0848,2,0.2,0,1.966494,-0.793861,1.000002
6245,202.9852,0.0998,2,0.2,0,1.970901,-0.798087,1.000002
6246,203.0148,0.1317,2,0.2,0,1.975299,-0.802323,1.000002
6247,203.0466,0.1548,2,0.2,0,1.97969,-0.806571,1.000002
6248,203.0772,0.0993,2,0.2,0,1.984073,-0.810829,1.000001
6249,203.1086,0.1078,2,0.2,0,1.988443,-0.815093,1.000001
6250,203.145,0.116,2,0.2,0,1.992802,-0.819364,1.000001
6251,203.1781,0.1396,2,0.2,0,1.997149,-0.823641,1.000001
6252,203.2108,0.1233,2,0.2,0,2.001484,-0.827926,1.000001
6253,203.243,0.123,2,0.2,0,2.005806,-0.832214,1.000001
6254,203.2731,0.1397,2,0.2,0,2.010111,-0.836505,1.000001
6255,203.3059,0.1243,2,0.2,0,2.014405,-0.840802,1.000001
6256,203.3423,0.1401,2,0.2,0,2.018692,-0.84511,1.000001
6257,203.3723,0.1237,2,0.2,0,2.022967,-0.849424,1.000001
6258,203.4057,0.1159,2,0.2,0,2.027231,-0.853747,1.0
6259,203.4379,0.1164,2,0.2,0,2.031487,-0.858078,1.0
6260,203.4669,0.1169,2,0.2,0,2.035734,-0.86242,1.0
6261,203.5018,0.116,2,0.2,0,2.039975,-0.866772,1.0
6262,203.5344,0.1154,2,0.2,0,2.044206,-0.871134,1.0
6263,203.5661,0.1087,2,0.2,0,2.048427,-0.875505,1.0
6264,203.6024,0.1079,2,0.2,0,2.052641,-0.879887,1.0
6265,203.6339,0.1073,2,0.2,0,2.056848,-0.88428,0.999999
6266,203.6658,0.1079,2,0.2,0,2.061046,-0.888682,0.999999
6267,203.6978,0.0997,2,0.2,0,2.065238,-0.893097,0.999999
6268,203.7271,0.0919,2,0.2,0,2.069424,-0.897525,0.999999
6269,203.7562,0.0998,2,0.2,0,2.073605,-0.901966,0.999999
6270,203.7878,0.0928,2,0.2,0,2.077781,-0.906422,0.999999
6271,203.8233,0.1236,2,0.2,0,2.081949,-0.910886,0.999999
6272,203.8573,0.0934,2,0.2,0,2.086104,-0.915357,0.999999
6273,203.8909,0.1155,2,0.2,0,2.090252,-0.919839,0.999998
6274,203.9211,0.0765,2,0.2,0,2.09439,-0.924328,0.999998
6275,203.9538,0.0768,2,0.2,0,2.098514,-0.928822,0.999998
6276,203.9853,0.1317,2,0.2,0,2.102623,-0.933318,0.999998
6277,204.019,0.116,2,0.2,0,2.106722,-0.937824,0.999998
6278,204.0532,0.1086,2,0.2,0,2.110809,-0.942335,0.999998
6279,204.0849,0.0845,2,0.2,0,2.114884,-0.946853,0.999998
6280,204.1176,0.1398,2,0.2,0,2.118945,-0.951374,0.999998
6281,204.1501,0.1,2,0.2,0,2.122996,-0.955905,0.999998
6282,204.181,0.1391,2,0.2,0,2.127038,-0.960445,0.999998
6283,204.2136,0.1004,2,0.2,0,2.131069,-0.964992,0.999998
6284,204.2451,0.1164,2,0.2,0,2.13509,-0.969547,0.999998
6285,204.2782,0.1,2,0.2,0,2.139095,-0.974105,0.999998
6286,204.3111,0.1154,2,0.2,0,2.143094,-0.978675,0.999998
6287,204.3452,0.1242,2,0.2,0,2.147082,-0.983252,0.999998
6288,204.3757,0.0772,2,0.2,0,2.151059,-0.987837,0.999998
6289,204.4085,0.1464,2,0.2,0,2.155025,-0.992428,0.999998
6290,204.4409,0.108,2,0.2,0,2.158985,-0.997033,0.999998
6291,204.4709,0.1469,2,0.2,0,2.16294,-1.00165,0.999998
6292,204.5058,0.0846,2,0.2,0,2.166885,-1.006276,0.999998
6293,204.5384,0.1162,2,0.2,0,2.170826,-1.010917,0.999998
6294,204.5698,0.1081,2,0.2,0,2.174753,-1.015563,0.999999
6295,204.6058,0.1312,2,0.2,0,2.178673,-1.020218,0.999999
6296,204.6384,0.1315,2,0.2,0,2.182584,-1.024884,0.999999
6297,204.6686,0.1317,2,0.2,0,2.186492,-1.029565,0.999999
6298,204.7027,0.1315,2,0.2,0,2.190389,-1.034255,0.999999
6299,204.731,0.1154,2,0.2,0,2.194276,-1.038951,1.0
6300,204.7634,0.1471,2,0.2,0,2.198158,-1.043661,1.0
6301,204.7974,0.116,2,0.2,0,2.202027,-1.048376,1.0
6302,204.8302,0.1084,2,0.2,0,2.205884,-1.053097,1.0
6303,204.8629,0.1082,2,0.2,0,2.209727,-1.057822,1.000001
6304,204.8933,0.1242,2,0.2,0,2.213562,-1.062558,1.000001
6305,204.9262,0.1002,2,0.2,0,2.217386,-1.0673,1.000001
6306,204.9575,0.0689,2,0.2,0,2.221199,-1.072049,1.000001
6307,204.9942,0.1007,2,0.2,0,2.225003,-1.076807,1.000001
6308,205.0263,0.1389,2,0.2,0,2.228796,-1.081573,1.000002
6309,205.06,0.1079,2,0.2,0,2.232581,-1.086351,1.000002
6310,205.0927,0.1154,2,0.2,0,2.236357,-1.091136,1.000002
6311,205.122,0.1318,2,0.2,0,2.240121,-1.095929,1.000002
6312,205.154,0.1081,2,0.2,0,2.243872,-1.100726,1.000002
6313,205.1864,0.0689,2,0.2,0,2.247614,-1.105532,1.000002
6314,205.2178,0.1236,2,0.2,0,2.251349,-1.110352,1.000002
6315,205.252,0.1085,2,0.2,0,2.255074,-1.115177,1.000002
6316,205.2844,0.1163,2,0.2,0,2.258783,-1.120005,1.000002
6317,205.3183,0.0928,2,0.2,0,2.262479,-1.124838,1.000002
6318,205.3493,0.1317,2,0.2,0,2.266172,-1.129687,1.000002
6319,205.3814,0.1004,2,0.2,0,2.269852,-1.134541,1.000003
6320,205.4132,0.1159,2,0.2,0,2.27352,-1.1394,1.000003
6321,205.444,0.1005,2,0.2,0,2.277177,-1.144266,1.000003
6322,205.4786,0.1163,2,0.2,0,2.280828,-1.149147,1.000003
6323,205.5099,0.1075,2,0.2,0,2.284472,-1.15404,1.000003
6324,205.5459,0.1233,2,0.2,0,2.288103,-1.158936,1.000003
6325,205.5783,0.1394,2,0.2,0,2.291722,-1.163839,1.000003
6326,205.6142,0.1316,2,0.2,0,2.295327,-1.168745,1.000003
6327,205.6459,0.1076,2,0.2,0,2.298923,-1.173662,1.000003
6328,205.6763,0.1162,2,0.2,0,2.302516,-1.178595,1.000003
6329,205.7049,0.1314,2,0.2,0,2.306103,-1.183543,1.000003
6330,205.7375,0.1085,2,0.2,0,2.309678,-1.188497,1.000003
6331,205.7681,0.1154,2,0.2,0,2.313241,-1.193456,1.000003
6332,205.8022,0.1162,2,0.2,0,2.316792,-1.198421,1.000003
6333,205.836,0.1083,2,0.2,0,2.320336,-1.203397,1.000003
6334,205.8703,0.1471,2,0.2,0,2.323867,-1.208379,1.000003
6335,205.9032,0.0934,2,0.2,0,2.327385,-1.213365,1.000003
6336,205.9346,0.1238,2,0.2,0,2.330887,-1.218351,1.000003
6337,205.9677,0.1474,2,0.2,0,2.334377,-1.223343,1.000003
6338,205.9965,0.1089,2,0.2,0,2.337856,-1.228341,1.000003
6339,206.0289,0.1156,2,0.2,0,2.341326,-1.233348,1.000003
6340,206.0598,0.0929,2,0.2,0,2.344784,-1.238361,1.000003
6341,206.0928,0.116,2,0.2,0,2.34823,-1.24338,1.000002
6342,206.1276,0.1229,2,0.2,0,2.351667,-1.24841,1.000002
6343,206.1624,0.1152,2,0.2,0,2.355099,-1.253454,1.000002
6344,206.193,0.1,2,0.2,0,2.358525,-1.258513,1.000002
6345,206.2253,0.1164,2,0.2,0,2.361942,-1.263582,1.000002
6346,206.2589,0.1082,2,0.2,0,2.36534,-1.268648,1.000002
6347,206.2895,0.108,2,0.2,0,2.368728,-1.273721,1.000001
6348,206.3216,0.1469,2,0.2,0,2.372108,-1.278805,1.000001
6349,206.3534,0.1241,2,0.2,0,2.37548,-1.283901,1.000001
6350,206.385,0.0842,2,0.2,0,2.378841,-1.289005,1.000001
6351,206.4192,0.139,2,0.2,0,2.382192,-1.294116,1.000001
6352,206.4528,0.1166,2,0.2,0,2.385529,-1.29923,1.000001
6353,206.4883,0.1076,2,0.2,0,2.38885,-1.304345,1.000001
6354,206.52,0.1077,2,0.2,0,2.392154,-1.309458,1.0
6355,206.5539,0.1087,2,0.2,0,2.395449,-1.31458,1.0
6356,206.5838,0.1239,2,0.2,0,2.398733,-1.31971,1.0
6357,206.6144,0.1232,2,0.2,0,2.402007,-1.324848,1.0
6358,206.6491,0.1151,2,0.2,0,2.40527,-1.329995,1.0
6359,206.6807,0.1078,2,0.2,0,2.408523,-1.33515,1.0
6360,206.7132,0.1232,2,0.2,0,2.411767,-1.340315,1.0
6361,206.7454,0.1088,2,0.2,0,2.415002,-1.345489,0.999999
6362,206.7782,0.092,2,0.2,0,2.418229,-1.350676,0.999999
6363,206.8111,0.1313,2,0.2,0,2.421452,-1.35588,0.999999
6364,206.8468,0.1008,2,0.2,0,2.424666,-1.361096,0.999999
6365,206.8776,0.1248,2,0.2,0,2.427869,-1.366318,0.999999
6366,206.9102,0.1079,2,0.2,0,2.431055,-1.371538,0.999999
6367,206.9416,0.0924,2,0.2,0,2.434229,-1.376763,0.999998
6368,206.9712,0.1167,2,0.2,0,2.437389,-1.38199,0.999998
6369,207.0002,0.1004,2,0.2,0,2.440535,-1.387218,0.999998
6370,207.0316,0.1318,2,0.2,0,2.443664,-1.392443,0.999998
6371,207.0659,0.1158,2,0.2,0,2.446778,-1.397669,0.999998
6372,207.0992,0.124,2,0.2,0,2.449879,-1.4029,0.999998
6373,207.1325,0.0853,2,0.2,0,2.452971,-1.408141,0.999998
6374,207.1634,0.1238,2,0.2,0,2.456058,-1.413397,0.999998
6375,207.1988,0.1079,2,0.2,0,2.459136,-1.418665,0.999997
6376,207.2305,0.1239,2,0.2,0,2.462208,-1.423948,0.999997
6377,207.2618,0.1314,2,0.2,0,2.465266,-1.429234,0.999997
6378,207.294,0.1001,2,0.2,0,2.468311,-1.434524,0.999997
6379,207.3301,0.1154,2,0.2,0,2.471348,-1.439825,0.999997
6380,207.3562,0.1075,2,0.2,0,2.474375,-1.445137,0.999997
6381,207.3857,0.1168,2,0.2,0,2.477393,-1.450457,0.999997
6382,207.4165,0.1234,2,0.2,0,2.480399,-1.455782,0.999997
6383,207.4497,0.139,2,0.2,0,2.483388,-1.461106,0.999997
6384,207.484,0.1158,2,0.2,0,2.486367,-1.466437,0.999997
6385,207.516,0.1235,2,0.2,0,2.489335,-1.471775,0.999998
6386,207.5504,0.1083,2,0.2,0,2.492288,-1.477116,0.999998
6387,207.5812,0.1235,2,0.2,0,2.495232,-1.482465,0.999998
6388,207.6139,0.0929,2,0.2,0,2.498166,-1.487825,0.999998
6389,207.6458,0.1156,2,0.2,0,2.501087,-1.493188,0.999998
6390,207.675,0.1001,2,0.2,0,2.503996,-1.498556,0.999998
6391,207.7055,0.1081,2,0.2,0,2.506892,-1.503929,0.999998
6392,207.7375,0.0999,2,0.2,0,2.509776,-1.509307,0.999998
6393,207.7704,0.1083,2,0.2,0,2.512654,-1.514701,0.999998
6394,207.8029,0.109,2,0.2,0,2.51552,-1.520101,0.999998
6395,207.8367,0.1157,2,0.2,0,2.518371,-1.525499,0.999998
6396,207.8687,0.1081,2,0.2,0,2.521208,-1.5309,0.999998
6397,207.9024,0.1231,2,0.2,0,2.524034,-1.536309,0.999999
6398,207.9331,0.108,2,0.2,0,2.526852,-1.54173,0.999999
6399,207.9635,0.131,2,0.2,0,2.529659,-1.547158,0.999999
6400,207.9984,0.1082,2,0.2,0,2.532452,-1.552586,0.999999
6401,208.0279,0.1164,2,0.2,0,2.535229,-1.558015,0.999999
6402,208.0615,0.0934,2,0.2,0,2.537997,-1.563452,0.999999
6403,208.0943,0.1004,2,0.2,0,2.540754,-1.568897,0.999999
6404,208.1257,0.1087,2,0.2,0,2.543499,-1.574348,0.999999
6405,208.1584,0.1074,2,0.2,0,2.546234,-1.579809,0.999999
6406,208.19,0.0997,2,0.2,0,2.54896,-1.585281,0.999999
6407,208.2215,0.1395,2,0.2,0,2.551676,-1.590763,0.999999
6408,208.2539,0.085,2,0.2,0,2.55438,-1.59625,0.999999
6409,208.2854,0.108,2,0.2,0,2.55707,-1.601739,0.999999
6410,208.3193,0.0778,2,0.2,0,2.559747,-1.607229,0.999999
6411,208.3534,0.1325,2,0.2,0,2.562411,-1.612726,0.999999
6412,208.3855,0.1088,2,0.2,0,2.565065,-1.618231,0.999999
6413,208.4184,0.1003,2,0.2,0,2.567706,-1.623739,0.999999
6414,208.4515,0.0999,2,0.2,0,2.570331,-1.629245,0.999999
6415,208.4802,0.0757,2,0.2,0,2.572944,-1.634756,0.999999
6416,208.5131,0.1239,2,0.2,0,2.575546,-1.640275,0.999999
6417,208.547,0.1083,2,0.2,0,2.578138,-1.645802,0.999999
6418,208.5771,0.1079,2,0.2,0,2.580718,-1.651336,0.999999
6419,208.6103,0.1012,2,0.2,0,2.583289,-1.656882,0.999999
6420,208.6404,0.1004,2,0.2,0,2.585849,-1.662435,0.999999
6421,208.6742,0.1318,2,0.2,0,2.588397,-1.667994,0.999999
6422,208.7107,0.1001,2,0.2,0,2.590936,-1.673564,0.999999
6423,208.7474,0.1234,2,0.2,0,2.593464,-1.679144,0.999999
6424,208.7789,0.1078,2,0.2,0,2.59598,-1.684726,0.999999
6425,208.8142,0.1242,2,0.2,0,2.59848,-1.690307,0.999999
6426,208.8463,0.116,2,0.2,0,2.600967,-1.695892,0.999999
6427,208.8753,0.0926,2,0.2,0,2.60344,-1.701477,0.999999
6428,208.9057,0.1161,2,0.2,0,2.605897,-1.70706,0.999999
6429,208.9379,0.0932,2,0.2,0,2.608339,-1.71264,0.999999
6430,208.9689,0.1162,2,0.2,0,2.610771,-1.718231,0.999999
6431,209.0011,0.0764,2,0.2,0,2.613196,-1.723839,0.999999
6432,209.0358,0.1073,2,0.2,0,2.615613,-1.72946,0.999999
6433,209.0707,0.0768,2,0.2,0,2.618016,-1.735086,0.999999
6434,209.1026,0.1317,2,0.2,0,2.620409,-1.740719,0.999999
6435,209.134,0.0851,2,0.2,0,2.622786,-1.746351,0.999999
6436,209.1652,0.1002,2,0.2,0,2.625151,-1.751987,0.999999
6437,209.1984,0.1156,2,0.2,0,2.627502,-1.757622,0.999999
6438,209.229,0.0933,2,0.2,0,2.62984,-1.763262,0.999999
6439,209.2623,0.0775,2,0.2,0,2.632168,-1.768911,0.999999
6440,209.2962,0.1321,2,0.2,0,2.634487,-1.774571,0.999999
6441,209.3313,0.0938,2,0.2,0,2.636794,-1.780239,0.999999
6442,209.3629,0.1075,2,0.2,0,2.63909,-1.785912,0.999999
6443,209.3986,0.0849,2,0.2,0,2.641371,-1.791587,0.999999
6444,209.4309,0.0928,2,0.2,0,2.643636,-1.797254,0.999999
6445,209.4629,0.1083,2,0.2,0,2.645883,-1.802914,0.999999
6446,209.4944,0.1001,2,0.2,0,2.648118,-1.80858,0.999999
6447,209.5212,0.1068,2,0.2,0,2.650342,-1.814256,0.999999
6448,209.5504,0.0998,2,0.2,0,2.652558,-1.819944,0.999999
6449,209.5787,0.1091,2,0.2,0,2.654765,-1.825647,0.999999
6450,209.6139,0.1089,2,0.2,0,2.656959,-1.831353,0.999999
6451,209.6461,0.1082,2,0.2,0,2.65914,-1.837062,0.999999
6452,209.6799,0.1004,2,0.2,0,2.661307,-1.842771,0.999999
6453,209.7147,0.1076,2,0.2,0,2.663457,-1.848473,0.999999
6454,209.7511,0.1235,2,0.2,0,2.665592,-1.854173,0.999999
6455,209.7819,0.1246,2,0.2,0,2.667715,-1.859876,0.999999
6456,209.8137,0.1078,2,0.2,0,2.669827,-1.86559,0.999999
6457,209.8464,0.1146,2,0.2,0,2.671932,-1.871321,0.999999
6458,209.8729,0.1076,2,0.2,0,2.674028,-1.877067,0.999999
6459,209.905,0.1154,2,0.2,0,2.676111,-1.882817,0.999999
6460,209.9372,0.1093,2,0.2,0,2.678182,-1.888568,0.999999
6461,209.9706,0.1017,2,0.2,0,2.680237,-1.894316,0.999999
6462,210.0026,0.0781,2,0.2,0,2.682276,-1.90006,0.999999
6463,210.0363,0.0776,2,0.2,0,2.684302,-1.905803,0.999999
6464,210.069,0.0927,2,0.2,0,2.686315,-1.911549,0.999999
6465,210.1022,0.0847,2,0.2,0,2.688315,-1.917301,0.999999
6466,210.1337,0.1243,2,0.2,0,2.690306,-1.923064,0.999999
6467,210.1653,0.1239,2,0.2,0,2.692287,-1.928841,0.999999
6468,210.1974,0.1074,2,0.2,0,2.694258,-1.93463,0.999999
6469,210.2283,0.1151,2,0.2,0,2.696217,-1.940425,0.999999
6470,210.2612,0.1156,2,0.2,0,2.698162,-1.946219,0.999999
6471,210.2973,0.108,2,0.2,0,2.70009,-1.952007,0.999999
6472,210.3299,0.1242,2,0.2,0,2.702003,-1.957787,0.999999
6473,210.3631,0.109,2,0.2,0,2.7039,-1.963562,0.999999
6474,210.394,0.0772,2,0.2,0,2.705783,-1.969335,0.999999
6475,210.423,0.0929,2,0.2,0,2.707653,-1.975112,0.999999
6476,210.4547,0.0854,2,0.2,0,2.709513,-1.9809,0.999999
6477,210.4866,0.0698,2,0.2,0,2.711363,-1.986701,0.999999
6478,210.5175,0.1329,2,0.2,0,2.713202,-1.99251,0.999999
6479,210.5494,0.1002,2,0.2,0,2.71503,-1.998325,0.999999
6480,210.5809,0.0996,2,0.2,0,2.716846,-2.004149,0.999999
6481,210.6189,0.1153,2,0.2,0,2.718649,-2.009977,0.999999
6482,210.6539,0.1153,2,0.2,0,2.72044,-2.015806,0.999999
6483,210.6874,0.1312,2,0.2,0,2.722217,-2.021639,0.999999
6484,210.7205,0.1164,2,0.2,0,2.723979,-2.027467,0.999999
6485,210.7548,0.131,2,0.2,0,2.725724,-2.033283,0.999999
6486,210.7855,0.0604,2,0.2,0,2.727456,-2.039102,0.999999
6487,210.817,0.1233,2,0.2,0,2.729175,-2.044921,0.999999
6488,210.8512,0.1082,2,0.2,0,2.730881,-2.050744,0.999999
6489,210.881,0.0926,2,0.2,0,2.732575,-2.056572,0.999999
6490,210.9126,0.1248,2,0.2,0,2.734257,-2.062404,0.999999
6491,210.9504,0.1005,2,0.2,0,2.735927,-2.068239,0.999999
6492,210.9812,0.0682,2,0.2,0,2.737584,-2.07408,0.999999
6493,211.0135,0.1006,2,0.2,0,2.739231,-2.079929,0.999999
6494,211.0467,0.0855,2,0.2,0,2.740867,-2.085786,0.999999
6495,211.0757,0.1164,2,0.2,0,2.742492,-2.091657,0.999999
6496,211.1108,0.1318,2,0.2,0,2.744107,-2.097539,0.999999
6497,211.1434,0.1004,2,0.2,0,2.745709,-2.103424,0.999999
6498,211.1759,0.1235,2,0.2,0,2.747297,-2.109304,0.999999
6499,211.2095,0.1072,2,0.2,0,2.748869,-2.115181,0.999999
6500,211.2424,0.1155,2,0.2,0,2.750427,-2.121056,0.999999
6501,211.2741,0.124,2,0.2,0,2.751971,-2.126927,0.999999
6502,211.3073,0.1078,2,0.2,0,2.7535,-2.132794,0.999999
6503,211.3392,0.1085,2,0.2,0,2.755014,-2.138657,0.999999
6504,211.3707,0.1075,2,0.2,0,2.756515,-2.144518,0.999999
6505,211.4022,0.0765,2,0.2,0,2.758003,-2.150378,0.999999
6506,211.434,0.1079,2,0.2,0,2.759479,-2.156248,0.999999
6507,211.4687,0.0771,2,0.2,0,2.760947,-2.162137,0.999999
6508,211.5029,0.1084,2,0.2,0,2.762407,-2.16805,0.999999
6509,211.5331,0.1086,2,0.2,0,2.763858,-2.173978,0.999999
6510,211.5641,0.0849,2,0.2,0,2.765295,-2.179904,0.999999
6511,211.5971,0.0851,2,0.2,0,2.766718,-2.185825,0.999999
6512,211.6293,0.0922,2,0.2,0,2.768127,-2.191745,0.999999
6513,211.6613,0.1,2,0.2,0,2.769524,-2.197668,0.999999
6514,211.6971,0.1077,2,0.2,0,2.770908,-2.203597,0.999999
6515,211.7298,0.1468,2,0.2,0,2.772283,-2.209538,0.999999
6516,211.761,0.1549,2,0.2,0,2.773645,-2.215484,0.999999
6517,211.7942,0.1091,2,0.2,0,2.774992,-2.221424,0.999999
6518,211.8235,0.1006,2,0.2,0,2.776324,-2.227352,0.999999
6519,211.8527,0.0999,2,0.2,0,2.777638,-2.233264,0.999999
6520,211.8847,0.1079,2,0.2,0,2.778936,-2.239163,0.999999
6521,211.9185,0.1077,2,0.2,0,2.780219,-2.245056,0.999999
6522,211.9502,0.1235,2,0.2,0,2.78149,-2.250954,0.999999
6523,211.9847,0.1084,2,0.2,0,2.78275,-2.256863,0.999999
6524,212.0168,0.1093,2,0.2,0,2.783999,-2.262781,0.999999
6525,212.0508,0.1009,2,0.2,0,2.785235,-2.268703,0.999999
6526,212.0826,0.0922,2,0.2,0,2.786459,-2.27463,0.999999
6527,212.1145,0.0844,2,0.2,0,2.787671,-2.280565,0.999999
6528,212.1447,0.0766,2,0.2,0,2.788873,-2.286514,0.999999
6529,212.1758,0.0847,2,0.2,0,2.790066,-2.292484,0.999999
6530,212.2088,0.0696,2,0.2,0,2.791251,-2.298482,0.999999
6531,212.2421,0.0937,2,0.2,0,2.792428,-2.304507,0.999999
6532,212.2749,0.0936,2,0.2,0,2.793596,-2.31055,0.999999
6533,212.31,0.0935,2,0.2,0,2.794751,-2.316594,0.999999
6534,212.3427,0.0859,2,0.2,0,2.79589,-2.322625,0.999999
6535,212.3745,0.0849,2,0.2,0,2.797012,-2.328637,0.999999
6536,212.4063,0.1003,2,0.2,0,2.798118,-2.334638,0.999999
6537,212.4355,0.1233,2,0.2,0,2.79921,-2.340634,0.999999
6538,212.4675,0.1078,2,0.2,0,2.80029,-2.346631,0.999999
6539,212.5002,0.1159,2,0.2,0,2.801356,-2.352632,0.999999
6540,212.5329,0.1238,2,0.2,0,2.80241,-2.358637,0.999999
6541,212.5687,0.1159,2,0.2,0,2.80345,-2.364637,0.999999
6542,212.603,0.1322,2,0.2,0,2.804475,-2.370624,0.999999
6543,212.6348,0.1079,2,0.2,0,2.805482,-2.376588,0.999999
6544,212.6637,0.1157,2,0.2,0,2.806474,-2.382538,0.999999
6545,212.698,0.1233,2,0.2,0,2.807452,-2.388483,0.999998
6546,212.7306,0.1618,2,0.2,0,2.808418,-2.394433,0.999998
6547,212.7622,0.1692,2,0.2,0,2.809373,-2.400393,0.999998
6548,212.7943,0.1539,2,0.2,0,2.810318,-2.406369,0.999998
6549,212.8266,0.1536,2,0.2,0,2.811252,-2.412365,0.999998
6550,212.8598,0.1539,2,0.2,0,2.812176,-2.418374,0.999998
6551,212.8987,0.1307,2,0.2,0,2.813088,-2.424386,0.999998
6552,212.9321,0.1228,2,0.2,0,2.813987,-2.430397,0.999998
6553,212.9653,0.1072,2,0.2,0,2.814872,-2.4364,0.999998
6554,212.999,0.1081,2,0.2,0,2.815743,-2.442398,0.999998
6555,213.031,0.1156,2,0.2,0,2.816602,-2.448391,0.999998
6556,213.0621,0.132,2,0.2,0,2.817446,-2.454378,0.999998
6557,213.0933,0.1161,2,0.2,0,2.818278,-2.460358,0.999998
6558,213.1206,0.1079,2,0.2,0,2.819098,-2.466341,0.999998
6559,213.1532,0.1312,2,0.2,0,2.819906,-2.472328,0.999998
6560,213.1829,0.1314,2,0.2,0,2.820702,-2.478319,0.999998
6561,213.2155,0.1392,2,0.2,0,2.821487,-2.484321,0.999998
6562,213.2524,0.1229,2,0.2,0,2.822261,-2.490333,0.999998
6563,213.2825,0.1156,2,0.2,0,2.823023,-2.496358,0.999999
6564,213.3173,0.1233,2,0.2,0,2.823774,-2.502396,0.999999
6565,213.3515,0.1238,2,0.2,0,2.824514,-2.508444,0.999999
6566,213.3828,0.1,2,0.2,0,2.825242,-2.514498,0.999999
6567,213.4138,0.1162,2,0.2,0,2.825956,-2.520549,0.999999
6568,213.4456,0.1154,2,0.2,0,2.826657,-2.526591,0.999999
6569,213.4773,0.1076,2,0.2,0,2.827344,-2.532622,0.999999
6570,213.5094,0.1231,2,0.2,0,2.828016,-2.538642,0.999999
6571,213.5426,0.1235,2,0.2,0,2.828674,-2.544654,0.999999
6572,213.5762,0.1225,2,0.2,0,2.829319,-2.550665,0.999999
6573,213.6107,0.1466,2,0.2,0,2.829951,-2.556677,0.999999
6574,213.6429,0.1541,2,0.2,0,2.83057,-2.562695,0.999999
6575,213.674,0.1616,2,0.2,0,2.831178,-2.568724,0.999999
6576,213.7068,0.185,2,0.2,0,2.831774,-2.574769,0.999999
6577,213.7362,0.2014,2,0.2,0,2.832358,-2.580827,0.999999
6578,213.7682,0.1937,2,0.2,0,2.832931,-2.586892,0.999999
6579,213.8015,0.1375,2,0.2,0,2.833491,-2.592961,0.999999
6580,213.8351,0.1535,2,0.2,0,2.834039,-2.599033,0.999999
6581,213.8697,0.1539,2,0.2,0,2.834575,-2.605106,0.999999
6582,213.9029,0.1698,2,0.2,0,2.835098,-2.611178,0.999999
6583,213.9354,0.1544,2,0.2,0,2.835609,-2.617249,0.999999
6584,213.9684,0.1624,2,0.2,0,2.836107,-2.62332,0.999999
6585,214.0029,0.1627,2,0.2,0,2.836591,-2.629388,1.0
6586,214.0325,0.1705,2,0.2,0,2.837063,-2.635453,1.0
6587,214.0605,0.1312,2,0.2,0,2.837522,-2.641521,1.0
6588,214.0939,0.1386,2,0.2,0,2.837969,-2.647592,1.0
6589,214.1253,0.1469,2,0.2,0,2.838403,-2.653666,1.0
6590,214.1565,0.1552,2,0.2,0,2.838824,-2.659742,1.0
6591,214.1907,0.1477,2,0.2,0,2.839232,-2.665813,1.0
6592,214.2245,0.1394,2,0.2,0,2.839627,-2.671874,1.0
6593,214.2581,0.1389,2,0.2,0,2.840008,-2.677918,1.0
6594,214.2908,0.1239,2,0.2,0,2.840376,-2.683947,1.0
6595,214.3232,0.1317,2,0.2,0,2.84073,-2.689963,1.0
6596,214.3549,0.14,2,0.2,0,2.841072,-2.695976,1.0
6597,214.3834,0.14,2,0.2,0,2.841401,-2.701993,1.0
6598,214.4141,0.1161,2,0.2,0,2.841718,-2.708019,1.0
6599,214.449,0.1242,2,0.2,0,2.842023,-2.714056,1.0
6600,214.4805,0.1556,2,0.2,0,2.842317,-2.720108,1.0
6601,214.5165,0.1487,2,0.2,0,2.842598,-2.726176,1.0
6602,214.5515,0.1801,2,0.2,0,2.842869,-2.732262,1.0
6603,214.5826,0.1397,2,0.2,0,2.843126,-2.73836,1.0
6604,214.6146,0.1561,2,0.2,0,2.843372,-2.744465,1.0
6605,214.6473,0.1006,2,0.2,0,2.843605,-2.750568,1.0
6606,214.6776,0.1008,2,0.2,0,2.843824,-2.756662,1.0
6607,214.7056,0.0692,2,0.2,0,2.84403,-2.762743,1.0
6608,214.7373,0.0778,2,0.2,0,2.844222,-2.768813,1.0
6609,214.7715,0.053,2,0.2,0,2.844401,-2.774875,1.0
6610,214.8032,0.0298,2,0.2,0,2.844566,-2.780929,1.0
6611,214.8358,0.0613,2,0.2,0,2.844718,-2.786978,1.0
6612,214.8704,0.0764,2,0.2,0,2.844857,-2.793025,1.0
6613,214.9033,0.0769,2,0.2,0,2.844983,-2.799078,1.0
6614,214.9349,0.0925,2,0.2,0,2.845095,-2.805141,1.0
6615,214.9648,0.1081,2,0.2,0,2.845194,-2.811223,1.0
6616,214.9982,0.1241,2,0.2,0,2.845279,-2.817327,1.0
6617,215.03,0.1246,2,0.2,0,2.845351,-2.823459,1.0
6618,215.0625,0.1327,2,0.2,0,2.845409,-2.829614,1.0
6619,215.0974,0.1404,2,0.2,0,2.845453,-2.83578,1.0
6620,215.1302,0.1246,2,0.2,0,2.845482,-2.841941,0.999999
6621,215.1611,0.1248,2,0.2,0,2.845497,-2.848084,0.999999
6622,215.1951,0.1173,2,0.2,0,2.845498,-2.854197,0.999999
6623,215.223,0.1397,2,0.2,0,2.845484,-2.86027,0.999999
6624,215.2543,0.1477,2,0.2,0,2.845458,-2.866299,0.999999
6625,215.2861,0.1244,2,0.2,0,2.845418,-2.872286,0.999998
6626,215.318,0.1086,2,0.2,0,2.845366,-2.878239,0.999998
6627,215.3493,0.093,2,0.2,0,2.845302,-2.884171,0.999998
6628,215.3827,0.1017,2,0.2,0,2.845225,-2.890092,0.999997
6629,215.4174,0.0856,2,0.2,0,2.845137,-2.896016,0.999997
6630,215.4532,0.0621,2,0.2,0,2.845037,-2.90195,0.999997
6631,215.486,0.0546,2,0.2,0,2.844926,-2.907902,0.999997
6632,215.5193,0.0546,2,0.2,0,2.844802,-2.913876,0.999996
6633,215.5512,0.047,2,0.2,0,2.844667,-2.919878,0.999996
6634,215.5821,0.0776,2,0.2,0,2.84452,-2.925913,0.999996
6635,215.6158,0.0779,2,0.2,0,2.84436,-2.931979,0.999995
6636,215.6467,0.0699,2,0.2,0,2.844187,-2.938074,0.999995
6637,215.6788,0.0863,2,0.2,0,2.844001,-2.944196,0.999995
6638,215.7128,0.0788,2,0.2,0,2.843801,-2.950338,0.999995
6639,215.7494,0.0933,2,0.2,0,2.843587,-2.956493,0.999994
6640,215.7825,0.1165,2,0.2,0,2.843359,-2.96265,0.999994
6641,215.8141,0.139,2,0.2,0,2.843117,-2.968805,0.999994
6642,215.8465,0.108,2,0.2,0,2.84286,-2.97495,0.999994
6643,215.8769,0.1085,2,0.2,0,2.842589,-2.981077,0.999994
6644,215.9102,0.0856,2,0.2,0,2.842304,-2.987179,0.999994
6645,215.9422,0.078,2,0.2,0,2.842006,-2.993256,0.999994
6646,215.9728,0.0936,2,0.2,0,2.841695,-2.999313,0.999994
6647,216.006,0.094,2,0.2,0,2.841371,-3.005353,0.999993
6648,216.0412,0.1092,2,0.2,0,2.841034,-3.011379,0.999993
6649,216.077,0.1015,2,0.2,0,2.840685,-3.017396,0.999993
6650,216.1101,0.0938,2,0.2,0,2.840323,-3.023414,0.999993
6651,216.143,0.1089,2,0.2,0,2.839948,-3.029438,0.999994
6652,216.1749,0.1319,2,0.2,0,2.839561,-3.035474,0.999994
6653,216.206,0.1011,2,0.2,0,2.839159,-3.041522,0.999994
6654,216.2382,0.1015,2,0.2,0,2.838745,-3.04758,0.999994
6655,216.2695,0.1171,2,0.2,0,2.838318,-3.053649,0.999994
6656,216.3021,0.1095,2,0.2,0,2.837877,-3.059723,0.999994
6657,216.3328,0.1326,2,0.2,0,2.837424,-3.065796,0.999994
6658,216.3667,0.1409,2,0.2,0,2.836958,-3.07186,0.999995
6659,216.4014,0.1179,2,0.2,0,2.83648,-3.077909,0.999995
6660,216.4336,0.1181,2,0.2,0,2.83599,-3.083941,0.999995
6661,216.4681,0.1103,2,0.2,0,2.835489,-3.089953,0.999995
6662,216.4985,0.1031,2,0.2,0,2.834975,-3.095947,0.999995
6663,216.5282,0.1179,2,0.2,0,2.83445,-3.101925,0.999996
6664,216.5618,0.1249,2,0.2,0,2.833912,-3.107892,0.999996
6665,216.5947,0.1323,2,0.2,0,2.833362,-3.113856,0.999996
6666,216.6271,0.1167,2,0.2,0,2.832799,-3.119823,0.999996
6667,216.661,0.1093,2,0.2,0,2.832222,-3.1258,0.999997
6668,216.6926,0.1086,2,0.2,0,2.831631,-3.13179,0.999997
6669,216.7247,0.0934,2,0.2,0,2.831026,-3.137794,0.999997
6670,216.7583,0.1091,2,0.2,0,2.830407,-3.14381,0.999998
6671,216.7892,0.0936,2,0.2,0,2.829775,-3.149837,0.999998
6672,216.8231,0.078,2,0.2,0,2.829129,-3.155876,0.999998
6673,216.8583,0.0705,2,0.2,0,2.82847,-3.161922,0.999998
6674,216.8906,0.0703,2,0.2,0,2.827796,-3.167975,0.999999
6675,216.9214,0.0702,2,0.2,0,2.82711,-3.174026,0.999999
6676,216.9512,0.0699,2,0.2,0,2.826411,-3.180072,0.999999
6677,216.9792,0.07,2,0.2,0,2.825699,-3.18611,1.0
6678,217.0139,0.0703,2,0.2,0,2.824975,-3.192136,1.0
6679,217.0443,0.07,2,0.2,0,2.824239,-3.19815,1.0
6680,217.0764,0.0698,2,0.2,0,2.823491,-3.204153,1.0
6681,217.11,0.0922,2,0.2,0,2.82273,-3.210151,1.000001
6682,217.1422,0.077,2,0.2,0,2.821956,-3.216151,1.000001
6683,217.1772,0.0697,2,0.2,0,2.821167,-3.22216,1.000001
6684,217.2117,0.0695,2,0.2,0,2.820363,-3.228184,1.000001
6685,217.2476,0.085,2,0.2,0,2.819545,-3.234221,1.000002
6686,217.2783,0.0852,2,0.2,0,2.818712,-3.240266,1.000002
6687,217.3097,0.1006,2,0.2,0,2.817865,-3.246312,1.000002
6688,217.3401,0.0778,2,0.2,0,2.817007,-3.252349,1.000002
6689,217.3709,0.1013,2,0.2,0,2.816136,-3.258378,1.000003
6690,217.4065,0.0937,2,0.2,0,2.815253,-3.264401,1.000003
6691,217.4385,0.0936,2,0.2,0,2.814358,-3.270422,1.000003
6692,217.4696,0.0935,2,0.2,0,2.813449,-3.276439,1.000003
6693,217.5026,0.1246,2,0.2,0,2.812528,-3.282453,1.000003
6694,217.5359,0.1001,2,0.2,0,2.811594,-3.288465,1.000004
6695,217.5718,0.0994,2,0.2,0,2.810645,-3.294479,1.000004
6696,217.6066,0.0688,2,0.2,0,2.809683,-3.3005,1.000004
6697,217.6366,0.0768,2,0.2,0,2.808707,-3.306526,1.000004
6698,217.6683,0.0851,2,0.2,0,2.807718,-3.312548,1.000004
6699,217.6999,0.0695,2,0.2,0,2.806717,-3.318562,1.000004
6700,217.7302,0.0697,2,0.2,0,2.805705,-3.324569,1.000004
6701,217.7631,0.1003,2,0.2,0,2.80468,-3.330573,1.000005
6702,217.7989,0.0849,2,0.2,0,2.803644,-3.336572,1.000005
6703,217.8308,0.0767,2,0.2,0,2.802596,-3.342563,1.000005
6704,217.8675,0.0692,2,0.2,0,2.801536,-3.34855,1.000005
6705,217.9023,0.0921,2,0.2,0,2.800463,-3.354535,1.000005
6706,217.934,0.0531,2,0.2,0,2.799376,-3.360522,1.000005
6707,217.9645,0.0451,2,0.2,0,2.798278,-3.366506,1.000005
6708,217.9972,0.0605,2,0.2,0,2.797167,-3.372487,1.000005
6709,218.0272,0.0448,2,0.2,0,2.796043,-3.378465,1.000005
6710,218.0572,0.0836,2,0.2,0,2.794907,-3.384441,1.000005
6711,218.0944,0.0449,2,0.2,0,2.793759,-3.390413,1.000005
6712,218.1278,0.0681,2,0.2,0,2.792598,-3.396383,1.000005
6713,218.1628,0.0681,2,0.2,0,2.791425,-3.402353,1.000005
6714,218.195,0.0602,2,0.2,0,2.790238,-3.408325,1.000005
6715,218.2271,0.0613,2,0.2,0,2.789038,-3.414304,1.000005
6716,218.2592,0.0846,2,0.2,0,2.787824,-3.420282,1.000005
6717,218.2891,0.0762,2,0.2,0,2.786599,-3.426252,1.000005
6718,218.3202,0.0843,2,0.2,0,2.785362,-3.432215,1.000005
6719,218.3525,0.0767,2,0.2,0,2.784114,-3.438171,1.000005
6720,218.3862,0.1005,2,0.2,0,2.782853,-3.444122,1.000005
6721,218.4206,0.077,2,0.2,0,2.78158,-3.450069,1.000005
6722,218.4547,0.0773,2,0.2,0,2.780295,-3.456013,1.000005
6723,218.4864,0.0767,2,0.2,0,2.778996,-3.461955,1.000005
6724,218.5187,0.0685,2,0.2,0,2.777684,-3.467896,1.000005
6725,218.5511,0.1075,2,0.2,0,2.776359,-3.473839,1.000005
6726,218.5808,0.0771,2,0.2,0,2.77502,-3.47978,1.000004
6727,218.6129,0.0842,2,0.2,0,2.773669,-3.485716,1.000004
6728,218.6442,0.084,2,0.2,0,2.772305,-3.49165,1.000004
6729,218.678,0.0536,2,0.2,0,2.770927,-3.497585,1.000004
6730,218.7149,0.0366,2,0.2,0,2.769537,-3.503517,1.000004
6731,218.7463,0.0678,2,0.2,0,2.768134,-3.509444,1.000004
6732,218.7783,0.0439,2,0.2,0,2.766717,-3.515373,1.000004
6733,218.81,0.084,2,0.2,0,2.765288,-3.521301,1.000004
6734,218.8436,0.0765,2,0.2,0,2.763845,-3.527227,1.000003
6735,218.8717,0.0841,2,0.2,0,2.762391,-3.533144,1.000003
6736,218.9066,0.0467,2,0.2,0,2.760926,-3.539053,1.000003
6737,218.9357,0.0932,2,0.2,0,2.759449,-3.544955,1.000003
6738,218.9687,0.0855,2,0.2,0,2.757959,-3.550856,1.000003
6739,219.0068,0.1086,2,0.2,0,2.756457,-3.556751,1.000003
6740,219.0418,0.1161,2,0.2,0,2.754942,-3.562643,1.000003
6741,219.0762,0.1088,2,0.2,0,2.753415,-3.568534,1.000003
6742,219.1103,0.1168,2,0.2,0,2.751873,-3.574423,1.000003
6743,219.1425,0.0776,2,0.2,0,2.75032,-3.580305,1.000002
6744,219.1717,0.0849,2,0.2,0,2.748754,-3.586188,1.000002
6745,219.2027,0.0766,2,0.2,0,2.747173,-3.592073,1.000002
6746,219.232,0.1075,2,0.2,0,2.745578,-3.597962,1.000002
6747,219.2641,0.0602,2,0.2,0,2.743969,-3.60385,1.000002
6748,219.298,0.0834,2,0.2,0,2.742347,-3.609737,1.000002
6749,219.3305,0.0611,2,0.2,0,2.740715,-3.615613,1.000002
6750,219.365,0.0531,2,0.2,0,2.739073,-3.621473,1.000002
6751,219.3991,0.0608,2,0.2,0,2.737422,-3.627318,1.000002
6752,219.4302,0.0683,2,0.2,0,2.735759,-3.63316,1.000001
6753,219.4622,0.0761,2,0.2,0,2.734083,-3.639,1.000001
6754,219.4944,0.0996,2,0.2,0,2.732393,-3.64484,1.000001
6755,219.5232,0.0538,2,0.2,0,2.730689,-3.650686,1.000001
6756,219.5546,0.1085,2,0.2,0,2.728969,-3.656535,1.000001
6757,219.5852,0.0929,2,0.2,0,2.727237,-3.662381,1.000001
6758,219.6168,0.1326,2,0.2,0,2.725493,-3.668221,1.000001
6759,219.649,0.1166,2,0.2,0,2.723737,-3.674056,1.000001
6760,219.684,0.1242,2,0.2,0,2.721968,-3.679889,1.000001
6761,219.7187,0.0933,2,0.2,0,2.720184,-3.685727,1.000001
6762,219.7514,0.0772,2,0.2,0,2.718387,-3.691561,1.000001
6763,219.7833,0.0838,2,0.2,0,2.716579,-3.697385,1.000001
6764,219.8156,0.0608,2,0.2,0,2.714761,-3.703197,1.000001
6765,219.8465,0.0596,2,0.2,0,2.712934,-3.708992,1.000001
6766,219.8789,0.0525,2,0.2,0,2.711099,-3.714772,1.0
6767,219.9103,0.0755,2,0.2,0,2.709252,-3.720543,1.0
6768,219.9408,0.0765,2,0.2,0,2.70739,-3.726319,1.0
6769,219.9751,0.1,2,0.2,0,2.705512,-3.732104,1.0
6770,220.0111,0.1003,2,0.2,0,2.703618,-3.737895,1.0
6771,220.0471,0.0846,2,0.2,0,2.701711,-3.743685,1.0
6772,220.0795,0.1162,2,0.2,0,2.699791,-3.749473,1.0
6773,220.1116,0.0938,2,0.2,0,2.697857,-3.755261,1.0
6774,220.1428,0.1088,2,0.2,0,2.69591,-3.761047,1.0
6775,220.1735,0.0932,2,0.2,0,2.693951,-3.76683,1.0
6776,220.2077,0.0846,2,0.2,0,2.69198,-3.772605,1.0
6777,220.239,0.0846,2,0.2,0,2.689996,-3.778378,1.0
6778,220.2698,0.0612,2,0.2,0,2.688002,-3.784139,1.0
6779,220.3012,0.0834,2,0.2,0,2.686,-3.789882,1.0
6780,220.3349,0.0681,2,0.2,0,2.68399,-3.795609,1.0
6781,220.3708,0.0837,2,0.2,0,2.681967,-3.80133,1.0
6782,220.4026,0.0926,2,0.2,0,2.679929,-3.807058,1.0
6783,220.4344,0.0922,2,0.2,0,2.677874,-3.812791,1.0
6784,220.4662,0.0855,2,0.2,0,2.675805,-3.818526,1.0
6785,220.4985,0.0923,2,0.2,0,2.673723,-3.824257,1.0
6786,220.5309,0.108,2,0.2,0,2.671628,-3.829988,1.0
6787,220.5636,0.1084,2,0.2,0,2.669518,-3.835717,1.0
6788,220.5979,0.0853,2,0.2,0,2.667397,-3.841443,1.0
6789,220.6292,0.0697,2,0.2,0,2.665263,-3.847162,1.0
6790,220.6617,0.108,2,0.2,0,2.663122,-3.852866,1.0
6791,220.6946,0.084,2,0.2,0,2.660973,-3.858553,1.0
6792,220.725,0.068,2,0.2,0,2.658813,-3.864229,1.0
6793,220.7584,0.076,2,0.2,0,2.656641,-3.869903,1.0
6794,220.7919,0.0846,2,0.2,0,2.654452,-3.875581,1.0
6795,220.8216,0.0771,2,0.2,0,2.652248,-3.881266,1.0
6796,220.8545,0.1001,2,0.2,0,2.650029,-3.886949,1.0
6797,220.8881,0.1,2,0.2,0,2.647797,-3.892631,1.0
6798,220.9211,0.1087,2,0.2,0,2.645555,-3.898303,1.0
6799,220.9517,0.0851,2,0.2,0,2.643304,-3.903963,1.0
6800,220.9863,0.0699,2,0.2,0,2.641043,-3.909612,1.0
6801,221.0193,0.0925,2,0.2,0,2.638772,-3.915252,1.0
6802,221.0519,0.0919,2,0.2,0,2.636489,-3.920885,1.0
6803,221.0811,0.0522,2,0.2,0,2.634192,-3.926517,1.0
6804,221.1156,0.1006,2,0.2,0,2.631883,-3.932146,1.0
6805,221.1467,0.0765,2,0.2,0,2.629564,-3.937765,1.0
6806,221.1788,0.0686,2,0.2,0,2.627231,-3.943382,1.0
6807,221.2132,0.0768,2,0.2,0,2.624886,-3.948995,1.0
6808,221.2462,0.0925,2,0.2,0,2.622529,-3.954605,1.0
6809,221.2798,0.1012,2,0.2,0,2.620159,-3.960209,1.0
6810,221.315,0.0773,2,0.2,0,2.617778,-3.965808,1.0
6811,221.346,0.1084,2,0.2,0,2.615385,-3.9714,1.0
6812,221.3772,0.0846,2,0.2,0,2.612981,-3.976987,1.0
6813,221.4067,0.0759,2,0.2,0,2.610562,-3.982575,1.0
6814,221.4376,0.0846,2,0.2,0,2.608128,-3.988164,1.0
6815,221.469,0.0771,2,0.2,0,2.605684,-3.993743,1.0
6816,221.5023,0.0923,2,0.2,0,2.60323,-3.999313,1.0
6817,221.5333,0.0923,2,0.2,0,2.600764,-4.004877,1.000001
6818,221.5668,0.1,2,0.2,0,2.598284,-4.010441,1.000001
6819,221.6037,0.1004,2,0.2,0,2.595788,-4.016007,1.000001
6820,221.6349,0.1008,2,0.2,0,2.593278,-4.021574,1.000001
6821,221.6657,0.1242,2,0.2,0,2.590757,-4.027132,1.000001
6822,221.6999,0.0845,2,0.2,0,2.588225,-4.032683,1.000001
6823,221.7287,0.0687,2,0.2,0,2.585685,-4.038222,1.000001
6824,221.7589,0.0848,2,0.2,0,2.583136,-4.043746,1.000001
6825,221.7914,0.0844,2,0.2,0,2.580576,-4.049263,1.000001
6826,221.8225,0.1009,2,0.2,0,2.578004,-4.054776,1.000001
6827,221.8542,0.084,2,0.2,0,2.57542,-4.060282,1.000001
6828,221.8864,0.1165,2,0.2,0,2.572823,-4.065788,1.000001
6829,221.9214,0.0848,2,0.2,0,2.570214,-4.071287,1.000001
6830,221.9557,0.1076,2,0.2,0,2.567591,-4.076783,1.000001
6831,221.9877,0.0925,2,0.2,0,2.564957,-4.082274,1.000001
6832,222.0192,0.0999,2,0.2,0,2.562316,-4.08775,1.000001
6833,222.0509,0.0688,2,0.2,0,2.559665,-4.093217,1.000001
6834,222.0796,0.1234,2,0.2,0,2.557,-4.098681,1.000001
6835,222.1158,0.0931,2,0.2,0,2.554322,-4.104143,1.000001
6836,222.1476,0.1246,2,0.2,0,2.55163,-4.109604,1.000002
6837,222.1799,0.1,2,0.2,0,2.548928,-4.115056,1.000002
6838,222.2133,0.1009,2,0.2,0,2.546215,-4.120499,1.000002
6839,222.2444,0.0923,2,0.2,0,2.54349,-4.125938,1.000002
6840,222.2784,0.0842,2,0.2,0,2.540755,-4.131368,1.000002
6841,222.3115,0.0926,2,0.2,0,2.538009,-4.136791,1.000002
6842,222.3427,0.1321,2,0.2,0,2.535254,-4.142203,1.000002
6843,222.3751,0.0765,2,0.2,0,2.532485,-4.147614,1.000002
6844,222.4071,0.1084,2,0.2,0,2.529701,-4.153026,1.000002
6845,222.4428,0.116,2,0.2,0,2.526902,-4.158439,1.000002
6846,222.4742,0.0771,2,0.2,0,2.524091,-4.163846,1.000002
6847,222.5049,0.0762,2,0.2,0,2.521273,-4.169238,1.000002
6848,222.5365,0.0923,2,0.2,0,2.518445,-4.174621,1.000002
6849,222.5677,0.061,2,0.2,0,2.515605,-4.179997,1.000002
6850,222.6021,0.1001,2,0.2,0,2.512753,-4.185369,1.000002
6851,222.6346,0.0928,2,0.2,0,2.509889,-4.190736,1.000002
6852,222.6678,0.0845,2,0.2,0,2.507009,-4.196105,1.000002
6853,222.6988,0.0695,2,0.2,0,2.504115,-4.201472,1.000002
6854,222.7304,0.1163,2,0.2,0,2.501212,-4.206829,1.000002
6855,222.7615,0.077,2,0.2,0,2.498301,-4.212173,1.000002
6856,222.7953,0.1085,2,0.2,0,2.495382,-4.217504,1.000002
6857,222.8289,0.1,2,0.2,0,2.49245,-4.222831,1.000002
6858,222.8627,0.1231,2,0.2,0,2.489504,-4.228157,1.000002
6859,222.8981,0.108,2,0.2,0,2.486544,-4.233481,1.000002
6860,222.9329,0.1159,2,0.2,0,2.483573,-4.238797,1.000002
6861,222.9646,0.085,2,0.2,0,2.480593,-4.244104,1.000002
6862,222.9996,0.1001,2,0.2,0,2.477601,-4.249405,1.000002
6863,223.03,0.0698,2,0.2,0,2.474596,-4.254703,1.000002
6864,223.0637,0.1239,2,0.2,0,2.471582,-4.259989,1.000002
6865,223.0953,0.108,2,0.2,0,2.46856,-4.265264,1.000002
6866,223.124,0.077,2,0.2,0,2.465521,-4.270542,1.000002
6867,223.1569,0.1239,2,0.2,0,2.462468,-4.275818,1.000002
6868,223.1887,0.0842,2,0.2,0,2.459405,-4.281085,1.000002
6869,223.2218,0.1157,2,0.2,0,2.456334,-4.286339,1.000002
6870,223.2587,0.0845,2,0.2,0,2.453254,-4.291584,1.000002
6871,223.2909,0.0835,2,0.2,0,2.450161,-4.296825,1.000002
6872,223.322,0.0768,2,0.2,0,2.447052,-4.302068,1.000002
6873,223.3544,0.1079,2,0.2,0,2.443927,-4.30731,1.000002
6874,223.384,0.0847,2,0.2,0,2.44079,-4.312548,1.000001
6875,223.4166,0.1086,2,0.2,0,2.437644,-4.317775,1.000001
6876,223.4501,0.093,2,0.2,0,2.434491,-4.32299,1.000001
6877,223.4812,0.0759,2,0.2,0,2.43133,-4.32819,1.000001
6878,223.5154,0.1154,2,0.2,0,2.428158,-4.333385,1.000001
6879,223.5506,0.1008,2,0.2,0,2.424971,-4.338578,1.000001
6880,223.5826,0.1003,2,0.2,0,2.421772,-4.343766,1.000001
6881,223.6152,0.1086,2,0.2,0,2.418565,-4.348943,1.000001
6882,223.6473,0.1078,2,0.2,0,2.41535,-4.354107,1.000001
6883,223.6766,0.0923,2,0.2,0,2.412127,-4.35926,1.000001
6884,223.7072,0.116,2,0.2,0,2.408889,-4.364412,1.000001
6885,223.739,0.1,2,0.2,0,2.405639,-4.369559,1.000001
6886,223.7691,0.0997,2,0.2,0,2.402378,-4.3747,1.000001
6887,223.8001,0.1011,2,0.2,0,2.399107,-4.379831,1.0
6888,223.8345,0.0924,2,0.2,0,2.395826,-4.384953,1.0
6889,223.8707,0.084,2,0.2,0,2.392535,-4.390068,1.0
6890,223.9073,0.1087,2,0.2,0,2.38923,-4.39518,1.0
6891,223.9397,0.1003,2,0.2,0,2.385914,-4.400285,1.0
6892,223.9698,0.1155,2,0.2,0,2.382584,-4.405388,1.0
6893,224.0035,0.1237,2,0.2,0,2.379244,-4.410483,1.0
6894,224.0324,0.1005,2,0.2,0,2.375894,-4.415568,1.0
6895,224.064,0.0925,2,0.2,0,2.372535,-4.420645,1.0
6896,224.0965,0.0927,2,0.2,0,2.369164,-4.425715,1.0
6897,224.1289,0.1008,2,0.2,0,2.36578,-4.430781,1.0
6898,224.1636,0.0838,2,0.2,0,2.362385,-4.435841,1.0
6899,224.199,0.1087,2,0.2,0,2.358979,-4.440895,1.0
6900,224.2304,0.092,2,0.2,0,2.355565,-4.445936,1.0
6901,224.2621,0.0689,2,0.2,0,2.352144,-4.450964,1.0
6902,224.2946,0.1162,2,0.2,0,2.348711,-4.455988,1.0
6903,224.3243,0.0846,2,0.2,0,2.345264,-4.461009,1.0
6904,224.3553,0.1235,2,0.2,0,2.341804,-4.466024,1.0
6905,224.3862,0.1003,2,0.2,0,2.338335,-4.47103,1.0
6906,224.4179,0.0922,2,0.2,0,2.334858,-4.476026,1.0
6907,224.449,0.1009,2,0.2,0,2.331374,-4.481009,1.0
6908,224.4822,0.0925,2,0.2,0,2.327879,-4.485984,1.0
6909,224.5165,0.1073,2,0.2,0,2.324367,-4.490961,1.0
6910,224.5549,0.1084,2,0.2,0,2.32084,-4.495936,1.0
6911,224.5864,0.1001,2,0.2,0,2.317305,-4.500902,1.0
6912,224.6193,0.1157,2,0.2,0,2.313764,-4.505852,1.0
6913,224.6521,0.0921,2,0.2,0,2.310209,-4.510799,1.0
6914,224.6814,0.1161,2,0.2,0,2.306645,-4.515738,1.0
6915,224.7157,0.0919,2,0.2,0,2.303065,-4.520676,1.0
6916,224.7456,0.1395,2,0.2,0,2.299476,-4.525605,1.0
6917,224.7768,0.1165,2,0.2,0,2.295877,-4.530526,1.0
6918,224.8108,0.1165,2,0.2,0,2.29227,-4.535434,1.0
6919,224.8471,0.0993,2,0.2,0,2.288653,-4.540335,1.000001
6920,224.8784,0.0842,2,0.2,0,2.28502,-4.545235,1.000001
6921,224.91,0.0848,2,0.2,0,2.281374,-4.55013,1.000001
6922,224.9423,0.1079,2,0.2,0,2.277725,-4.555008,1.000001
6923,224.9722,0.1158,2,0.2,0,2.274069,-4.559873,1.000001
6924,225.0047,0.0925,2,0.2,0,2.270403,-4.564729,1.000001
6925,225.0385,0.1081,2,0.2,0,2.266724,-4.569581,1.000001
6926,225.0701,0.0997,2,0.2,0,2.263034,-4.574424,1.000001
6927,225.1042,0.1161,2,0.2,0,2.259334,-4.57926,1.000002
6928,225.1371,0.0927,2,0.2,0,2.255626,-4.584085,1.000002
6929,225.1696,0.1086,2,0.2,0,2.251907,-4.588904,1.000002
6930,225.2011,0.1076,2,0.2,0,2.248178,-4.593713,1.000002
6931,225.2317,0.1084,2,0.2,0,2.244436,-4.598519,1.000002
6932,225.263,0.1085,2,0.2,0,2.240685,-4.603315,1.000002
6933,225.2982,0.1239,2,0.2,0,2.236926,-4.6081,1.000002
6934,225.3299,0.1004,2,0.2,0,2.233161,-4.612873,1.000002
6935,225.361,0.0922,2,0.2,0,2.229383,-4.61764,1.000002
6936,225.3929,0.108,2,0.2,0,2.225594,-4.622402,1.000002
6937,225.4255,0.131,2,0.2,0,2.221794,-4.627156,1.000002
6938,225.4566,0.1003,2,0.2,0,2.217988,-4.631897,1.000002
6939,225.4895,0.1155,2,0.2,0,2.214178,-4.636623,1.000002
6940,225.5239,0.1076,2,0.2,0,2.210355,-4.641344,1.000002
6941,225.5583,0.1392,2,0.2,0,2.206521,-4.646058,1.000002
6942,225.5948,0.0847,2,0.2,0,2.202675,-4.650766,1.000002
6943,225.6263,0.1318,2,0.2,0,2.198818,-4.655468,1.000002
6944,225.6588,0.1235,2,0.2,0,2.194949,-4.660164,1.000002
6945,225.6903,0.0841,2,0.2,0,2.19107,-4.66485,1.000002
6946,225.7197,0.123,2,0.2,0,2.18718,-4.669532,1.000002
6947,225.75,0.1003,2,0.2,0,2.183276,-4.674208,1.000002
6948,225.7809,0.1394,2,0.2,0,2.179367,-4.67887,1.000002
6949,225.8135,0.1083,2,0.2,0,2.175452,-4.68352,1.000002
6950,225.85,0.139,2,0.2,0,2.171521,-4.688168,1.000002
6951,225.8816,0.0921,2,0.2,0,2.167574,-4.692816,1.000002
6952,225.913,0.1241,2,0.2,0,2.163618,-4.697453,1.000002
6953,225.9472,0.0927,2,0.2,0,2.159657,-4.702077,1.000002
6954,225.9773,0.1316,2,0.2,0,2.155687,-4.706692,1.000001
6955,226.0105,0.1005,2,0.2,0,2.151707,-4.711298,1.000001
6956,226.0416,0.0844,2,0.2,0,2.147717,-4.715897,1.000001
6957,226.0726,0.1317,2,0.2,0,2.143725,-4.720478,1.000001
6958,226.1049,0.1247,2,0.2,0,2.139729,-4.725043,1.000001
6959,226.1414,0.1557,2,0.2,0,2.13572,-4.729605,1.000001
6960,226.1763,0.1007,2,0.2,0,2.131701,-4.734158,1.000001
6961,226.2103,0.1235,2,0.2,0,2.127673,-4.738702,1.000001
6962,226.242,0.1007,2,0.2,0,2.123636,-4.743237,1.000001
6963,226.2755,0.1392,2,0.2,0,2.119589,-4.747765,1.000001
6964,226.3066,0.1235,2,0.2,0,2.115532,-4.752284,1.000001
6965,226.336,0.1239,2,0.2,0,2.111463,-4.756798,1.000001
6966,226.3672,0.0848,2,0.2,0,2.107384,-4.761303,1.000001
6967,226.4002,0.1009,2,0.2,0,2.103299,-4.765797,1.000001
6968,226.4316,0.1476,2,0.2,0,2.099202,-4.770286,1.000001
6969,226.466,0.1167,2,0.2,0,2.095094,-4.774767,1.000001
6970,226.5029,0.1235,2,0.2,0,2.090973,-4.779243,1.000001
6971,226.5341,0.0924,2,0.2,0,2.086847,-4.783706,1.0
6972,226.5667,0.1241,2,0.2,0,2.082711,-4.788159,1.0
6973,226.5984,0.0931,2,0.2,0,2.078565,-4.792607,1.0
6974,226.6272,0.1083,2,0.2,0,2.074403,-4.79705,1.0
6975,226.6631,0.0845,2,0.2,0,2.070233,-4.801484,1.0
6976,226.6938,0.1168,2,0.2,0,2.066054,-4.805908,1.0
6977,226.726,0.0849,2,0.2,0,2.061859,-4.810329,1.0
6978,226.7612,0.1239,2,0.2,0,2.057646,-4.814751,1.0
6979,226.7941,0.1158,2,0.2,0,2.053418,-4.81917,1.0
6980,226.8266,0.1311,2,0.2,0,2.049182,-4.823577,1.0
6981,226.8567,0.1161,2,0.2,0,2.044935,-4.827976,1.0
6982,226.8902,0.1081,2,0.2,0,2.040678,-4.832367,1.0
6983,226.9218,0.1229,2,0.2,0,2.036416,-4.836745,1.0
6984,226.954,0.1245,2,0.2,0,2.032151,-4.841106,1.0
6985,226.9892,0.1159,2,0.2,0,2.027883,-4.845453,1.0
6986,227.0216,0.1077,2,0.2,0,2.023609,-4.849786,1.0
6987,227.0536,0.1467,2,0.2,0,2.019331,-4.854106,1.0
6988,227.0852,0.1314,2,0.2,0,2.015049,-4.85841,0.999999
6989,227.1137,0.14,2,0.2,0,2.010761,-4.862704,0.999999
6990,227.1447,0.132,2,0.2,0,2.006461,-4.866991,0.999999
6991,227.1775,0.1087,2,0.2,0,2.002151,-4.87127,0.999999
6992,227.2098,0.1004,2,0.2,0,1.997834,-4.875539,0.999999
6993,227.2461,0.1006,2,0.2,0,1.993507,-4.879798,0.999999
6994,227.2777,0.1394,2,0.2,0,1.989167,-4.884054,0.999999
6995,227.3105,0.1162,2,0.2,0,1.984814,-4.888303,0.999999
6996,227.3421,0.1077,2,0.2,0,1.980452,-4.892543,0.999999
6997,227.3698,0.0927,2,0.2,0,1.976082,-4.896772,0.999999
6998,227.4007,0.1473,2,0.2,0,1.971703,-4.900993,0.999999
6999,227.4323,0.0772,2,0.2,0,1.967314,-4.905205,0.999999
7000,227.4667,0.1075,2,0.2,0,1.962914,-4.909409,0.999998
7001,227.502,0.1003,2,0.2,0,1.958507,-4.913602,0.999998
7002,227.5337,0.1235,2,0.2,0,1.954088,-4.917789,0.999998
7003,227.5661,0.0998,2,0.2,0,1.949654,-4.92197,0.999998
7004,227.5979,0.1005,2,0.2,0,1.945207,-4.926147,0.999998
7005,227.628,0.1313,2,0.2,0,1.940748,-4.930317,0.999998
7006,227.6609,0.1006,2,0.2,0,1.93628,-4.934478,0.999998
7007,227.6932,0.1316,2,0.2,0,1.9318,-4.938632,0.999998
7008,227.726,0.0934,2,0.2,0,1.927311,-4.942777,0.999998
7009,227.7699,0.1163,2,0.2,0,1.922819,-4.946907,0.999998
7010,227.8013,0.093,2,0.2,0,1.918326,-4.95102,0.999998
7011,227.8346,0.1003,2,0.2,0,1.913828,-4.955122,0.999998
7012,227.8671,0.0771,2,0.2,0,1.909321,-4.959212,0.999998
7013,227.8975,0.1,2,0.2,0,1.904809,-4.96329,0.999998
7014,227.9308,0.1164,2,0.2,0,1.900291,-4.967356,0.999997
7015,227.9622,0.0998,2,0.2,0,1.895762,-4.971414,0.999997
7016,227.9933,0.1233,2,0.2,0,1.89122,-4.975466,0.999997
7017,228.0277,0.0846,2,0.2,0,1.886666,-4.979511,0.999997
7018,228.0606,0.1236,2,0.2,0,1.882105,-4.983544,0.999997
7019,228.0944,0.0848,2,0.2,0,1.877541,-4.987563,0.999997
7020,228.1252,0.1073,2,0.2,0,1.872972,-4.991569,0.999997
7021,228.1592,0.0926,2,0.2,0,1.868398,-4.995561,0.999997
7022,228.1907,0.1237,2,0.2,0,1.863819,-4.999541,0.999997
7023,228.2227,0.0927,2,0.2,0,1.859233,-5.00351,0.999997
7024,228.254,0.1236,2,0.2,0,1.854639,-5.007469,0.999997
7025,228.2852,0.1,2,0.2,0,1.850032,-5.011422,0.999997
7026,228.3192,0.1075,2,0.2,0,1.845415,-5.015367,0.999997
7027,228.3528,0.1312,2,0.2,0,1.840785,-5.019305,0.999997
7028,228.3845,0.0928,2,0.2,0,1.836145,-5.023236,0.999997
7029,228.4175,0.131,2,0.2,0,1.831497,-5.027156,0.999997
7030,228.4506,0.0997,2,0.2,0,1.826836,-5.031071,0.999997
7031,228.4812,0.1164,2,0.2,0,1.822161,-5.03498,0.999998
7032,228.5132,0.1239,2,0.2,0,1.817473,-5.038884,0.999998
7033,228.5456,0.1469,2,0.2,0,1.81278,-5.042775,0.999998
7034,228.578,0.1162,2,0.2,0,1.808074,-5.04666,0.999998
7035,228.6138,0.1318,2,0.2,0,1.803359,-5.050535,0.999998
7036,228.6484,0.1159,2,0.2,0,1.798639,-5.054398,0.999998
7037,228.682,0.0923,2,0.2,0,1.79391,-5.058252,0.999998
7038,228.7141,0.1084,2,0.2,0,1.789172,-5.062095,0.999998
7039,228.7457,0.0847,2,0.2,0,1.784425,-5.06593,0.999998
7040,228.7756,0.1073,2,0.2,0,1.779672,-5.069752,0.999999
7041,228.8097,0.0851,2,0.2,0,1.774912,-5.073564,0.999999
7042,228.8426,0.1395,2,0.2,0,1.770143,-5.077365,0.999999
7043,228.8764,0.0924,2,0.2,0,1.765367,-5.081156,0.999999
7044,228.9106,0.1305,2,0.2,0,1.760584,-5.084936,0.999999
7045,228.9422,0.1007,2,0.2,0,1.755798,-5.088702,0.999999
7046,228.9713,0.1006,2,0.2,0,1.751005,-5.092455,0.999999
7047,229.0007,0.1156,2,0.2,0,1.746209,-5.096196,0.999999
7048,229.0332,0.1,2,0.2,0,1.741398,-5.099931,0.999999
7049,229.0667,0.1316,2,0.2,0,1.736577,-5.103657,0.999999
7050,229.0974,0.0928,2,0.2,0,1.731748,-5.107373,1.0
7051,229.1324,0.1076,2,0.2,0,1.726914,-5.111076,1.0
7052,229.1658,0.1076,2,0.2,0,1.722065,-5.114775,1.0
7053,229.198,0.1008,2,0.2,0,1.717207,-5.118464,1.0
7054,229.2273,0.1003,2,0.2,0,1.712348,-5.122138,1.0
7055,229.2613,0.1162,2,0.2,0,1.707481,-5.125801,1.0
7056,229.2929,0.077,2,0.2,0,1.702609,-5.129452,1.0
7057,229.3249,0.116,2,0.2,0,1.69772,-5.133099,1.000001
7058,229.3562,0.0916,2,0.2,0,1.692827,-5.136733,1.000001
7059,229.3895,0.1317,2,0.2,0,1.687927,-5.140355,1.000001
7060,229.4226,0.116,2,0.2,0,1.683025,-5.143962,1.000002
7061,229.4568,0.1235,2,0.2,0,1.678116,-5.147559,1.000002
7062,229.4897,0.1076,2,0.2,0,1.673188,-5.151154,1.000002
7063,229.5217,0.108,2,0.2,0,1.668247,-5.154742,1.000002
7064,229.5544,0.1164,2,0.2,0,1.663297,-5.15832,1.000003
7065,229.5833,0.0766,2,0.2,0,1.658346,-5.161883,1.000003
7066,229.6144,0.1387,2,0.2,0,1.65339,-5.165434,1.000003
7067,229.648,0.1006,2,0.2,0,1.64842,-5.168979,1.000003
7068,229.6815,0.1081,2,0.2,0,1.643439,-5.172515,1.000003
7069,229.7158,0.132,2,0.2,0,1.638454,-5.176038,1.000003
7070,229.7496,0.0925,2,0.2,0,1.633467,-5.179548,1.000003
7071,229.7815,0.1464,2,0.2,0,1.628473,-5.183045,1.000003
7072,229.8143,0.0859,2,0.2,0,1.62347,-5.186533,1.000003
7073,229.8463,0.1239,2,0.2,0,1.618457,-5.190013,1.000004
7074,229.8759,0.1154,2,0.2,0,1.613437,-5.193481,1.000004
7075,229.9097,0.0933,2,0.2,0,1.608415,-5.196935,1.000004
7076,229.9415,0.1237,2,0.2,0,1.603388,-5.200376,1.000004
7077,229.9726,0.0847,2,0.2,0,1.598352,-5.203807,1.000003
7078,230.0049,0.0927,2,0.2,0,1.593302,-5.207233,1.000003
7079,230.0391,0.108,2,0.2,0,1.588239,-5.210652,1.000003
7080,230.0721,0.1002,2,0.2,0,1.583174,-5.214056,1.000003
7081,230.1059,0.1152,2,0.2,0,1.578108,-5.217445,1.000003
7082,230.139,0.1394,2,0.2,0,1.573035,-5.220823,1.000003
7083,230.1699,0.0926,2,0.2,0,1.567952,-5.224192,1.000003
7084,230.2013,0.1158,2,0.2,0,1.562858,-5.227553,1.000003
7085,230.2314,0.1155,2,0.2,0,1.557754,-5.230905,1.000003
7086,230.2635,0.1241,2,0.2,0,1.552645,-5.234244,1.000003
7087,230.2954,0.1083,2,0.2,0,1.547527,-5.237573,1.000003
7088,230.329,0.1155,2,0.2,0,1.542405,-5.24089,1.000003
7089,230.3626,0.116,2,0.2,0,1.537276,-5.244195,1.000002
7090,230.3987,0.0849,2,0.2,0,1.532137,-5.24749,1.000002
7091,230.4299,0.1236,2,0.2,0,1.52699,-5.250776,1.000002
7092,230.4626,0.1238,2,0.2,0,1.521837,-5.25405,1.000002
7093,230.4943,0.1156,2,0.2,0,1.51668,-5.25731,1.000002
7094,230.5241,0.0997,2,0.2,0,1.511517,-5.26056,1.000002
7095,230.557,0.1088,2,0.2,0,1.506343,-5.2638,1.000001
7096,230.5895,0.0923,2,0.2,0,1.501158,-5.267032,1.000001
7097,230.6211,0.0843,2,0.2,0,1.495957,-5.270258,1.000001
7098,230.6569,0.1084,2,0.2,0,1.490744,-5.273478,1.000001
7099,230.6907,0.1084,2,0.2,0,1.485525,-5.276684,1.000001
7100,230.7222,0.1232,2,0.2,0,1.480307,-5.279875,1.0
7101,230.7543,0.0851,2,0.2,0,1.475087,-5.283052,1.0
7102,230.7839,0.1165,2,0.2,0,1.469861,-5.286218,1.0
7103,230.8167,0.1161,2,0.2,0,1.464631,-5.28937,1.0
7104,230.85,0.101,2,0.2,0,1.459403,-5.292506,1.0
7105,230.8811,0.1002,2,0.2,0,1.454176,-5.295627,0.999999
7106,230.9149,0.1472,2,0.2,0,1.448944,-5.298735,0.999999
7107,230.9489,0.1245,2,0.2,0,1.443706,-5.301831,0.999999
7108,230.9841,0.131,2,0.2,0,1.438456,-5.30492,0.999999
7109,231.0163,0.1002,2,0.2,0,1.433193,-5.308001,0.999999
7110,231.0467,0.1079,2,0.2,0,1.427913,-5.311077,0.999999
7111,231.0755,0.1316,2,0.2,0,1.422625,-5.314142,0.999999
7112,231.1056,0.0836,2,0.2,0,1.417335,-5.317194,0.999998
7113,231.1379,0.0997,2,0.2,0,1.412035,-5.320236,0.999998
7114,231.1697,0.1078,2,0.2,0,1.406723,-5.323269,0.999998
7115,231.2017,0.109,2,0.2,0,1.401407,-5.326291,0.999998
7116,231.2341,0.1165,2,0.2,0,1.396082,-5.329302,0.999998
7117,231.2678,0.1151,2,0.2,0,1.390761,-5.332296,0.999998
7118,231.3009,0.1236,2,0.2,0,1.385436,-5.335277,0.999998
7119,231.3342,0.1395,2,0.2,0,1.380104,-5.338247,0.999998
7120,231.3654,0.1083,2,0.2,0,1.374771,-5.341203,0.999998
7121,231.3987,0.1078,2,0.2,0,1.369433,-5.344146,0.999998
7122,231.4288,0.0846,2,0.2,0,1.364081,-5.347082,0.999998
7123,231.4627,0.124,2,0.2,0,1.358719,-5.350008,0.999998
7124,231.4929,0.108,2,0.2,0,1.353351,-5.352923,0.999998
7125,231.5255,0.1158,2,0.2,0,1.347975,-5.355827,0.999998
7126,231.5622,0.1076,2,0.2,0,1.342597,-5.358717,0.999998
7127,231.5964,0.1071,2,0.2,0,1.337207,-5.361599,0.999999
7128,231.6303,0.1092,2,0.2,0,1.331806,-5.364471,0.999999
7129,231.663,0.1243,2,0.2,0,1.326408,-5.367328,0.999999
7130,231.6941,0.1158,2,0.2,0,1.321008,-5.370171,0.999999
7131,231.7238,0.1157,2,0.2,0,1.315605,-5.373001,0.999999
7132,231.7556,0.1239,2,0.2,0,1.310189,-5.375822,0.999999
7133,231.7853,0.1473,2,0.2,0,1.304765,-5.378633,0.999999
7134,231.8169,0.0918,2,0.2,0,1.299337,-5.381432,0.999999
7135,231.8498,0.1009,2,0.2,0,1.29391,-5.384215,0.999999
7136,231.8833,0.1006,2,0.2,0,1.28848,-5.386985,0.999999
7137,231.9168,0.1396,2,0.2,0,1.283041,-5.389745,0.999999
7138,231.9546,0.1244,2,0.2,0,1.277596,-5.392494,0.999999
7139,231.9855,0.1234,2,0.2,0,1.272143,-5.395232,1.0
7140,232.0185,0.1157,2,0.2,0,1.266679,-5.39796,1.0
7141,232.0514,0.147,2,0.2,0,1.261205,-5.40068,1.0
7142,232.0812,0.1083,2,0.2,0,1.25572,-5.403389,1.0
7143,232.1138,0.1081,2,0.2,0,1.250235,-5.406085,1.0
7144,232.1466,0.1005,2,0.2,0,1.244748,-5.408766,1.0
7145,232.1778,0.1086,2,0.2,0,1.239254,-5.411436,1.0
7146,232.2094,0.109,2,0.2,0,1.233748,-5.414097,1.0
7147,232.2456,0.116,2,0.2,0,1.228234,-5.416748,1.0
7148,232.2786,0.1157,2,0.2,0,1.222719,-5.419384,1.0
7149,232.3154,0.1078,2,0.2,0,1.2172,-5.422008,1.0
7150,232.3472,0.1165,2,0.2,0,1.211676,-5.424619,1.0
7151,232.3774,0.1236,2,0.2,0,1.206142,-5.42722,1.0
7152,232.4101,0.1003,2,0.2,0,1.200601,-5.429811,1.0
7153,232.443,0.1082,2,0.2,0,1.195054,-5.432389,1.0
7154,232.4716,0.108,2,0.2,0,1.1895,-5.434956,1.0
7155,232.5058,0.1245,2,0.2,0,1.183942,-5.43751,1.0
7156,232.5367,0.131,2,0.2,0,1.178377,-5.440053,1.0
7157,232.5682,0.1085,2,0.2,0,1.172802,-5.442585,1.0
7158,232.6023,0.1078,2,0.2,0,1.167223,-5.445106,1.0
7159,232.6342,0.1081,2,0.2,0,1.161644,-5.447611,1.0
7160,232.6682,0.1004,2,0.2,0,1.15606,-5.450104,1.0
7161,232.7007,0.1163,2,0.2,0,1.150474,-5.452584,1.0
7162,232.7349,0.0927,2,0.2,0,1.144888,-5.455049,1.0
7163,232.7649,0.1006,2,0.2,0,1.139305,-5.457498,1.0
7164,232.7982,0.1326,2,0.2,0,1.13372,-5.459935,1.0
7165,232.8265,0.14,2,0.2,0,1.128119,-5.462363,1.0
7166,232.8576,0.084,2,0.2,0,1.122505,-5.464783,1.0
7167,232.8892,0.1078,2,0.2,0,1.116884,-5.467191,1.0
7168,232.9225,0.1159,2,0.2,0,1.111258,-5.469587,1.0
7169,232.9575,0.1242,2,0.2,0,1.105628,-5.47197,1.0
7170,232.9944,0.093,2,0.2,0,1.099997,-5.47434,1.0
7171,233.0264,0.107,2,0.2,0,1.094363,-5.476696,1.0
7172,233.0578,0.085,2,0.2,0,1.088728,-5.479039,1.0
7173,233.0894,0.0856,2,0.2,0,1.083084,-5.48137,1.0
7174,233.1204,0.1084,2,0.2,0,1.077427,-5.483694,1.0
7175,233.1534,0.0772,2,0.2,0,1.071755,-5.486008,0.999999
7176,233.1854,0.0768,2,0.2,0,1.066078,-5.488311,0.999999
7177,233.2166,0.1002,2,0.2,0,1.060395,-5.490602,0.999999
7178,233.2533,0.1094,2,0.2,0,1.054717,-5.492876,0.999999
7179,233.2861,0.124,2,0.2,0,1.049052,-5.495131,0.999999
7180,233.3189,0.1155,2,0.2,0,1.043384,-5.497372,0.999999
7181,233.3491,0.0909,2,0.2,0,1.037709,-5.499602,0.999999
7182,233.3793,0.092,2,0.2,0,1.032024,-5.501822,0.999999
7183,233.414,0.085,2,0.2,0,1.026324,-5.504033,0.999999
7184,233.4468,0.1169,2,0.2,0,1.02062,-5.506232,0.999999
7185,233.4773,0.1173,2,0.2,0,1.014914,-5.508417,0.999999
7186,233.5091,0.085,2,0.2,0,1.009207,-5.510589,0.999999
7187,233.546,0.1076,2,0.2,0,1.003506,-5.512744,0.999999
7188,233.5806,0.115,2,0.2,0,0.99781,-5.514883,1.0
7189,233.6138,0.1164,2,0.2,0,0.992111,-5.517009,1.0
7190,233.6464,0.124,2,0.2,0,0.986404,-5.519125,1.0
7191,233.6754,0.1067,2,0.2,0,0.980681,-5.521231,0.999999
7192,233.7103,0.1153,2,0.2,0,0.97494,-5.52333,0.999999
7193,233.7432,0.0918,2,0.2,0,0.969192,-5.525418,0.999999
7194,233.7731,0.1158,2,0.2,0,0.963443,-5.527493,0.999999
7195,233.8065,0.0938,2,0.2,0,0.957697,-5.529552,0.999999
7196,233.8382,0.1091,2,0.2,0,0.951954,-5.531597,0.999999
7197,233.8686,0.0619,2,0.2,0,0.946211,-5.533628,0.999999
7198,233.9026,0.1007,2,0.2,0,0.940466,-5.535645,0.999999
7199,233.9363,0.077,2,0.2,0,0.934717,-5.53765,0.999999
7200,233.9725,0.1076,2,0.2,0,0.928958,-5.539644,0.999999
7201,234.0056,0.1005,2,0.2,0,0.923186,-5.541629,0.999999
7202,234.0385,0.1071,2,0.2,0,0.9174,-5.543604,0.999999
7203,234.0713,0.1152,2,0.2,0,0.911605,-5.545569,0.999999
7204,234.1049,0.0997,2,0.2,0,0.905808,-5.54752,0.999999
7205,234.1349,0.1238,2,0.2,0,0.900015,-5.549455,0.999999
7206,234.168,0.1394,2,0.2,0,0.894231,-5.551374,0.999999
7207,234.2014,0.093,2,0.2,0,0.88845,-5.553278,0.999999
7208,234.2303,0.0852,2,0.2,0,0.882673,-5.555167,0.999999
7209,234.2629,0.0929,2,0.2,0,0.876892,-5.557044,0.999999
7210,234.2982,0.093,2,0.2,0,0.871103,-5.558909,0.999999
7211,234.3303,0.0695,2,0.2,0,0.865302,-5.560764,0.999999
7212,234.3621,0.1248,2,0.2,0,0.859492,-5.562608,0.999999
7213,234.3938,0.1006,2,0.2,0,0.853675,-5.564441,0.999999
7214,234.4261,0.1232,2,0.2,0,0.847851,-5.566263,0.999999
7215,234.4564,0.1238,2,0.2,0,0.842022,-5.568071,0.999999
7216,234.489,0.1153,2,0.2,0,0.836191,-5.569867,0.999999
7217,234.5227,0.1464,2,0.2,0,0.830356,-5.57165,0.999999
7218,234.5579,0.1164,2,0.2,0,0.824523,-5.573419,0.999999
7219,234.5942,0.1314,2,0.2,0,0.818698,-5.575171,0.999999
7220,234.6281,0.0999,2,0.2,0,0.812876,-5.576909,0.999999
7221,234.6616,0.1236,2,0.2,0,0.807053,-5.578634,0.999998
7222,234.6954,0.0849,2,0.2,0,0.801228,-5.580345,0.999998
7223,234.7266,0.1005,2,0.2,0,0.795399,-5.582045,0.999998
7224,234.7583,0.1094,2,0.2,0,0.789568,-5.583731,0.999998
7225,234.7877,0.1001,2,0.2,0,0.783737,-5.585404,0.999998
7226,234.8173,0.0921,2,0.2,0,0.777901,-5.587065,0.999998
7227,234.8491,0.1086,2,0.2,0,0.772057,-5.588715,0.999999
7228,234.8807,0.0771,2,0.2,0,0.766205,-5.590353,0.999999
7229,234.9143,0.1079,2,0.2,0,0.76034,-5.591982,0.999999
7230,234.9494,0.1087,2,0.2,0,0.75446,-5.593601,0.999999
7231,234.9814,0.1237,2,0.2,0,0.748576,-5.595208,0.999999
7232,235.0147,0.108,2,0.2,0,0.742692,-5.596801,0.999999
7233,235.0479,0.1071,2,0.2,0,0.736811,-5.598379,0.999999
7234,235.0778,0.131,2,0.2,0,0.730929,-5.599944,0.999999
7235,235.1092,0.1321,2,0.2,0,0.725051,-5.601494,0.999999
7236,235.1411,0.1162,2,0.2,0,0.719177,-5.60303,0.999999
7237,235.1726,0.1083,2,0.2,0,0.713312,-5.60455,0.999999
7238,235.206,0.1236,2,0.2,0,0.707451,-5.606055,0.999999
7239,235.2433,0.0686,2,0.2,0,0.701594,-5.607546,0.999999
7240,235.276,0.1082,2,0.2,0,0.695732,-5.609025,0.999999
7241,235.3105,0.0771,2,0.2,0,0.689856,-5.610495,0.999999
7242,235.343,0.0769,2,0.2,0,0.683952,-5.611958,0.999999
7243,235.3729,0.1164,2,0.2,0,0.678029,-5.613412,0.999999
7244,235.4064,0.1091,2,0.2,0,0.6721,-5.614855,0.999999
7245,235.4341,0.086,2,0.2,0,0.666177,-5.616282,0.999999
7246,235.4661,0.1085,2,0.2,0,0.660253,-5.617697,0.999999
7247,235.4976,0.1085,2,0.2,0,0.654328,-5.619099,0.999999
7248,235.5309,0.1077,2,0.2,0,0.648398,-5.620488,0.999999
7249,235.5614,0.1232,2,0.2,0,0.642458,-5.621867,0.999999
7250,235.5951,0.1786,2,0.2,0,0.636508,-5.623234,0.999999
7251,235.6285,0.1093,2,0.2,0,0.630562,-5.624587,0.999999
7252,235.6627,0.1082,2,0.2,0,0.624625,-5.625925,0.999999
7253,235.6973,0.0924,2,0.2,0,0.618707,-5.627244,1.0
7254,235.7298,0.1,2,0.2,0,0.612802,-5.628548,1.0
7255,235.7614,0.1076,2,0.2,0,0.606905,-5.629836,1.0
7256,235.793,0.1076,2,0.2,0,0.601008,-5.631111,1.0
7257,235.8241,0.1243,2,0.2,0,0.595103,-5.632374,1.0
7258,235.8592,0.1015,2,0.2,0,0.589188,-5.633626,1.0
7259,235.8947,0.109,2,0.2,0,0.58327,-5.634865,1.0
7260,235.9257,0.0923,2,0.2,0,0.577346,-5.636092,1.0
7261,235.9581,0.0924,2,0.2,0,0.571413,-5.637308,1.0
7262,235.9872,0.0842,2,0.2,0,0.565467,-5.638513,1.0
7263,236.0174,0.0689,2,0.2,0,0.559504,-5.639709,1.0
7264,236.0507,0.0772,2,0.2,0,0.553518,-5.640895,1.0
7265,236.0811,0.0777,2,0.2,0,0.547504,-5.642075,1.0
7266,236.1124,0.0934,2,0.2,0,0.541468,-5.643245,1.0
7267,236.1452,0.1011,2,0.2,0,0.535423,-5.644403,1.0
7268,236.1778,0.0783,2,0.2,0,0.529386,-5.645547,0.999999
7269,236.2146,0.0774,2,0.2,0,0.523367,-5.646675,0.999999
7270,236.2464,0.1007,2,0.2,0,0.517362,-5.647786,0.999999
7271,236.2785,0.1154,2,0.2,0,0.511365,-5.648882,0.999999
7272,236.3102,0.1232,2,0.2,0,0.505369,-5.649965,0.999999
7273,236.3427,0.1236,2,0.2,0,0.499371,-5.651035,0.999999
7274,236.3736,0.1397,2,0.2,0,0.493369,-5.652093,0.999999
7275,236.4057,0.1079,2,0.2,0,0.487367,-5.653137,0.999999
7276,236.4366,0.1241,2,0.2,0,0.481377,-5.654166,0.999999
7277,236.4708,0.1162,2,0.2,0,0.475409,-5.655179,0.999999
7278,236.5061,0.1079,2,0.2,0,0.469456,-5.656175,0.999999
7279,236.539,0.1235,2,0.2,0,0.463511,-5.657157,0.999999
7280,236.5716,0.1544,2,0.2,0,0.457563,-5.658127,0.999999
7281,236.6057,0.1535,2,0.2,0,0.451608,-5.659085,0.999999
7282,236.636,0.1697,2,0.2,0,0.445637,-5.660033,0.999999
7283,236.6649,0.1535,2,0.2,0,0.439648,-5.66097,0.999999
7284,236.6979,0.1536,2,0.2,0,0.433645,-5.661897,0.999999
7285,236.7296,0.1143,2,0.2,0,0.427635,-5.662813,0.999999
7286,236.7614,0.1147,2,0.2,0,0.421625,-5.663715,0.999999
7287,236.7931,0.1072,2,0.2,0,0.415618,-5.664605,0.999999
7288,236.828,0.124,2,0.2,0,0.409616,-5.665481,0.999999
7289,236.8618,0.1239,2,0.2,0,0.403618,-5.666344,0.999999
7290,236.8942,0.1401,2,0.2,0,0.397627,-5.667193,0.999999
7291,236.9261,0.124,2,0.2,0,0.391644,-5.668029,0.999999
7292,236.9576,0.1084,2,0.2,0,0.38566,-5.668853,0.999999
7293,236.9905,0.108,2,0.2,0,0.379673,-5.669665,0.999999
7294,237.0224,0.1394,2,0.2,0,0.373682,-5.670465,0.999999
7295,237.0528,0.1392,2,0.2,0,0.367684,-5.671253,0.999999
7296,237.0847,0.131,2,0.2,0,0.361676,-5.67203,0.999999
7297,237.1192,0.1155,2,0.2,0,0.355658,-5.672795,0.999999
7298,237.154,0.1155,2,0.2,0,0.349627,-5.67355,0.999999
7299,237.1857,0.1238,2,0.2,0,0.343586,-5.674293,0.999999
7300,237.2185,0.1076,2,0.2,0,0.337538,-5.675024,0.999999
7301,237.2519,0.1162,2,0.2,0,0.331488,-5.675742,0.999999
7302,237.2815,0.1156,2,0.2,0,0.325448,-5.676447,0.999999
7303,237.3137,0.0838,2,0.2,0,0.319416,-5.677137,0.999999
7304,237.3503,0.139,2,0.2,0,0.313395,-5.677814,0.999999
7305,237.3896,0.1235,2,0.2,0,0.307379,-5.678477,0.999999
7306,237.4225,0.1228,2,0.2,0,0.301366,-5.679127,0.999999
7307,237.451,0.1468,2,0.2,0,0.295353,-5.679763,0.999999
7308,237.4764,0.1384,2,0.2,0,0.289335,-5.680387,0.999999
7309,237.5052,0.1537,2,0.2,0,0.283307,-5.680999,0.999999
7310,237.5385,0.1773,2,0.2,0,0.277263,-5.681599,0.999999
7311,237.5703,0.1933,2,0.2,0,0.271206,-5.682187,0.999999
7312,237.6061,0.2011,2,0.2,0,0.265141,-5.682764,0.999999
7313,237.6418,0.1619,2,0.2,0,0.259075,-5.683328,0.999999
7314,237.6728,0.1534,2,0.2,0,0.253005,-5.68388,0.999999
7315,237.7064,0.1378,2,0.2,0,0.246933,-5.68442,0.999999
7316,237.7352,0.1618,2,0.2,0,0.240861,-5.684947,0.999999
7317,237.7649,0.1459,2,0.2,0,0.23479,-5.685461,0.999999
7318,237.7968,0.1703,2,0.2,0,0.22872,-5.685963,0.999999
7319,237.8307,0.1706,2,0.2,0,0.222652,-5.686452,0.999999
7320,237.8627,0.1787,2,0.2,0,0.216588,-5.686928,0.999999
7321,237.8978,0.1393,2,0.2,0,0.210522,-5.687391,1.0
7322,237.9309,0.1228,2,0.2,0,0.204452,-5.687841,1.0
7323,237.9612,0.1548,2,0.2,0,0.198379,-5.68828,1.0
7324,237.9954,0.1549,2,0.2,0,0.192302,-5.688705,1.0
7325,238.0229,0.1477,2,0.2,0,0.186227,-5.689118,1.0
7326,238.0536,0.1396,2,0.2,0,0.180161,-5.689517,1.0
7327,238.0854,0.1232,2,0.2,0,0.174109,-5.689903,1.0
7328,238.1177,0.1314,2,0.2,0,0.168072,-5.690275,1.0
7329,238.1544,0.1317,2,0.2,0,0.162048,-5.690634,1.0
7330,238.1859,0.1319,2,0.2,0,0.156029,-5.690979,1.0
7331,238.2181,0.1318,2,0.2,0,0.15001,-5.691313,1.0
7332,238.2504,0.1161,2,0.2,0,0.143985,-5.691634,1.0
7333,238.2808,0.1242,2,0.2,0,0.13795,-5.691943,1.0
7334,238.3147,0.1481,2,0.2,0,0.131905,-5.692241,1.0
7335,238.3453,0.1481,2,0.2,0,0.125844,-5.692526,1.0
7336,238.3773,0.1721,2,0.2,0,0.119768,-5.6928,1.0
7337,238.4086,0.1559,2,0.2,0,0.113676,-5.693062,1.0
7338,238.4458,0.1557,2,0.2,0,0.107575,-5.693311,1.0
7339,238.4787,0.1085,2,0.2,0,0.101472,-5.693548,1.0
7340,238.5105,0.1088,2,0.2,0,0.095376,-5.693772,1.0
7341,238.5411,0.0692,2,0.2,0,0.089293,-5.693982,1.0
7342,238.572,0.0624,2,0.2,0,0.083221,-5.694179,1.0
7343,238.605,0.053,2,0.2,0,0.07716,-5.694363,1.0
7344,238.6377,0.0292,2,0.2,0,0.071105,-5.694533,1.0
7345,238.6691,0.0454,2,0.2,0,0.065054,-5.69469,1.0
7346,238.7045,0.0613,2,0.2,0,0.059004,-5.694833,1.0
7347,238.7371,0.0846,2,0.2,0,0.05295,-5.694964,1.0
7348,238.7682,0.085,2,0.2,0,0.046886,-5.695081,1.0
7349,238.8016,0.1081,2,0.2,0,0.040807,-5.695185,1.0
7350,238.8316,0.1241,2,0.2,0,0.034707,-5.695275,1.0
7351,238.8634,0.1246,2,0.2,0,0.028583,-5.695353,1.0
7352,238.8974,0.1171,2,0.2,0,0.022435,-5.695415,0.999999
7353,238.9304,0.1329,2,0.2,0,0.016272,-5.695465,0.999999
7354,238.9646,0.1247,2,0.2,0,0.010107,-5.695499,0.999999
7355,238.9973,0.1245,2,0.2,0,0.003955,-5.695519,0.999999
7356,239.0291,0.1248,2,0.2,0,-0.002169,-5.695526,0.999999
7357,239.0622,0.1398,2,0.2,0,-0.008256,-5.695518,0.999999
7358,239.0941,0.1396,2,0.2,0,-0.014299,-5.695496,0.999999
7359,239.1234,0.1316,2,0.2,0,-0.020296,-5.69546,0.999998
7360,239.1549,0.1244,2,0.2,0,-0.026258,-5.695413,0.999998
7361,239.1886,0.0849,2,0.2,0,-0.032194,-5.695353,0.999998
7362,239.2209,0.0931,2,0.2,0,-0.038117,-5.69528,0.999997
7363,239.2536,0.1017,2,0.2,0,-0.044039,-5.695196,0.999997
7364,239.2867,0.0775,2,0.2,0,-0.049969,-5.6951,0.999997
7365,239.3182,0.0546,2,0.2,0,-0.055914,-5.694993,0.999996
7366,239.3501,0.0546,2,0.2,0,-0.061881,-5.694873,0.999996
7367,239.3826,0.0465,2,0.2,0,-0.067875,-5.694742,0.999996
7368,239.4169,0.047,2,0.2,0,-0.073899,-5.694599,0.999996
7369,239.45,0.0779,2,0.2,0,-0.079953,-5.694443,0.999995
7370,239.4813,0.0547,2,0.2,0,-0.086039,-5.694275,0.999995
7371,239.5131,0.0783,2,0.2,0,-0.09215,-5.694094,0.999995
7372,239.5453,0.0864,2,0.2,0,-0.098282,-5.693899,0.999995
7373,239.5769,0.101,2,0.2,0,-0.104429,-5.69369,0.999994
7374,239.6147,0.1008,2,0.2,0,-0.110582,-5.693467,0.999994
7375,239.6445,0.139,2,0.2,0,-0.116735,-5.69323,0.999994
7376,239.676,0.1237,2,0.2,0,-0.122883,-5.692977,0.999994
7377,239.7089,0.093,2,0.2,0,-0.129018,-5.692711,0.999994
7378,239.7412,0.0856,2,0.2,0,-0.13513,-5.692431,0.999994
7379,239.7731,0.078,2,0.2,0,-0.141216,-5.692138,0.999994
7380,239.8063,0.1014,2,0.2,0,-0.147279,-5.691831,0.999993
7381,239.8392,0.0938,2,0.2,0,-0.153325,-5.691512,0.999993
7382,239.872,0.1015,2,0.2,0,-0.159357,-5.691179,0.999993
7383,239.9059,0.0937,2,0.2,0,-0.165377,-5.690834,0.999993
7384,239.9383,0.0856,2,0.2,0,-0.171394,-5.690476,0.999993
7385,239.9686,0.1166,2,0.2,0,-0.177417,-5.690105,0.999993
7386,240.0015,0.1319,2,0.2,0,-0.183449,-5.689722,0.999994
7387,240.0336,0.1083,2,0.2,0,-0.189495,-5.689324,0.999994
7388,240.0662,0.1092,2,0.2,0,-0.195553,-5.688914,0.999994
7389,240.0981,0.1093,2,0.2,0,-0.20162,-5.688491,0.999994
7390,240.1319,0.1094,2,0.2,0,-0.207694,-5.688054,0.999994
7391,240.1662,0.1248,2,0.2,0,-0.213769,-5.687604,0.999994
7392,240.1977,0.1331,2,0.2,0,-0.219835,-5.687143,0.999994
7393,240.2308,0.1334,2,0.2,0,-0.225888,-5.686668,0.999995
7394,240.261,0.1179,2,0.2,0,-0.231924,-5.686182,0.999995
7395,240.2923,0.1258,2,0.2,0,-0.237943,-5.685685,0.999995
7396,240.3257,0.1108,2,0.2,0,-0.243943,-5.685174,0.999995
7397,240.361,0.1029,2,0.2,0,-0.249927,-5.684653,0.999996
7398,240.3932,0.1168,2,0.2,0,-0.255899,-5.684119,0.999996
7399,240.4274,0.1402,2,0.2,0,-0.261867,-5.683572,0.999996
7400,240.4578,0.1242,2,0.2,0,-0.267837,-5.683012,0.999996
7401,240.4897,0.1246,2,0.2,0,-0.273815,-5.682438,0.999997
7402,240.5226,0.0936,2,0.2,0,-0.279806,-5.681851,0.999997
7403,240.5541,0.0935,2,0.2,0,-0.285812,-5.68125,0.999997
7404,240.587,0.1091,2,0.2,0,-0.291831,-5.680635,0.999998
7405,240.6192,0.1012,2,0.2,0,-0.297861,-5.680006,0.999998
7406,240.6517,0.0703,2,0.2,0,-0.303901,-5.679364,0.999998
7407,240.6846,0.078,2,0.2,0,-0.30995,-5.678708,0.999998
7408,240.7177,0.0627,2,0.2,0,-0.316003,-5.678038,0.999999
7409,240.7508,0.0628,2,0.2,0,-0.322054,-5.677355,0.999999
7410,240.7819,0.0776,2,0.2,0,-0.328099,-5.67666,0.999999
7411,240.8139,0.07,2,0.2,0,-0.334136,-5.675951,1.0
7412,240.847,0.0703,2,0.2,0,-0.340161,-5.675231,1.0
7413,240.8784,0.0542,2,0.2,0,-0.346173,-5.6745,1.0
7414,240.9143,0.062,2,0.2,0,-0.352173,-5.673756,1.0
7415,240.9491,0.0842,2,0.2,0,-0.358167,-5.672999,1.000001
7416,240.9813,0.0766,2,0.2,0,-0.364162,-5.672229,1.000001
7417,241.0127,0.0697,2,0.2,0,-0.370166,-5.671444,1.000001
7418,241.0456,0.0927,2,0.2,0,-0.376186,-5.670645,1.000001
7419,241.0763,0.0848,2,0.2,0,-0.382223,-5.66983,1.000002
7420,241.1113,0.0776,2,0.2,0,-0.388271,-5.669,1.000002
7421,241.1425,0.0931,2,0.2,0,-0.394322,-5.668157,1.000002
7422,241.1736,0.0778,2,0.2,0,-0.400368,-5.667301,1.000002
7423,241.2047,0.0856,2,0.2,0,-0.406406,-5.666433,1.000003
7424,241.2384,0.1014,2,0.2,0,-0.41244,-5.665553,1.000003
7425,241.2725,0.0934,2,0.2,0,-0.418472,-5.664659,1.000003
7426,241.305,0.1013,2,0.2,0,-0.424499,-5.663753,1.000003
7427,241.3375,0.1089,2,0.2,0,-0.43052,-5.662834,1.000003
7428,241.3692,0.1084,2,0.2,0,-0.436537,-5.661902,1.000003
7429,241.4027,0.069,2,0.2,0,-0.442551,-5.660957,1.000004
7430,241.4341,0.0765,2,0.2,0,-0.44857,-5.659998,1.000004
7431,241.4664,0.0922,2,0.2,0,-0.454593,-5.659025,1.000004
7432,241.5026,0.0852,2,0.2,0,-0.460613,-5.65804,1.000004
7433,241.5343,0.0772,2,0.2,0,-0.466623,-5.657043,1.000004
7434,241.5666,0.0929,2,0.2,0,-0.472628,-5.656034,1.000004
7435,241.5981,0.0773,2,0.2,0,-0.478629,-5.655012,1.000004
7436,241.6276,0.085,2,0.2,0,-0.484626,-5.653979,1.000005
7437,241.6558,0.0848,2,0.2,0,-0.490618,-5.652934,1.000005
7438,241.6893,0.0922,2,0.2,0,-0.496603,-5.651876,1.000005
7439,241.7223,0.061,2,0.2,0,-0.502587,-5.650807,1.000005
7440,241.7583,0.0607,2,0.2,0,-0.508573,-5.649724,1.000005
7441,241.7901,0.0453,2,0.2,0,-0.514559,-5.648629,1.000005
7442,241.8217,0.0528,2,0.2,0,-0.520542,-5.647521,1.000005
7443,241.8541,0.045,2,0.2,0,-0.526521,-5.6464,1.000005
7444,241.8841,0.0836,2,0.2,0,-0.532498,-5.645267,1.000005
7445,241.9155,0.0525,2,0.2,0,-0.538473,-5.644123,1.000005
7446,241.9495,0.0602,2,0.2,0,-0.544444,-5.642966,1.000005
7447,241.9809,0.0527,2,0.2,0,-0.550415,-5.641796,1.000005
7448,242.0155,0.0449,2,0.2,0,-0.556384,-5.640614,1.000005
7449,242.051,0.0612,2,0.2,0,-0.562357,-5.639418,1.000005
7450,242.0823,0.0692,2,0.2,0,-0.568328,-5.638209,1.000005
7451,242.114,0.0685,2,0.2,0,-0.574293,-5.636989,1.000005
7452,242.1471,0.0843,2,0.2,0,-0.580251,-5.635757,1.000005
7453,242.1754,0.0923,2,0.2,0,-0.586204,-5.634513,1.000005
7454,242.2056,0.1008,2,0.2,0,-0.592152,-5.633256,1.000005
7455,242.2383,0.0849,2,0.2,0,-0.598097,-5.631988,1.000005
7456,242.27,0.0618,2,0.2,0,-0.60404,-5.630706,1.000005
7457,242.3007,0.069,2,0.2,0,-0.609981,-5.629412,1.000005
7458,242.3358,0.069,2,0.2,0,-0.615921,-5.628104,1.000005
7459,242.3678,0.0679,2,0.2,0,-0.621862,-5.626783,1.000005
7460,242.4034,0.0922,2,0.2,0,-0.627804,-5.625449,1.000004
7461,242.4347,0.0919,2,0.2,0,-0.633741,-5.624101,1.000004
7462,242.4639,0.0681,2,0.2,0,-0.639675,-5.622741,1.000004
7463,242.4972,0.069,2,0.2,0,-0.645609,-5.621367,1.000004
7464,242.5298,0.029,2,0.2,0,-0.651543,-5.61998,1.000004
7465,242.5613,0.0452,2,0.2,0,-0.657474,-5.618581,1.000004
7466,242.5933,0.0444,2,0.2,0,-0.663404,-5.617168,1.000004
7467,242.6271,0.0991,2,0.2,0,-0.669333,-5.615742,1.000004
7468,242.6615,0.0533,2,0.2,0,-0.67526,-5.614304,1.000003
7469,242.6942,0.0766,2,0.2,0,-0.681179,-5.612854,1.000003
7470,242.7267,0.0619,2,0.2,0,-0.687088,-5.611392,1.000003
7471,242.7589,0.0775,2,0.2,0,-0.692991,-5.60992,1.000003
7472,242.7881,0.1086,2,0.2,0,-0.69889,-5.608435,1.000003
7473,242.8192,0.0857,2,0.2,0,-0.704787,-5.606936,1.000003
7474,242.8541,0.1084,2,0.2,0,-0.71068,-5.605426,1.000003
7475,242.8856,0.1087,2,0.2,0,-0.716569,-5.603903,1.000003
7476,242.9175,0.1248,2,0.2,0,-0.722459,-5.602366,1.000003
7477,242.9536,0.0858,2,0.2,0,-0.728341,-5.600818,1.000002
7478,242.9888,0.0772,2,0.2,0,-0.734218,-5.599257,1.000002
7479,243.0205,0.0841,2,0.2,0,-0.740094,-5.597683,1.000002
7480,243.0544,0.0843,2,0.2,0,-0.745974,-5.596094,1.000002
7481,243.0856,0.0679,2,0.2,0,-0.751857,-5.594492,1.000002
7482,243.1159,0.0675,2,0.2,0,-0.757737,-5.592876,1.000002
7483,243.1489,0.0376,2,0.2,0,-0.763611,-5.591249,1.000002
7484,243.1812,0.053,2,0.2,0,-0.769469,-5.589612,1.000002
7485,243.2135,0.0836,2,0.2,0,-0.775312,-5.587967,1.000002
7486,243.2461,0.0762,2,0.2,0,-0.781148,-5.58631,1.000001
7487,243.2795,0.0758,2,0.2,0,-0.786984,-5.58464,1.000001
7488,243.3133,0.0914,2,0.2,0,-0.792819,-5.582956,1.000001
7489,243.3454,0.069,2,0.2,0,-0.798662,-5.581257,1.000001
7490,243.3766,0.1087,2,0.2,0,-0.804513,-5.579542,1.000001
7491,243.4055,0.0929,2,0.2,0,-0.810362,-5.577813,1.000001
7492,243.4381,0.1168,2,0.2,0,-0.816208,-5.576072,1.000001
7493,243.4703,0.1011,2,0.2,0,-0.822047,-5.574319,1.000001
7494,243.5015,0.1164,2,0.2,0,-0.827883,-5.572554,1.000001
7495,243.5345,0.1012,2,0.2,0,-0.83372,-5.570775,1.000001
7496,243.5675,0.0774,2,0.2,0,-0.839556,-5.568982,1.000001
7497,243.6005,0.1002,2,0.2,0,-0.845381,-5.567178,1.000001
7498,243.6342,0.0605,2,0.2,0,-0.851194,-5.565364,1.0
7499,243.6652,0.0755,2,0.2,0,-0.856993,-5.563541,1.0
7500,243.6978,0.0601,2,0.2,0,-0.862773,-5.561709,1.0
7501,243.7293,0.0604,2,0.2,0,-0.868546,-5.559866,1.0
7502,243.762,0.0681,2,0.2,0,-0.874318,-5.55801,1.0
7503,243.7946,0.0844,2,0.2,0,-0.880101,-5.556136,1.0
7504,243.8288,0.1002,2,0.2,0,-0.885891,-5.554246,1.0
7505,243.8619,0.108,2,0.2,0,-0.891682,-5.552343,1.0
7506,243.8981,0.1165,2,0.2,0,-0.897472,-5.550426,1.0
7507,243.9292,0.1096,2,0.2,0,-0.903262,-5.548496,1.0
7508,243.9617,0.1088,2,0.2,0,-0.909049,-5.546554,1.0
7509,243.9946,0.1078,2,0.2,0,-0.914834,-5.544598,1.0
7510,244.0234,0.0844,2,0.2,0,-0.920613,-5.542631,1.0
7511,244.0544,0.0999,2,0.2,0,-0.926387,-5.54065,1.0
7512,244.0856,0.0615,2,0.2,0,-0.932153,-5.538659,1.0
7513,244.1193,0.061,2,0.2,0,-0.937901,-5.53666,1.0
7514,244.1551,0.0446,2,0.2,0,-0.943634,-5.534652,1.0
7515,244.1874,0.0834,2,0.2,0,-0.949355,-5.532634,1.0
7516,244.2189,0.0998,2,0.2,0,-0.955077,-5.530602,1.0
7517,244.2496,0.0767,2,0.2,0,-0.960806,-5.528553,1.0
7518,244.282,0.0767,2,0.2,0,-0.966537,-5.526489,1.0
7519,244.3159,0.0931,2,0.2,0,-0.972266,-5.524412,1.0
7520,244.3465,0.1078,2,0.2,0,-0.977996,-5.522321,1.0
7521,244.378,0.0921,2,0.2,0,-0.983727,-5.520216,1.0
7522,244.41,0.1167,2,0.2,0,-0.989457,-5.518097,1.0
7523,244.4466,0.0692,2,0.2,0,-0.995178,-5.515967,1.0
7524,244.4804,0.0774,2,0.2,0,-1.000886,-5.513829,1.0
7525,244.5138,0.1158,2,0.2,0,-1.006578,-5.511682,1.0
7526,244.5457,0.0991,2,0.2,0,-1.012258,-5.509526,1.0
7527,244.5778,0.0755,2,0.2,0,-1.017934,-5.507357,1.0
7528,244.6111,0.0924,2,0.2,0,-1.023613,-5.505174,1.0
7529,244.6424,0.0693,2,0.2,0,-1.029297,-5.502974,1.0
7530,244.6725,0.077,2,0.2,0,-1.034984,-5.500759,1.0
7531,244.7064,0.0764,2,0.2,0,-1.040668,-5.498531,1.0
7532,244.7373,0.1008,2,0.2,0,-1.046343,-5.496293,1.0
7533,244.7696,0.0931,2,0.2,0,-1.052007,-5.494045,1.0
7534,244.8019,0.0766,2,0.2,0,-1.057655,-5.491789,1.0
7535,244.835,0.1237,2,0.2,0,-1.063296,-5.489522,1.0
7536,244.8709,0.0846,2,0.2,0,-1.068931,-5.487244,1.0
7537,244.9067,0.0518,2,0.2,0,-1.074563,-5.484953,1.0
7538,244.9427,0.1001,2,0.2,0,-1.08019,-5.482649,1.0
7539,244.9753,0.0617,2,0.2,0,-1.085808,-5.480335,1.0
7540,245.0105,0.0609,2,0.2,0,-1.091423,-5.478009,1.0
7541,245.0423,0.1001,2,0.2,0,-1.097036,-5.475669,1.0
7542,245.0716,0.0687,2,0.2,0,-1.102647,-5.473316,1.0
7543,245.1059,0.1242,2,0.2,0,-1.108255,-5.47095,1.0
7544,245.1375,0.0779,2,0.2,0,-1.113859,-5.468572,1.0
7545,245.1682,0.116,2,0.2,0,-1.119456,-5.466182,1.0
7546,245.2021,0.0924,2,0.2,0,-1.125047,-5.463781,1.0
7547,245.2344,0.0997,2,0.2,0,-1.130633,-5.461368,1.0
7548,245.2658,0.0843,2,0.2,0,-1.136218,-5.458941,1.0
7549,245.3015,0.0612,2,0.2,0,-1.141796,-5.456502,1.0
7550,245.3348,0.0922,2,0.2,0,-1.147365,-5.454053,1.0
7551,245.3674,0.092,2,0.2,0,-1.15293,-5.451592,1.0
7552,245.3972,0.1317,2,0.2,0,-1.158494,-5.449118,1.0
7553,245.4297,0.0848,2,0.2,0,-1.164054,-5.44663,1.0
7554,245.4618,0.1168,2,0.2,0,-1.169618,-5.444126,1.0
7555,245.493,0.0928,2,0.2,0,-1.175176,-5.441611,1.0
7556,245.5239,0.0995,2,0.2,0,-1.180724,-5.439086,1.0
7557,245.5593,0.0999,2,0.2,0,-1.186262,-5.436551,1.0
7558,245.5944,0.0691,2,0.2,0,-1.191784,-5.434009,1.000001
7559,245.627,0.0925,2,0.2,0,-1.1973,-5.431455,1.000001
7560,245.6613,0.0928,2,0.2,0,-1.20281,-5.428889,1.000001
7561,245.6938,0.1082,2,0.2,0,-1.208315,-5.426311,1.000001
7562,245.7235,0.1161,2,0.2,0,-1.21382,-5.42372,1.000001
7563,245.7543,0.1087,2,0.2,0,-1.219318,-5.421117,1.000001
7564,245.7845,0.0924,2,0.2,0,-1.224813,-5.418501,1.000001
7565,245.8172,0.0602,2,0.2,0,-1.230306,-5.415872,1.000001
7566,245.8491,0.1077,2,0.2,0,-1.23579,-5.413231,1.000001
7567,245.8852,0.0686,2,0.2,0,-1.241266,-5.410581,1.000001
7568,245.9147,0.0932,2,0.2,0,-1.246737,-5.407919,1.000001
7569,245.9514,0.1085,2,0.2,0,-1.252204,-5.405244,1.000002
7570,245.9841,0.1158,2,0.2,0,-1.257668,-5.402555,1.000002
7571,246.0157,0.1084,2,0.2,0,-1.263123,-5.399857,1.000002
7572,246.047,0.1008,2,0.2,0,-1.268568,-5.397149,1.000002
7573,246.0762,0.0841,2,0.2,0,-1.27401,-5.394428,1.000002
7574,246.1056,0.1001,2,0.2,0,-1.279443,-5.391697,1.000002
7575,246.1382,0.0999,2,0.2,0,-1.28487,-5.388954,1.000002
7576,246.1701,0.1003,2,0.2,0,-1.290286,-5.386202,1.000002
7577,246.2062,0.1006,2,0.2,0,-1.295696,-5.383439,1.000002
7578,246.2387,0.101,2,0.2,0,-1.301107,-5.380661,1.000002
7579,246.2715,0.1003,2,0.2,0,-1.306519,-5.377867,1.000002
7580,246.3025,0.1157,2,0.2,0,-1.31193,-5.375059,1.000002
7581,246.3316,0.0764,2,0.2,0,-1.317327,-5.372244,1.000002
7582,246.3635,0.0839,2,0.2,0,-1.32271,-5.369421,1.000002
7583,246.3987,0.0767,2,0.2,0,-1.328086,-5.366587,1.000002
7584,246.429,0.0999,2,0.2,0,-1.333456,-5.363742,1.000002
7585,246.4634,0.0771,2,0.2,0,-1.338821,-5.360885,1.000002
7586,246.4974,0.1159,2,0.2,0,-1.344187,-5.358013,1.000002
7587,246.5303,0.1005,2,0.2,0,-1.349553,-5.355124,1.000002
7588,246.5629,0.1084,2,0.2,0,-1.354914,-5.352225,1.000002
7589,246.5948,0.0763,2,0.2,0,-1.360265,-5.349317,1.000002
7590,246.6233,0.0928,2,0.2,0,-1.365603,-5.3464,1.000002
7591,246.6551,0.092,2,0.2,0,-1.370931,-5.343473,1.000002
7592,246.6867,0.1079,2,0.2,0,-1.376256,-5.340534,1.000002
7593,246.7179,0.1089,2,0.2,0,-1.381581,-5.33758,1.000002
7594,246.7491,0.1239,2,0.2,0,-1.386896,-5.334616,1.000002
7595,246.7838,0.0691,2,0.2,0,-1.392203,-5.331642,1.000002
7596,246.8175,0.0999,2,0.2,0,-1.3975,-5.328658,1.000002
7597,246.8499,0.0765,2,0.2,0,-1.402794,-5.325661,1.000002
7598,246.8822,0.1002,2,0.2,0,-1.408077,-5.322655,1.000002
7599,246.914,0.1079,2,0.2,0,-1.413349,-5.319641,1.000002
7600,246.9492,0.0838,2,0.2,0,-1.418617,-5.316613,1.000001
7601,246.978,0.0923,2,0.2,0,-1.423884,-5.313571,1.000001
7602,247.009,0.0699,2,0.2,0,-1.429147,-5.310517,1.000001
7603,247.0466,0.0916,2,0.2,0,-1.434399,-5.307455,1.000001
7604,247.0776,0.0999,2,0.2,0,-1.439644,-5.30438,1.000001
7605,247.1128,0.0924,2,0.2,0,-1.444886,-5.301293,1.000001
7606,247.1455,0.1002,2,0.2,0,-1.450137,-5.298185,1.000001
7607,247.1758,0.0681,2,0.2,0,-1.45539,-5.295061,1.000001
7608,247.2067,0.0854,2,0.2,0,-1.46064,-5.291924,1.000001
7609,247.2361,0.0929,2,0.2,0,-1.465876,-5.288779,1.000001
7610,247.2688,0.1083,2,0.2,0,-1.471101,-5.285626,1.000001
7611,247.303,0.0997,2,0.2,0,-1.47631,-5.282467,1.000001
7612,247.3343,0.0762,2,0.2,0,-1.481506,-5.279301,1.000001
7613,247.369,0.0693,2,0.2,0,-1.486699,-5.276121,1.000001
7614,247.402,0.0926,2,0.2,0,-1.491888,-5.272928,1.000001
7615,247.4331,0.1012,2,0.2,0,-1.497066,-5.269726,1.000001
7616,247.4645,0.1089,2,0.2,0,-1.502227,-5.266519,1.000001
7617,247.4969,0.1078,2,0.2,0,-1.507375,-5.263305,1.000001
7618,247.5297,0.0847,2,0.2,0,-1.512521,-5.260077,1.000001
7619,247.563,0.1004,2,0.2,0,-1.517665,-5.256835,1.0
7620,247.5935,0.0846,2,0.2,0,-1.522805,-5.25358,1.0
7621,247.627,0.1003,2,0.2,0,-1.527941,-5.250311,1.0
7622,247.6615,0.1004,2,0.2,0,-1.533068,-5.247034,1.0
7623,247.6983,0.0838,2,0.2,0,-1.538186,-5.243746,1.0
7624,247.7294,0.1309,2,0.2,0,-1.5433,-5.240447,1.0
7625,247.761,0.0929,2,0.2,0,-1.548409,-5.237134,1.0
7626,247.7924,0.1002,2,0.2,0,-1.553514,-5.233808,1.0
7627,247.8238,0.0922,2,0.2,0,-1.558616,-5.230469,1.0
7628,247.8524,0.1006,2,0.2,0,-1.56371,-5.22712,1.0
7629,247.8854,0.0608,2,0.2,0,-1.568796,-5.223761,1.0
7630,247.9169,0.0919,2,0.2,0,-1.573874,-5.220391,1.0
7631,247.9502,0.0929,2,0.2,0,-1.578947,-5.217009,1.0
7632,247.9836,0.0844,2,0.2,0,-1.584013,-5.213616,1.0
7633,248.0177,0.0928,2,0.2,0,-1.589073,-5.210211,1.0
7634,248.0527,0.1084,2,0.2,0,-1.59412,-5.2068,1.0
7635,248.0852,0.0847,2,0.2,0,-1.599152,-5.203382,1.0
7636,248.1166,0.1078,2,0.2,0,-1.604174,-5.199955,1.0
7637,248.1507,0.1083,2,0.2,0,-1.609194,-5.196515,0.999999
7638,248.1808,0.0836,2,0.2,0,-1.614209,-5.193061,0.999999
7639,248.2149,0.1246,2,0.2,0,-1.619219,-5.189595,0.999999
7640,248.2508,0.0841,2,0.2,0,-1.624218,-5.186121,0.999999
7641,248.2822,0.14,2,0.2,0,-1.629204,-5.18264,0.999999
7642,248.3135,0.1082,2,0.2,0,-1.634181,-5.17915,0.999999
7643,248.3467,0.0841,2,0.2,0,-1.639159,-5.175642,0.999999
7644,248.3734,0.1316,2,0.2,0,-1.644139,-5.172118,0.999999
7645,248.4026,0.0765,2,0.2,0,-1.649112,-5.168582,0.999999
7646,248.4305,0.1232,2,0.2,0,-1.654071,-5.165041,0.999999
7647,248.4631,0.1083,2,0.2,0,-1.659025,-5.161488,0.999999
7648,248.4987,0.1003,2,0.2,0,-1.66397,-5.157925,0.999999
7649,248.5308,0.0922,2,0.2,0,-1.66891,-5.154349,0.999999
7650,248.5638,0.1156,2,0.2,0,-1.673842,-5.150764,1.0
7651,248.5979,0.124,2,0.2,0,-1.678768,-5.147166,1.0
7652,248.6297,0.0931,2,0.2,0,-1.683681,-5.143562,1.0
7653,248.6635,0.0998,2,0.2,0,-1.688585,-5.139948,1.0
7654,248.6932,0.0682,2,0.2,0,-1.693485,-5.136321,1.0
7655,248.7224,0.0927,2,0.2,0,-1.698385,-5.132678,1.0
7656,248.7522,0.0849,2,0.2,0,-1.703271,-5.129028,1.0
7657,248.7844,0.1236,2,0.2,0,-1.708144,-5.125371,1.0
7658,248.8182,0.1002,2,0.2,0,-1.712999,-5.121712,1.0
7659,248.8506,0.084,2,0.2,0,-1.717853,-5.118037,1.000001
7660,248.8842,0.0763,2,0.2,0,-1.7227,-5.114351,1.000001
7661,248.9181,0.1161,2,0.2,0,-1.727536,-5.110656,1.000001
7662,248.9513,0.1161,2,0.2,0,-1.732356,-5.106957,1.000002
7663,248.9841,0.132,2,0.2,0,-1.73717,-5.103247,1.000002
7664,249.0152,0.1234,2,0.2,0,-1.741975,-5.099527,1.000002
7665,249.0441,0.1164,2,0.2,0,-1.746777,-5.095793,1.000002
7666,249.0758,0.1086,2,0.2,0,-1.751572,-5.092048,1.000003
7667,249.1085,0.1009,2,0.2,0,-1.756361,-5.088292,1.000003
7668,249.1426,0.132,2,0.2,0,-1.761136,-5.084529,1.000003
7669,249.1738,0.0769,2,0.2,0,-1.765906,-5.080755,1.000003
7670,249.209,0.1002,2,0.2,0,-1.770671,-5.076968,1.000003
7671,249.2421,0.0921,2,0.2,0,-1.775433,-5.073168,1.000003
7672,249.2746,0.124,2,0.2,0,-1.780186,-5.069358,1.000004
7673,249.306,0.1087,2,0.2,0,-1.784923,-5.065545,1.000004
7674,249.3356,0.1078,2,0.2,0,-1.789652,-5.06172,1.000004
7675,249.3687,0.1311,2,0.2,0,-1.794375,-5.057884,1.000004
7676,249.4013,0.0921,2,0.2,0,-1.79909,-5.054038,1.000004
7677,249.4371,0.1389,2,0.2,0,-1.803796,-5.050183,1.000004
7678,249.4683,0.1004,2,0.2,0,-1.808496,-5.046316,1.000004
7679,249.5012,0.1238,2,0.2,0,-1.813187,-5.042439,1.000004
7680,249.5332,0.0847,2,0.2,0,-1.817873,-5.038548,1.000004
7681,249.5652,0.1155,2,0.2,0,-1.822557,-5.034644,1.000004
7682,249.5967,0.0922,2,0.2,0,-1.827232,-5.030729,1.000004
7683,249.6309,0.1082,2,0.2,0,-1.831891,-5.026811,1.000004
7684,249.6615,0.1078,2,0.2,0,-1.836542,-5.022883,1.000004
7685,249.6977,0.0999,2,0.2,0,-1.841192,-5.018938,1.000004
7686,249.7291,0.1076,2,0.2,0,-1.845834,-5.014984,1.000004
7687,249.7607,0.0767,2,0.2,0,-1.850465,-5.011021,1.000004
7688,249.7944,0.1548,2,0.2,0,-1.855082,-5.007053,1.000004
7689,249.8234,0.0849,2,0.2,0,-1.859694,-5.003074,1.000004
7690,249.855,0.1077,2,0.2,0,-1.864296,-4.999085,1.000004
7691,249.8886,0.0997,2,0.2,0,-1.868882,-4.995093,1.000004
7692,249.9198,0.1316,2,0.2,0,-1.873452,-4.991099,1.000004
7693,249.9543,0.1087,2,0.2,0,-1.878015,-4.987092,1.000004
7694,249.9851,0.1399,2,0.2,0,-1.88257,-4.983078,1.000004
7695,250.0179,0.0999,2,0.2,0,-1.887116,-4.979053,1.000004
7696,250.0496,0.1004,2,0.2,0,-1.891655,-4.975018,1.000004
7697,250.0817,0.1076,2,0.2,0,-1.896183,-4.970975,1.000003
7698,250.1138,0.0927,2,0.2,0,-1.900702,-4.966923,1.000003
7699,250.147,0.0999,2,0.2,0,-1.905216,-4.962858,1.000003
7700,250.1797,0.0613,2,0.2,0,-1.909724,-4.958783,1.000003
7701,250.2146,0.1161,2,0.2,0,-1.914221,-4.9547,1.000003
7702,250.2466,0.1236,2,0.2,0,-1.918708,-4.950608,1.000003
7703,250.2769,0.1244,2,0.2,0,-1.92319,-4.946504,1.000002
7704,250.3093,0.1002,2,0.2,0,-1.927666,-4.942389,1.000002
7705,250.3408,0.0767,2,0.2,0,-1.932135,-4.938262,1.000002
7706,250.3729,0.1084,2,0.2,0,-1.936594,-4.934128,1.000002
7707,250.4073,0.0929,2,0.2,0,-1.941048,-4.92998,1.000002
7708,250.4421,0.0999,2,0.2,0,-1.945498,-4.925819,1.000001
7709,250.474,0.0768,2,0.2,0,-1.949942,-4.921645,1.000001
7710,250.5065,0.1478,2,0.2,0,-1.954373,-4.917465,1.000001
7711,250.5379,0.1081,2,0.2,0,-1.9588,-4.913271,1.000001
7712,250.5679,0.1316,2,0.2,0,-1.96322,-4.909066,1.000001
7713,250.6023,0.0923,2,0.2,0,-1.967638,-4.904845,1.0
7714,250.6329,0.0921,2,0.2,0,-1.972045,-4.900615,1.0
7715,250.6645,0.1079,2,0.2,0,-1.976446,-4.896372,1.0
7716,250.6973,0.1394,2,0.2,0,-1.980842,-4.892117,1.0
7717,250.7309,0.131,2,0.2,0,-1.985228,-4.887852,1.0
7718,250.764,0.1157,2,0.2,0,-1.989597,-4.883586,1.0
7719,250.7983,0.1157,2,0.2,0,-1.99395,-4.879317,1.0
7720,250.8303,0.1235,2,0.2,0,-1.998291,-4.875042,0.999999
7721,250.8624,0.1153,2,0.2,0,-2.002618,-4.870762,0.999999
7722,250.8938,0.1234,2,0.2,0,-2.006929,-4.866479,0.999999
7723,250.9245,0.1241,2,0.2,0,-2.011227,-4.862193,0.999999
7724,250.9534,0.1241,2,0.2,0,-2.015516,-4.857896,0.999999
7725,250.9853,0.1089,2,0.2,0,-2.019798,-4.85359,0.999999
7726,251.0168,0.1079,2,0.2,0,-2.02407,-4.849274,0.999998
7727,251.0557,0.1239,2,0.2,0,-2.028332,-4.844951,0.999998
7728,251.0863,0.1318,2,0.2,0,-2.032587,-4.840616,0.999998
7729,251.1188,0.101,2,0.2,0,-2.036835,-4.83627,0.999998
7730,251.1503,0.1003,2,0.2,0,-2.041076,-4.831914,0.999998
7731,251.1806,0.1234,2,0.2,0,-2.045307,-4.827549,0.999998
7732,251.2144,0.1313,2,0.2,0,-2.049529,-4.823174,0.999997
7733,251.2469,0.0923,2,0.2,0,-2.053742,-4.818789,0.999997
7734,251.2775,0.1073,2,0.2,0,-2.057946,-4.814396,0.999997
7735,251.3102,0.092,2,0.2,0,-2.06214,-4.809994,0.999997
7736,251.3455,0.1316,2,0.2,0,-2.066326,-4.805582,0.999997
7737,251.3779,0.0763,2,0.2,0,-2.070505,-4.801157,0.999997
7738,251.4101,0.1083,2,0.2,0,-2.074679,-4.796721,0.999997
7739,251.4425,0.0846,2,0.2,0,-2.078845,-4.792272,0.999997
7740,251.4726,0.1236,2,0.2,0,-2.083003,-4.787813,0.999996
7741,251.505,0.1238,2,0.2,0,-2.087153,-4.783344,0.999996
7742,251.5381,0.1245,2,0.2,0,-2.091297,-4.778862,0.999996
7743,251.5688,0.1078,2,0.2,0,-2.09543,-4.774374,0.999996
7744,251.6016,0.0849,2,0.2,0,-2.09955,-4.76988,0.999996
7745,251.6322,0.124,2,0.2,0,-2.103659,-4.765379,0.999996
7746,251.6662,0.1001,2,0.2,0,-2.107757,-4.760871,0.999996
7747,251.7013,0.0932,2,0.2,0,-2.111844,-4.756357,0.999996
7748,251.7363,0.1085,2,0.2,0,-2.115917,-4.751837,0.999996
7749,251.7676,0.0921,2,0.2,0,-2.119976,-4.747314,0.999996
7750,251.8017,0.1076,2,0.2,0,-2.124027,-4.74278,0.999996
7751,251.8344,0.1003,2,0.2,0,-2.128071,-4.738235,0.999996
7752,251.8633,0.1476,2,0.2,0,-2.132103,-4.733683,0.999996
7753,251.8975,0.1085,2,0.2,0,-2.136124,-4.729124,0.999996
7754,251.9277,0.1228,2,0.2,0,-2.140131,-4.72456,0.999996
7755,251.956,0.0921,2,0.2,0,-2.144132,-4.719985,0.999996
7756,251.9877,0.1236,2,0.2,0,-2.14812,-4.715402,0.999996
7757,252.0212,0.0772,2,0.2,0,-2.152098,-4.710813,0.999996
7758,252.0548,0.1467,2,0.2,0,-2.156065,-4.706216,0.999997
7759,252.0906,0.1088,2,0.2,0,-2.160023,-4.70161,0.999997
7760,252.1236,0.1309,2,0.2,0,-2.163973,-4.696994,0.999997
7761,252.1592,0.1006,2,0.2,0,-2.167911,-4.692371,0.999997
7762,252.19,0.1009,2,0.2,0,-2.171844,-4.687735,0.999997
7763,252.2216,0.1076,2,0.2,0,-2.175763,-4.683096,0.999997
7764,252.2534,0.131,2,0.2,0,-2.179676,-4.678444,0.999998
7765,252.2839,0.1084,2,0.2,0,-2.183581,-4.67378,0.999998
7766,252.3167,0.1009,2,0.2,0,-2.187482,-4.669103,0.999998
7767,252.3497,0.1314,2,0.2,0,-2.191373,-4.664417,0.999998
7768,252.3826,0.1002,2,0.2,0,-2.195257,-4.659719,0.999998
7769,252.4161,0.1473,2,0.2,0,-2.199137,-4.655006,0.999999
7770,252.4496,0.1165,2,0.2,0,-2.203005,-4.65029,0.999999
7771,252.4819,0.1162,2,0.2,0,-2.206861,-4.645565,0.999999
7772,252.5136,0.1396,2,0.2,0,-2.210705,-4.640835,1.0
7773,252.5464,0.1005,2,0.2,0,-2.214541,-4.636094,1.0
7774,252.5752,0.1082,2,0.2,0,-2.218367,-4.631346,1.0
7775,252.609,0.0612,2,0.2,0,-2.222183,-4.626588,1.0
7776,252.6402,0.131,2,0.2,0,-2.225989,-4.621821,1.0
7777,252.673,0.0999,2,0.2,0,-2.229783,-4.617051,1.000001
7778,252.7064,0.0995,2,0.2,0,-2.233564,-4.612273,1.000001
7779,252.7427,0.1232,2,0.2,0,-2.237335,-4.607489,1.000001
7780,252.7751,0.1319,2,0.2,0,-2.241096,-4.602695,1.000001
7781,252.806,0.1233,2,0.2,0,-2.244845,-4.597897,1.000001
7782,252.836,0.1002,2,0.2,0,-2.248587,-4.593085,1.000001
7783,252.8683,0.1315,2,0.2,0,-2.252321,-4.588263,1.000002
7784,252.9018,0.1236,2,0.2,0,-2.256044,-4.583434,1.000002
7785,252.9331,0.1157,2,0.2,0,-2.259753,-4.5786,1.000002
7786,252.9689,0.0848,2,0.2,0,-2.263451,-4.57376,1.000002
7787,253.003,0.1161,2,0.2,0,-2.267144,-4.568905,1.000002
7788,253.0361,0.1156,2,0.2,0,-2.270823,-4.564048,1.000002
7789,253.0681,0.123,2,0.2,0,-2.274493,-4.55918,1.000002
7790,253.0977,0.0922,2,0.2,0,-2.278152,-4.554306,1.000002
7791,253.128,0.117,2,0.2,0,-2.281806,-4.549415,1.000003
7792,253.163,0.1074,2,0.2,0,-2.285451,-4.544517,1.000003
7793,253.1944,0.1313,2,0.2,0,-2.289081,-4.539616,1.000003
7794,253.2259,0.1469,2,0.2,0,-2.292696,-4.534714,1.000003
7795,253.2606,0.1078,2,0.2,0,-2.296296,-4.529809,1.000003
7796,253.2937,0.1234,2,0.2,0,-2.299892,-4.524889,1.000004
7797,253.327,0.0928,2,0.2,0,-2.303482,-4.519956,1.000004
7798,253.3572,0.1318,2,0.2,0,-2.307063,-4.515012,1.000004
7799,253.3882,0.0856,2,0.2,0,-2.31063,-4.510065,1.000004
7800,253.4197,0.1233,2,0.2,0,-2.314184,-4.505113,1.000004
7801,253.4544,0.0929,2,0.2,0,-2.31773,-4.500151,1.000004
7802,253.4855,0.1161,2,0.2,0,-2.321269,-4.495176,1.000004
7803,253.5201,0.1468,2,0.2,0,-2.324796,-4.490195,1.000004
7804,253.5532,0.1006,2,0.2,0,-2.328311,-4.48521,1.000004
7805,253.5854,0.1386,2,0.2,0,-2.331812,-4.480221,1.000004
7806,253.6171,0.1169,2,0.2,0,-2.335303,-4.475224,1.000004
7807,253.6496,0.1162,2,0.2,0,-2.338783,-4.47022,1.000004
7808,253.6804,0.1311,2,0.2,0,-2.342254,-4.465206,1.000004
7809,253.7139,0.0928,2,0.2,0,-2.345713,-4.460186,1.000004
7810,253.7455,0.1317,2,0.2,0,-2.349162,-4.455159,1.000004
7811,253.7781,0.1231,2,0.2,0,-2.352602,-4.450121,1.000004
7812,253.8143,0.0772,2,0.2,0,-2.356035,-4.44507,1.000003
7813,253.8458,0.1075,2,0.2,0,-2.359463,-4.440004,1.000003
7814,253.8772,0.116,2,0.2,0,-2.362879,-4.434932,1.000003
7815,253.9096,0.0924,2,0.2,0,-2.366274,-4.429868,1.000003
7816,253.9415,0.131,2,0.2,0,-2.369658,-4.424797,1.000003
7817,253.972,0.108,2,0.2,0,-2.373033,-4.419714,1.000003
7818,254.0068,0.1162,2,0.2,0,-2.376398,-4.414623,1.000003
7819,254.0432,0.1002,2,0.2,0,-2.379754,-4.409523,1.000003
7820,254.0718,0.1553,2,0.2,0,-2.383097,-4.404419,1.000002
7821,254.1064,0.1086,2,0.2,0,-2.386428,-4.399308,1.000002
7822,254.1364,0.1227,2,0.2,0,-2.389745,-4.394196,1.000002
7823,254.1644,0.1082,2,0.2,0,-2.393047,-4.389081,1.000002
7824,254.198,0.1085,2,0.2,0,-2.39634,-4.383957,1.000002
7825,254.2289,0.1228,2,0.2,0,-2.399624,-4.378823,1.000002
7826,254.2605,0.1003,2,0.2,0,-2.402897,-4.373681,1.000001
7827,254.2926,0.1391,2,0.2,0,-2.406162,-4.368528,1.000001
7828,254.328,0.0993,2,0.2,0,-2.409416,-4.363367,1.000001
7829,254.3639,0.1236,2,0.2,0,-2.412661,-4.358197,1.000001
7830,254.3945,0.1088,2,0.2,0,-2.415896,-4.353016,1.0
7831,254.426,0.0997,2,0.2,0,-2.419125,-4.347822,1.0
7832,254.4586,0.0927,2,0.2,0,-2.422348,-4.342614,1.0
7833,254.49,0.1321,2,0.2,0,-2.425558,-4.3374,1.0
7834,254.5223,0.1315,2,0.2,0,-2.428756,-4.332183,1.0
7835,254.5546,0.1082,2,0.2,0,-2.431939,-4.326964,0.999999
7836,254.5878,0.108,2,0.2,0,-2.43511,-4.321739,0.999999
7837,254.6192,0.0935,2,0.2,0,-2.438268,-4.316513,0.999999
7838,254.655,0.1005,2,0.2,0,-2.441408,-4.311289,0.999999
7839,254.6855,0.1,2,0.2,0,-2.444531,-4.306068,0.999999
7840,254.7181,0.1084,2,0.2,0,-2.44764,-4.300846,0.999998
7841,254.7501,0.1239,2,0.2,0,-2.450737,-4.295619,0.999998
7842,254.7818,0.0836,2,0.2,0,-2.453824,-4.290381,0.999998
7843,254.8142,0.1159,2,0.2,0,-2.456907,-4.285127,0.999998
7844,254.8442,0.1081,2,0.2,0,-2.459981,-4.279859,0.999998
7845,254.8771,0.124,2,0.2,0,-2.46305,-4.274576,0.999998
7846,254.9121,0.1239,2,0.2,0,-2.466108,-4.269286,0.999997
7847,254.9471,0.1159,2,0.2,0,-2.469153,-4.263991,0.999997
7848,254.9789,0.1161,2,0.2,0,-2.47219,-4.258685,0.999997
7849,255.0111,0.0848,2,0.2,0,-2.475218,-4.253369,0.999997
7850,255.0424,0.1243,2,0.2,0,-2.478234,-4.248047,0.999997
7851,255.0734,0.1074,2,0.2,0,-2.481234,-4.242726,0.999997
7852,255.1067,0.1311,2,0.2,0,-2.48422,-4.237404,0.999997
7853,255.1427,0.1082,2,0.2,0,-2.487197,-4.232071,0.999997
7854,255.173,0.1403,2,0.2,0,-2.490163,-4.226731,0.999997
7855,255.2061,0.1011,2,0.2,0,-2.493114,-4.22139,0.999997
7856,255.2379,0.1006,2,0.2,0,-2.496056,-4.21604,0.999997
7857,255.269,0.1322,2,0.2,0,-2.498987,-4.210681,0.999997
7858,255.3025,0.1082,2,0.2,0,-2.501904,-4.205319,0.999997
7859,255.3346,0.1003,2,0.2,0,-2.504812,-4.199947,0.999997
7860,255.366,0.1078,2,0.2,0,-2.507708,-4.194569,0.999997
7861,255.4018,0.092,2,0.2,0,-2.510594,-4.189183,0.999997
7862,255.4347,0.1329,2,0.2,0,-2.513471,-4.183784,0.999997
7863,255.4666,0.101,2,0.2,0,-2.516334,-4.178385,0.999997
7864,255.4977,0.1236,2,0.2,0,-2.51918,-4.17299,0.999997
7865,255.5263,0.1075,2,0.2,0,-2.522013,-4.167591,0.999997
7866,255.5575,0.1311,2,0.2,0,-2.524837,-4.162182,0.999998
7867,255.5889,0.1002,2,0.2,0,-2.527651,-4.156764,0.999998
7868,255.6225,0.0997,2,0.2,0,-2.530453,-4.15134,0.999998
7869,255.6591,0.1088,2,0.2,0,-2.53324,-4.145916,0.999998
7870,255.6903,0.1006,2,0.2,0,-2.536014,-4.14049,0.999998
7871,255.7218,0.109,2,0.2,0,-2.538779,-4.135052,0.999998
7872,255.7535,0.116,2,0.2,0,-2.541533,-4.129606,0.999998
7873,255.7849,0.1082,2,0.2,0,-2.544277,-4.124152,0.999998
7874,255.8148,0.1156,2,0.2,0,-2.54701,-4.11869,0.999998
7875,255.8506,0.1393,2,0.2,0,-2.549734,-4.113217,0.999999
7876,255.8825,0.1079,2,0.2,0,-2.552447,-4.107737,0.999999
7877,255.9163,0.1005,2,0.2,0,-2.555145,-4.102255,0.999999
7878,255.951,0.1003,2,0.2,0,-2.55783,-4.096772,0.999999
7879,255.98,0.1007,2,0.2,0,-2.560502,-4.091286,0.999999
7880,256.0101,0.1167,2,0.2,0,-2.563164,-4.085788,0.999999
7881,256.0431,0.108,2,0.2,0,-2.565815,-4.080282,0.999999
7882,256.073,0.1158,2,0.2,0,-2.568453,-4.074776,0.999999
7883,256.1043,0.1,2,0.2,0,-2.571077,-4.069267,0.999999
7884,256.1417,0.108,2,0.2,0,-2.573689,-4.063753,0.999999
7885,256.1737,0.1162,2,0.2,0,-2.576291,-4.058228,0.999999
7886,256.2052,0.0923,2,0.2,0,-2.578883,-4.052693,0.999999
7887,256.2389,0.0844,2,0.2,0,-2.581463,-4.047154,0.999999
7888,256.2692,0.1167,2,0.2,0,-2.584033,-4.041605,0.999999
7889,256.3035,0.0932,2,0.2,0,-2.58659,-4.036052,0.999999
7890,256.3345,0.1159,2,0.2,0,-2.589135,-4.030496,0.999999
7891,256.3667,0.1,2,0.2,0,-2.591669,-4.024929,1.0
7892,256.4021,0.1232,2,0.2,0,-2.594192,-4.019356,1.0
7893,256.4336,0.1161,2,0.2,0,-2.596702,-4.013779,1.0
7894,256.465,0.1085,2,0.2,0,-2.599199,-4.0082,1.0
7895,256.4971,0.1241,2,0.2,0,-2.601684,-4.002614,1.0
7896,256.5264,0.0773,2,0.2,0,-2.604154,-3.997029,1.0
7897,256.5557,0.1084,2,0.2,0,-2.606608,-3.991446,1.0
7898,256.5898,0.1163,2,0.2,0,-2.609048,-3.985865,1.0
7899,256.6231,0.1395,2,0.2,0,-2.611477,-3.980272,1.0
7900,256.6565,0.0921,2,0.2,0,-2.613899,-3.974666,1.0
7901,256.6897,0.1155,2,0.2,0,-2.616311,-3.969048,1.0
7902,256.7222,0.0848,2,0.2,0,-2.618711,-3.963425,1.0
7903,256.7548,0.1317,2,0.2,0,-2.6211,-3.957793,1.0
7904,256.7861,0.0929,2,0.2,0,-2.623476,-3.952161,1.0
7905,256.8166,0.1154,2,0.2,0,-2.625839,-3.946525,1.0
7906,256.8483,0.0999,2,0.2,0,-2.628187,-3.940888,1.0
7907,256.8843,0.0931,2,0.2,0,-2.630524,-3.935245,1.0
7908,256.9169,0.0775,2,0.2,0,-2.632852,-3.929592,1.0
7909,256.9508,0.1075,2,0.2,0,-2.63517,-3.923925,1.0
7910,256.9831,0.0854,2,0.2,0,-2.637478,-3.918251,1.0
7911,257.0141,0.0998,2,0.2,0,-2.639772,-3.912573,1.0
7912,257.0466,0.1088,2,0.2,0,-2.642051,-3.906898,1.0
7913,257.0784,0.116,2,0.2,0,-2.64431,-3.901236,1.0
7914,257.1086,0.1157,2,0.2,0,-2.646554,-3.895575,1.0
7915,257.1402,0.1002,2,0.2,0,-2.648787,-3.889908,1.0
7916,257.1743,0.1224,2,0.2,0,-2.651009,-3.884231,1.0
7917,257.2096,0.1089,2,0.2,0,-2.653223,-3.87854,1.0
7918,257.2468,0.1168,2,0.2,0,-2.655425,-3.872839,1.0
7919,257.2785,0.1088,2,0.2,0,-2.657615,-3.867137,1.0
7920,257.3108,0.0929,2,0.2,0,-2.659791,-3.861432,1.0
7921,257.3433,0.1004,2,0.2,0,-2.661952,-3.855728,1.0
7922,257.372,0.1157,2,0.2,0,-2.664099,-3.850029,1.0
7923,257.4066,0.1159,2,0.2,0,-2.666231,-3.844327,1.0
7924,257.4375,0.1246,2,0.2,0,-2.668352,-3.83862,1.0
7925,257.4681,0.1077,2,0.2,0,-2.670463,-3.832901,1.0
7926,257.5008,0.1223,2,0.2,0,-2.672566,-3.827163,1.0
7927,257.5326,0.0999,2,0.2,0,-2.67466,-3.821415,1.0
7928,257.5674,0.116,2,0.2,0,-2.676741,-3.815664,1.0
7929,257.6025,0.1091,2,0.2,0,-2.678808,-3.809913,1.0
7930,257.6342,0.1018,2,0.2,0,-2.680859,-3.804168,0.999999
7931,257.6674,0.0775,2,0.2,0,-2.682895,-3.798426,0.999999
7932,257.6981,0.1005,2,0.2,0,-2.684918,-3.792684,0.999999
7933,257.7338,0.0925,2,0.2,0,-2.686928,-3.786938,0.999999
7934,257.7627,0.1155,2,0.2,0,-2.688926,-3.781183,0.999999
7935,257.7933,0.124,2,0.2,0,-2.690914,-3.775419,0.999999
7936,257.827,0.1155,2,0.2,0,-2.692893,-3.769641,0.999999
7937,257.8611,0.1146,2,0.2,0,-2.694861,-3.76385,0.999999
7938,257.8937,0.0994,2,0.2,0,-2.696818,-3.758054,0.999999
7939,257.9261,0.1077,2,0.2,0,-2.69876,-3.752259,0.999999
7940,257.9587,0.1317,2,0.2,0,-2.700687,-3.746468,0.999999
7941,257.9896,0.1163,2,0.2,0,-2.702598,-3.740684,0.999999
7942,258.0232,0.0925,2,0.2,0,-2.704493,-3.734905,0.999999
7943,258.0534,0.0698,2,0.2,0,-2.706375,-3.729126,0.999999
7944,258.0875,0.0934,2,0.2,0,-2.708244,-3.723343,0.999999
7945,258.1202,0.0774,2,0.2,0,-2.710102,-3.717549,0.999999
7946,258.1586,0.1015,2,0.2,0,-2.711951,-3.711744,0.999999
7947,258.193,0.1087,2,0.2,0,-2.713788,-3.705931,0.999998
7948,258.2282,0.0918,2,0.2,0,-2.715613,-3.700112,0.999998
7949,258.2625,0.1316,2,0.2,0,-2.717427,-3.694285,0.999998
7950,258.2942,0.1152,2,0.2,0,-2.719228,-3.688457,0.999998
7951,258.3261,0.123,2,0.2,0,-2.721016,-3.682624,0.999998
7952,258.3587,0.1085,2,0.2,0,-2.72279,-3.676791,0.999998
7953,258.3921,0.1161,2,0.2,0,-2.724548,-3.670966,0.999998
7954,258.423,0.1229,2,0.2,0,-2.72629,-3.66515,0.999998
7955,258.4583,0.108,2,0.2,0,-2.728017,-3.659335,0.999998
7956,258.4931,0.0999,2,0.2,0,-2.729731,-3.65352,0.999998
7957,258.5228,0.1002,2,0.2,0,-2.731433,-3.6477,0.999998
7958,258.5532,0.0852,2,0.2,0,-2.733124,-3.641874,0.999998
7959,258.5811,0.1087,2,0.2,0,-2.734802,-3.636043,0.999998
7960,258.6139,0.1003,2,0.2,0,-2.736468,-3.63021,0.999998
7961,258.6458,0.0844,2,0.2,0,-2.738122,-3.624367,0.999998
7962,258.6778,0.1083,2,0.2,0,-2.739767,-3.618515,0.999998
7963,258.7111,0.0697,2,0.2,0,-2.741401,-3.612652,0.999998
7964,258.7418,0.1082,2,0.2,0,-2.743025,-3.606773,0.999998
7965,258.7751,0.1471,2,0.2,0,-2.744639,-3.600884,0.999998
7966,258.8096,0.1085,2,0.2,0,-2.746239,-3.594995,0.999998
7967,258.8418,0.1235,2,0.2,0,-2.747823,-3.589113,0.999998
7968,258.873,0.1073,2,0.2,0,-2.749393,-3.583232,0.999999
7969,258.9049,0.1155,2,0.2,0,-2.750949,-3.577355,0.999999
7970,258.9379,0.1164,2,0.2,0,-2.752489,-3.571482,0.999999
7971,258.9696,0.1081,2,0.2,0,-2.754014,-3.565619,0.999999
7972,259.0015,0.1241,2,0.2,0,-2.755524,-3.559759,0.999999
7973,259.0363,0.0923,2,0.2,0,-2.75702,-3.553902,0.999999
7974,259.0692,0.0845,2,0.2,0,-2.758503,-3.548045,0.999999
7975,259.1061,0.0767,2,0.2,0,-2.759976,-3.542177,0.999999
7976,259.1379,0.0611,2,0.2,0,-2.761441,-3.536285,0.999999
7977,259.1712,0.1245,2,0.2,0,-2.762899,-3.530368,0.999999
7978,259.2026,0.1014,2,0.2,0,-2.764347,-3.52444,0.999999
7979,259.2349,0.0855,2,0.2,0,-2.76578,-3.518513,0.999999
7980,259.2659,0.0847,2,0.2,0,-2.7672,-3.512589,0.999999
7981,259.2984,0.0842,2,0.2,0,-2.768607,-3.506666,0.999999
7982,259.3303,0.1154,2,0.2,0,-2.770001,-3.500739,0.999999
7983,259.3664,0.1232,2,0.2,0,-2.771384,-3.494805,0.999999
7984,259.3974,0.1623,2,0.2,0,-2.772755,-3.48886,0.999999
7985,259.4313,0.1166,2,0.2,0,-2.774114,-3.482914,0.999999
7986,259.4647,0.1247,2,0.2,0,-2.775458,-3.476975,0.999999
7987,259.499,0.1085,2,0.2,0,-2.776784,-3.471052,0.999999
7988,259.5313,0.0845,2,0.2,0,-2.778094,-3.465144,0.999999
7989,259.5627,0.1077,2,0.2,0,-2.779388,-3.459248,0.999999
7990,259.5959,0.1078,2,0.2,0,-2.780668,-3.453353,0.999999
7991,259.626,0.1315,2,0.2,0,-2.781936,-3.447452,0.999999
7992,259.6593,0.1094,2,0.2,0,-2.783193,-3.441539,0.999999
7993,259.692,0.109,2,0.2,0,-2.784438,-3.43562,0.999999
7994,259.7236,0.0767,2,0.2,0,-2.785671,-3.429694,1.0
7995,259.7583,0.0763,2,0.2,0,-2.786893,-3.423762,1.0
7996,259.7942,0.061,2,0.2,0,-2.788102,-3.41782,1.0
7997,259.8268,0.0685,2,0.2,0,-2.789302,-3.411865,1.0
7998,259.8581,0.0772,2,0.2,0,-2.790493,-3.405887,1.0
7999,259.9038,0.0779,2,0.2,0,-2.791676,-3.399881,1.0
8000,259.9349,0.1094,2,0.2,0,-2.792851,-3.393848,1.0
8001,259.9636,0.0939,2,0.2,0,-2.794016,-3.387802,0.999999
8002,259.9938,0.0777,2,0.2,0,-2.795166,-3.381759,0.999999
8003,260.0213,0.0937,2,0.2,0,-2.7963,-3.375734,0.999999
8004,260.0491,0.101,2,0.2,0,-2.797418,-3.369726,0.999999
8005,260.0797,0.116,2,0.2,0,-2.79852,-3.363728,0.999999
8006,260.1089,0.1235,2,0.2,0,-2.799608,-3.357732,0.999999
8007,260.1423,0.1155,2,0.2,0,-2.800683,-3.351736,0.999999
8008,260.1746,0.1398,2,0.2,0,-2.801746,-3.345736,0.999999
8009,260.2069,0.1082,2,0.2,0,-2.802796,-3.339732,0.999999
8010,260.2414,0.1082,2,0.2,0,-2.803832,-3.333736,0.999999
8011,260.2726,0.1241,2,0.2,0,-2.804852,-3.327757,0.999999
8012,260.3051,0.1079,2,0.2,0,-2.805855,-3.321796,0.999999
8013,260.337,0.1077,2,0.2,0,-2.806843,-3.315847,0.999999
8014,260.3666,0.1544,2,0.2,0,-2.807818,-3.309898,0.999999
8015,260.4001,0.1535,2,0.2,0,-2.808781,-3.303943,0.999999
8016,260.4336,0.1537,2,0.2,0,-2.809733,-3.297978,0.999999
8017,260.4663,0.1458,2,0.2,0,-2.810675,-3.291996,0.999999
8018,260.5022,0.1619,2,0.2,0,-2.811607,-3.285998,0.999999
8019,260.5344,0.1144,2,0.2,0,-2.812527,-3.27999,0.999999
8020,260.5664,0.1231,2,0.2,0,-2.813435,-3.27398,0.999999
8021,260.5984,0.0991,2,0.2,0,-2.81433,-3.267972,0.999999
8022,260.6274,0.1157,2,0.2,0,-2.815211,-3.26197,0.999999
8023,260.6619,0.1001,2,0.2,0,-2.816079,-3.255973,0.999999
8024,260.6922,0.1077,2,0.2,0,-2.816934,-3.249981,0.999999
8025,260.725,0.1323,2,0.2,0,-2.817775,-3.243997,0.999999
8026,260.7611,0.1161,2,0.2,0,-2.818604,-3.238015,0.999999
8027,260.7927,0.1,2,0.2,0,-2.819421,-3.23203,0.999999
8028,260.8265,0.1391,2,0.2,0,-2.820225,-3.226039,0.999999
8029,260.8591,0.1234,2,0.2,0,-2.821019,-3.220042,0.999999
8030,260.8904,0.1069,2,0.2,0,-2.821801,-3.214035,0.999999
8031,260.9231,0.1151,2,0.2,0,-2.822572,-3.208015,0.999999
8032,260.9541,0.0997,2,0.2,0,-2.823332,-3.201982,0.999999
8033,260.9849,0.0999,2,0.2,0,-2.82408,-3.195938,0.999999
8034,261.0189,0.1001,2,0.2,0,-2.824817,-3.189885,0.999999
8035,261.0533,0.1006,2,0.2,0,-2.825542,-3.183827,0.999999
8036,261.0851,0.1159,2,0.2,0,-2.826253,-3.177775,0.999999
8037,261.1182,0.0918,2,0.2,0,-2.82695,-3.171735,0.999999
8038,261.15,0.1153,2,0.2,0,-2.827633,-3.165704,0.999999
8039,261.1799,0.108,2,0.2,0,-2.828301,-3.159684,0.999999
8040,261.213,0.1152,2,0.2,0,-2.828956,-3.153669,0.999999
8041,261.2469,0.1381,2,0.2,0,-2.829597,-3.147656,0.999999
8042,261.2797,0.1623,2,0.2,0,-2.830225,-3.141641,0.999999
8043,261.3137,0.1379,2,0.2,0,-2.830841,-3.135619,0.999999
8044,261.3455,0.1693,2,0.2,0,-2.831446,-3.129582,0.999999
8045,261.378,0.1933,2,0.2,0,-2.832038,-3.123532,0.999999
8046,261.4096,0.2171,2,0.2,0,-2.832619,-3.11747,0.999999
8047,261.4426,0.1779,2,0.2,0,-2.833188,-3.111403,0.999999
8048,261.4721,0.1454,2,0.2,0,-2.833745,-3.105331,0.999999
8049,261.5055,0.1535,2,0.2,0,-2.83429,-3.099256,0.999999
8050,261.5385,0.1537,2,0.2,0,-2.834822,-3.093179,0.999999
8051,261.5718,0.1619,2,0.2,0,-2.835342,-3.087103,0.999999
8052,261.6062,0.1543,2,0.2,0,-2.83585,-3.081027,0.999999
8053,261.6382,0.1625,2,0.2,0,-2.836344,-3.074954,0.999999
8054,261.6684,0.1629,2,0.2,0,-2.836825,-3.068884,0.999999
8055,261.7031,0.1549,2,0.2,0,-2.837293,-3.062815,0.999999
8056,261.7323,0.1072,2,0.2,0,-2.837749,-3.056745,0.999999
8057,261.7647,0.1548,2,0.2,0,-2.838192,-3.050672,0.999999
8058,261.7986,0.1549,2,0.2,0,-2.838622,-3.044598,0.999999
8059,261.8303,0.1634,2,0.2,0,-2.839039,-3.038527,0.999999
8060,261.8618,0.1477,2,0.2,0,-2.839443,-3.032466,1.0
8061,261.8947,0.1151,2,0.2,0,-2.839833,-3.026417,1.0
8062,261.9253,0.1389,2,0.2,0,-2.84021,-3.020383,1.0
8063,261.9558,0.1474,2,0.2,0,-2.840573,-3.014363,1.0
8064,261.9937,0.1238,2,0.2,0,-2.840924,-3.008348,1.0
8065,262.0281,0.1239,2,0.2,0,-2.841262,-3.002332,1.0
8066,262.0628,0.132,2,0.2,0,-2.841588,-2.99631,1.0
8067,262.0928,0.1242,2,0.2,0,-2.841902,-2.990277,1.0
8068,262.1239,0.1402,2,0.2,0,-2.842204,-2.984232,1.0
8069,262.1578,0.1556,2,0.2,0,-2.842495,-2.978174,1.0
8070,262.1902,0.1647,2,0.2,0,-2.842774,-2.9721,1.0
8071,262.2221,0.164,2,0.2,0,-2.843041,-2.966011,1.0
8072,262.2569,0.1557,2,0.2,0,-2.843295,-2.959911,1.0
8073,262.2896,0.1398,2,0.2,0,-2.843538,-2.953809,1.0
8074,262.3207,0.1007,2,0.2,0,-2.843767,-2.947712,1.0
8075,262.3533,0.0928,2,0.2,0,-2.843983,-2.941625,1.0
8076,262.3841,0.0774,2,0.2,0,-2.844185,-2.935551,1.0
8077,262.4154,0.0616,2,0.2,0,-2.844374,-2.929486,1.0
8078,262.4495,0.053,2,0.2,0,-2.84455,-2.923428,1.0
8079,262.4818,0.0454,2,0.2,0,-2.844712,-2.917376,1.0
8080,262.5172,0.0613,2,0.2,0,-2.844862,-2.911324,1.0
8081,262.5498,0.0769,2,0.2,0,-2.844998,-2.90527,1.0
8082,262.5814,0.0845,2,0.2,0,-2.84512,-2.899208,1.0
8083,262.6139,0.1005,2,0.2,0,-2.84523,-2.893133,1.0
8084,262.6459,0.1241,2,0.2,0,-2.845326,-2.88704,1.0
8085,262.675,0.1323,2,0.2,0,-2.845409,-2.880924,1.0
8086,262.7063,0.1246,2,0.2,0,-2.845478,-2.874782,1.0
8087,262.7376,0.1486,2,0.2,0,-2.845533,-2.868618,0.999999
8088,262.7692,0.1322,2,0.2,0,-2.845573,-2.862447,0.999999
8089,262.8021,0.1245,2,0.2,0,-2.8456,-2.856282,0.999999
8090,262.8352,0.1248,2,0.2,0,-2.845611,-2.850139,0.999999
8091,262.8677,0.1248,2,0.2,0,-2.845609,-2.844031,0.999999
8092,262.9017,0.1396,2,0.2,0,-2.845592,-2.837968,0.999999
8093,262.9343,0.1316,2,0.2,0,-2.845563,-2.831952,0.999999
8094,262.9664,0.1244,2,0.2,0,-2.84552,-2.825977,0.999998
8095,262.9971,0.1005,2,0.2,0,-2.845465,-2.820033,0.999998
8096,263.0306,0.1091,2,0.2,0,-2.845397,-2.814108,0.999997
8097,263.0631,0.1017,2,0.2,0,-2.845318,-2.808189,0.999997
8098,263.0943,0.0856,2,0.2,0,-2.845227,-2.802264,0.999997
8099,263.1271,0.0621,2,0.2,0,-2.845124,-2.796328,0.999997
8100,263.161,0.0546,2,0.2,0,-2.84501,-2.790372,0.999996
8101,263.1936,0.0546,2,0.2,0,-2.844884,-2.784392,0.999996
8102,263.2254,0.047,2,0.2,0,-2.844746,-2.778382,0.999996
8103,263.2565,0.0856,2,0.2,0,-2.844596,-2.772341,0.999995
8104,263.2893,0.0699,2,0.2,0,-2.844434,-2.766268,0.999995
8105,263.3215,0.0626,2,0.2,0,-2.844258,-2.760164,0.999995
8106,263.355,0.094,2,0.2,0,-2.844069,-2.754035,0.999995
8107,263.3876,0.0865,2,0.2,0,-2.843865,-2.747886,0.999994
8108,263.4208,0.1008,2,0.2,0,-2.843648,-2.741724,0.999994
8109,263.4543,0.1164,2,0.2,0,-2.843416,-2.735559,0.999994
8110,263.4855,0.1314,2,0.2,0,-2.84317,-2.729399,0.999994
8111,263.5178,0.1005,2,0.2,0,-2.842909,-2.723251,0.999994
8112,263.5498,0.093,2,0.2,0,-2.842634,-2.717125,0.999993
8113,263.5814,0.0776,2,0.2,0,-2.842346,-2.711027,0.999993
8114,263.6123,0.0701,2,0.2,0,-2.842045,-2.704956,0.999993
8115,263.6482,0.0857,2,0.2,0,-2.841731,-2.698906,0.999993
8116,263.6807,0.094,2,0.2,0,-2.841404,-2.692873,0.999993
8117,263.7138,0.1092,2,0.2,0,-2.841064,-2.686854,0.999993
8118,263.7457,0.0933,2,0.2,0,-2.840712,-2.680843,0.999993
8119,263.7765,0.0938,2,0.2,0,-2.840347,-2.67483,0.999993
8120,263.8064,0.1164,2,0.2,0,-2.839969,-2.668808,0.999993
8121,263.838,0.1239,2,0.2,0,-2.839578,-2.662773,0.999993
8122,263.8682,0.1012,2,0.2,0,-2.839173,-2.656726,0.999993
8123,263.9014,0.0936,2,0.2,0,-2.838756,-2.650668,0.999993
8124,263.9351,0.1016,2,0.2,0,-2.838325,-2.644598,0.999994
8125,263.969,0.1092,2,0.2,0,-2.837882,-2.638525,0.999994
8126,264.0006,0.1166,2,0.2,0,-2.837425,-2.632453,0.999994
8127,264.0352,0.1409,2,0.2,0,-2.836956,-2.626392,0.999994
8128,264.0655,0.1104,2,0.2,0,-2.836475,-2.620344,0.999994
8129,264.098,0.1181,2,0.2,0,-2.835982,-2.614313,0.999995
8130,264.1328,0.1028,2,0.2,0,-2.835478,-2.608303,0.999995
8131,264.167,0.1031,2,0.2,0,-2.834961,-2.602312,0.999995
8132,264.1992,0.118,2,0.2,0,-2.834433,-2.596335,0.999995
8133,264.23,0.1326,2,0.2,0,-2.833892,-2.590369,0.999996
8134,264.2602,0.14,2,0.2,0,-2.833339,-2.584405,0.999996
8135,264.294,0.1091,2,0.2,0,-2.832772,-2.578436,0.999996
8136,264.3279,0.1093,2,0.2,0,-2.832191,-2.572456,0.999996
8137,264.3638,0.1011,2,0.2,0,-2.831597,-2.566462,0.999997
8138,264.3994,0.1249,2,0.2,0,-2.830988,-2.560454,0.999997
8139,264.4297,0.1165,2,0.2,0,-2.830366,-2.554435,0.999997
8140,264.4627,0.086,2,0.2,0,-2.829731,-2.548404,0.999998
8141,264.4946,0.078,2,0.2,0,-2.829081,-2.542364,0.999998
8142,264.5235,0.0784,2,0.2,0,-2.828418,-2.536316,0.999998
8143,264.557,0.0705,2,0.2,0,-2.827741,-2.530265,0.999999
8144,264.5912,0.0701,2,0.2,0,-2.827052,-2.524217,0.999999
8145,264.6234,0.0774,2,0.2,0,-2.82635,-2.518176,0.999999
8146,264.6557,0.0701,2,0.2,0,-2.825635,-2.512144,1.0
8147,264.6864,0.0622,2,0.2,0,-2.824909,-2.506126,1.0
8148,264.719,0.0619,2,0.2,0,-2.824171,-2.500122,1.0
8149,264.7539,0.0771,2,0.2,0,-2.82342,-2.494126,1.0
8150,264.7858,0.0841,2,0.2,0,-2.822656,-2.488133,1.000001
8151,264.8183,0.0689,2,0.2,0,-2.821879,-2.482134,1.000001
8152,264.85,0.0616,2,0.2,0,-2.821087,-2.476124,1.000001
8153,264.878,0.0695,2,0.2,0,-2.820279,-2.470096,1.000002
8154,264.909,0.0698,2,0.2,0,-2.819457,-2.464056,1.000002
8155,264.9423,0.0929,2,0.2,0,-2.81862,-2.458008,1.000002
8156,264.9746,0.0854,2,0.2,0,-2.81777,-2.451962,1.000002
8157,265.0061,0.0778,2,0.2,0,-2.816909,-2.445926,1.000003
8158,265.0415,0.1013,2,0.2,0,-2.816035,-2.439899,1.000003
8159,265.0768,0.0937,2,0.2,0,-2.815149,-2.433877,1.000003
8160,265.1103,0.1013,2,0.2,0,-2.814251,-2.427859,1.000003
8161,265.1432,0.1087,2,0.2,0,-2.81334,-2.421845,1.000003
8162,265.1729,0.1246,2,0.2,0,-2.812416,-2.415833,1.000004
8163,265.2047,0.0925,2,0.2,0,-2.811478,-2.409823,1.000004
8164,265.2346,0.0919,2,0.2,0,-2.810527,-2.403809,1.000004
8165,265.2668,0.0767,2,0.2,0,-2.809561,-2.397788,1.000004
8166,265.3029,0.0768,2,0.2,0,-2.808582,-2.391763,1.000004
8167,265.3345,0.0925,2,0.2,0,-2.80759,-2.385743,1.000004
8168,265.3679,0.0772,2,0.2,0,-2.806586,-2.37973,1.000005
8169,265.4035,0.0697,2,0.2,0,-2.805571,-2.373723,1.000005
8170,265.4342,0.1084,2,0.2,0,-2.804543,-2.367719,1.000005
8171,265.4671,0.0774,2,0.2,0,-2.803503,-2.361721,1.000005
8172,265.4978,0.0691,2,0.2,0,-2.802452,-2.355729,1.000005
8173,265.5273,0.0767,2,0.2,0,-2.801389,-2.349742,1.000005
8174,265.5599,0.092,2,0.2,0,-2.800312,-2.343756,1.000005
8175,265.5949,0.0531,2,0.2,0,-2.799223,-2.33777,1.000005
8176,265.6269,0.0606,2,0.2,0,-2.798121,-2.331787,1.000005
8177,265.6608,0.0605,2,0.2,0,-2.797007,-2.325807,1.000005
8178,265.6938,0.0448,2,0.2,0,-2.79588,-2.31983,1.000005
8179,265.7266,0.0684,2,0.2,0,-2.794741,-2.313856,1.000005
8180,265.7583,0.0526,2,0.2,0,-2.79359,-2.307884,1.000005
8181,265.7902,0.0681,2,0.2,0,-2.792427,-2.301914,1.000005
8182,265.8184,0.0528,2,0.2,0,-2.79125,-2.295944,1.000005
8183,265.8479,0.0527,2,0.2,0,-2.790061,-2.28997,1.000005
8184,265.8808,0.0613,2,0.2,0,-2.788857,-2.283993,1.000005
8185,265.9143,0.0922,2,0.2,0,-2.787641,-2.278018,1.000005
8186,265.9498,0.084,2,0.2,0,-2.786412,-2.272048,1.000005
8187,265.9814,0.092,2,0.2,0,-2.785173,-2.266085,1.000005
8188,266.0137,0.0767,2,0.2,0,-2.783921,-2.260128,1.000005
8189,266.0463,0.1083,2,0.2,0,-2.782657,-2.254176,1.000005
8190,266.0762,0.0618,2,0.2,0,-2.78138,-2.248227,1.000005
8191,266.1055,0.0923,2,0.2,0,-2.780091,-2.24228,1.000005
8192,266.1382,0.0687,2,0.2,0,-2.778789,-2.236336,1.000005
8193,266.169,0.076,2,0.2,0,-2.777474,-2.230394,1.000005
8194,266.2016,0.1077,2,0.2,0,-2.776145,-2.224451,1.000005
8195,266.2365,0.0923,2,0.2,0,-2.774803,-2.218511,1.000005
8196,266.2705,0.0685,2,0.2,0,-2.773449,-2.212578,1.000004
8197,266.3062,0.084,2,0.2,0,-2.772083,-2.206647,1.000004
8198,266.3395,0.0612,2,0.2,0,-2.770702,-2.200716,1.000004
8199,266.3702,0.029,2,0.2,0,-2.76931,-2.19479,1.000004
8200,266.4026,0.0598,2,0.2,0,-2.767904,-2.188866,1.000004
8201,266.432,0.0677,2,0.2,0,-2.766486,-2.182943,1.000004
8202,266.4623,0.084,2,0.2,0,-2.765053,-2.177018,1.000004
8203,266.4973,0.0765,2,0.2,0,-2.763608,-2.171096,1.000004
8204,266.5289,0.0842,2,0.2,0,-2.762151,-2.16518,1.000003
8205,266.5644,0.0544,2,0.2,0,-2.760683,-2.159273,1.000003
8206,266.599,0.1164,2,0.2,0,-2.759203,-2.153372,1.000003
8207,266.6302,0.0858,2,0.2,0,-2.75771,-2.147472,1.000003
8208,266.6625,0.1086,2,0.2,0,-2.756205,-2.141576,1.000003
8209,266.6948,0.1005,2,0.2,0,-2.754686,-2.135682,1.000003
8210,266.7242,0.1166,2,0.2,0,-2.753155,-2.12979,1.000003
8211,266.755,0.1094,2,0.2,0,-2.75161,-2.1239,1.000003
8212,266.7859,0.0852,2,0.2,0,-2.750054,-2.118019,1.000003
8213,266.8178,0.0927,2,0.2,0,-2.748485,-2.112138,1.000002
8214,266.8536,0.0922,2,0.2,0,-2.746901,-2.106253,1.000002
8215,266.8856,0.0919,2,0.2,0,-2.745302,-2.100364,1.000002
8216,266.9185,0.0527,2,0.2,0,-2.74369,-2.094475,1.000002
8217,266.9533,0.0681,2,0.2,0,-2.742065,-2.088588,1.000002
8218,266.9825,0.0451,2,0.2,0,-2.74043,-2.082712,1.000002
8219,267.0133,0.0451,2,0.2,0,-2.738785,-2.076854,1.000002
8220,267.0469,0.0606,2,0.2,0,-2.737131,-2.071008,1.000002
8221,267.0814,0.0607,2,0.2,0,-2.735464,-2.065166,1.000001
8222,267.1145,0.0761,2,0.2,0,-2.733785,-2.059327,1.000001
8223,267.1454,0.0996,2,0.2,0,-2.732091,-2.053487,1.000001
8224,267.1768,0.0614,2,0.2,0,-2.730382,-2.04764,1.000001
8225,267.2089,0.1008,2,0.2,0,-2.72866,-2.041792,1.000001
8226,267.2419,0.1006,2,0.2,0,-2.726924,-2.035947,1.000001
8227,267.2741,0.1247,2,0.2,0,-2.725177,-2.030107,1.000001
8228,267.3058,0.1163,2,0.2,0,-2.723417,-2.024273,1.000001
8229,267.339,0.1394,2,0.2,0,-2.721644,-2.01844,1.000001
8230,267.3728,0.0781,2,0.2,0,-2.719856,-2.012602,1.000001
8231,267.4075,0.0772,2,0.2,0,-2.718055,-2.006768,1.000001
8232,267.4446,0.068,2,0.2,0,-2.716244,-2.000945,1.000001
8233,267.4811,0.0679,2,0.2,0,-2.714422,-1.995133,1.000001
8234,267.5068,0.06,2,0.2,0,-2.712592,-1.989339,1.000001
8235,267.5363,0.045,2,0.2,0,-2.710754,-1.983564,1.000001
8236,267.5655,0.0755,2,0.2,0,-2.708905,-1.977795,1.000001
8237,267.5979,0.0686,2,0.2,0,-2.707039,-1.97202,1.0
8238,267.6311,0.1082,2,0.2,0,-2.705158,-1.966237,1.0
8239,267.6644,0.0772,2,0.2,0,-2.703261,-1.96045,1.0
8240,267.6984,0.0927,2,0.2,0,-2.70135,-1.954661,1.0
8241,267.7301,0.1086,2,0.2,0,-2.699426,-1.948873,1.0
8242,267.7648,0.1094,2,0.2,0,-2.697489,-1.943087,1.0
8243,267.7972,0.0931,2,0.2,0,-2.695538,-1.937302,1.0
8244,267.8274,0.0937,2,0.2,0,-2.693576,-1.931524,1.0
8245,267.858,0.0849,2,0.2,0,-2.691602,-1.925751,1.0
8246,267.8895,0.0847,2,0.2,0,-2.689616,-1.919983,1.0
8247,267.922,0.0458,2,0.2,0,-2.687619,-1.914227,1.0
8248,267.9549,0.0757,2,0.2,0,-2.685614,-1.908487,1.0
8249,267.9884,0.0758,2,0.2,0,-2.6836,-1.902761,1.0
8250,268.0209,0.0839,2,0.2,0,-2.681574,-1.89704,1.0
8251,268.0545,0.0849,2,0.2,0,-2.679531,-1.891312,1.0
8252,268.0862,0.108,2,0.2,0,-2.677473,-1.88558,1.0
8253,268.1156,0.086,2,0.2,0,-2.675401,-1.879848,1.0
8254,268.1497,0.108,2,0.2,0,-2.673316,-1.874119,1.0
8255,268.1824,0.1003,2,0.2,0,-2.671218,-1.868393,1.0
8256,268.2144,0.1162,2,0.2,0,-2.669107,-1.862669,1.0
8257,268.2461,0.1003,2,0.2,0,-2.666984,-1.85695,1.0
8258,268.2777,0.0936,2,0.2,0,-2.66485,-1.851238,1.0
8259,268.3093,0.1004,2,0.2,0,-2.662708,-1.845544,1.0
8260,268.3464,0.0916,2,0.2,0,-2.660558,-1.839866,1.0
8261,268.3771,0.0914,2,0.2,0,-2.658397,-1.834196,1.0
8262,268.4095,0.0759,2,0.2,0,-2.656222,-1.828525,1.0
8263,268.4413,0.0931,2,0.2,0,-2.654031,-1.822849,1.0
8264,268.4714,0.077,2,0.2,0,-2.651823,-1.817166,1.0
8265,268.5053,0.1082,2,0.2,0,-2.649602,-1.811487,1.0
8266,268.5379,0.0855,2,0.2,0,-2.647368,-1.805809,1.0
8267,268.5703,0.1245,2,0.2,0,-2.645124,-1.800141,1.0
8268,268.6059,0.0772,2,0.2,0,-2.642872,-1.794487,1.0
8269,268.6388,0.0776,2,0.2,0,-2.640608,-1.788842,1.0
8270,268.6688,0.0849,2,0.2,0,-2.638334,-1.783204,1.0
8271,268.6987,0.0837,2,0.2,0,-2.636048,-1.77757,1.0
8272,268.7276,0.0683,2,0.2,0,-2.633748,-1.771938,1.0
8273,268.7613,0.1008,2,0.2,0,-2.631435,-1.76631,1.0
8274,268.7933,0.069,2,0.2,0,-2.629112,-1.76069,1.0
8275,268.8259,0.1075,2,0.2,0,-2.626775,-1.755073,1.0
8276,268.8628,0.0996,2,0.2,0,-2.624426,-1.749459,1.000001
8277,268.8942,0.1166,2,0.2,0,-2.622065,-1.74385,1.000001
8278,268.9259,0.0776,2,0.2,0,-2.619692,-1.738246,1.000001
8279,268.9572,0.1161,2,0.2,0,-2.617307,-1.732649,1.000001
8280,268.9876,0.1156,2,0.2,0,-2.614912,-1.727059,1.000001
8281,269.0207,0.0766,2,0.2,0,-2.612505,-1.721475,1.000001
8282,269.0534,0.0838,2,0.2,0,-2.610083,-1.715891,1.000001
8283,269.0855,0.1003,2,0.2,0,-2.607648,-1.710307,1.000001
8284,269.1179,0.0849,2,0.2,0,-2.605202,-1.704735,1.000001
8285,269.1539,0.0923,2,0.2,0,-2.602748,-1.699172,1.000001
8286,269.186,0.1081,2,0.2,0,-2.600281,-1.693615,1.000001
8287,269.2182,0.1078,2,0.2,0,-2.5978,-1.68806,1.000001
8288,269.2501,0.1088,2,0.2,0,-2.595304,-1.682501,1.000001
8289,269.28,0.085,2,0.2,0,-2.592793,-1.676942,1.000001
8290,269.3105,0.0998,2,0.2,0,-2.590271,-1.671389,1.000001
8291,269.3422,0.0766,2,0.2,0,-2.587737,-1.665842,1.000001
8292,269.3736,0.061,2,0.2,0,-2.585192,-1.660304,1.000001
8293,269.4051,0.0847,2,0.2,0,-2.582639,-1.654779,1.000001
8294,269.4415,0.0999,2,0.2,0,-2.580074,-1.649259,1.000001
8295,269.475,0.0845,2,0.2,0,-2.577497,-1.643743,1.000001
8296,269.5113,0.1081,2,0.2,0,-2.574908,-1.638234,1.000001
8297,269.5423,0.1165,2,0.2,0,-2.572306,-1.632727,1.000001
8298,269.5734,0.0924,2,0.2,0,-2.569692,-1.627226,1.000001
8299,269.6017,0.1001,2,0.2,0,-2.567065,-1.621728,1.000001
8300,269.6353,0.1079,2,0.2,0,-2.564428,-1.616239,1.000001
8301,269.6674,0.0848,2,0.2,0,-2.561784,-1.610765,1.000001
8302,269.7038,0.0774,2,0.2,0,-2.55913,-1.605301,1.000001
8303,269.7332,0.1079,2,0.2,0,-2.556463,-1.599839,1.000001
8304,269.7659,0.0923,2,0.2,0,-2.553782,-1.594379,1.000001
8305,269.7975,0.1165,2,0.2,0,-2.551086,-1.588919,1.000001
8306,269.8311,0.1152,2,0.2,0,-2.548381,-1.58347,1.000001
8307,269.8621,0.1165,2,0.2,0,-2.545665,-1.578027,1.000001
8308,269.8981,0.1001,2,0.2,0,-2.542936,-1.572588,1.000001
8309,269.9297,0.06,2,0.2,0,-2.540197,-1.567159,1.000001
8310,269.9619,0.0846,2,0.2,0,-2.537447,-1.561736,1.000001
8311,269.9946,0.1158,2,0.2,0,-2.534687,-1.556322,1.000001
8312,270.0235,0.108,2,0.2,0,-2.531912,-1.550908,1.000001
8313,270.0535,0.1085,2,0.2,0,-2.529122,-1.545493,1.000001
8314,270.0848,0.1162,2,0.2,0,-2.526316,-1.540076,1.000001
8315,270.1179,0.0457,2,0.2,0,-2.5235,-1.534668,1.000001
8316,270.1494,0.0766,2,0.2,0,-2.520679,-1.529278,1.000001
8317,270.1824,0.0927,2,0.2,0,-2.517848,-1.523897,1.000001
8318,270.2168,0.0767,2,0.2,0,-2.515005,-1.518522,1.000001
8319,270.2495,0.1078,2,0.2,0,-2.512148,-1.51315,1.000001
8320,270.2827,0.077,2,0.2,0,-2.50928,-1.507783,1.000001
8321,270.3142,0.1084,2,0.2,0,-2.506395,-1.502413,1.000002
8322,270.345,0.0692,2,0.2,0,-2.503497,-1.497046,1.000002
8323,270.3736,0.0846,2,0.2,0,-2.500589,-1.491689,1.000002
8324,270.4099,0.1082,2,0.2,0,-2.497674,-1.486345,1.000002
8325,270.4418,0.1079,2,0.2,0,-2.494753,-1.481017,1.000002
8326,270.4752,0.0921,2,0.2,0,-2.49182,-1.475695,1.000002
8327,270.5104,0.1238,2,0.2,0,-2.488872,-1.470374,1.000002
8328,270.5422,0.1,2,0.2,0,-2.485911,-1.465055,1.000002
8329,270.572,0.0844,2,0.2,0,-2.482939,-1.459744,1.000002
8330,270.6011,0.1087,2,0.2,0,-2.479957,-1.454441,1.000002
8331,270.631,0.1074,2,0.2,0,-2.476962,-1.449142,1.000002
8332,270.6633,0.0697,2,0.2,0,-2.473954,-1.443847,1.000002
8333,270.697,0.1237,2,0.2,0,-2.470938,-1.438564,1.000002
8334,270.7304,0.0999,2,0.2,0,-2.467913,-1.433291,1.000002
8335,270.7639,0.0764,2,0.2,0,-2.464873,-1.428017,1.000002
8336,270.7991,0.1163,2,0.2,0,-2.461819,-1.422747,1.000002
8337,270.8304,0.0919,2,0.2,0,-2.458756,-1.417486,1.000002
8338,270.8612,0.1083,2,0.2,0,-2.455681,-1.412231,1.000002
8339,270.8955,0.0848,2,0.2,0,-2.452597,-1.406985,1.000002
8340,270.9256,0.0998,2,0.2,0,-2.449497,-1.40174,1.000002
8341,270.9595,0.0927,2,0.2,0,-2.446384,-1.396496,1.000002
8342,270.9903,0.1005,2,0.2,0,-2.443257,-1.391255,1.000002
8343,271.0222,0.0681,2,0.2,0,-2.44012,-1.386023,1.000002
8344,271.0565,0.1088,2,0.2,0,-2.436973,-1.3808,1.000002
8345,271.0907,0.1005,2,0.2,0,-2.433822,-1.375596,1.000002
8346,271.1228,0.0759,2,0.2,0,-2.430664,-1.370405,1.000002
8347,271.1554,0.1235,2,0.2,0,-2.427492,-1.365217,1.000002
8348,271.2084,0.0852,2,0.2,0,-2.424306,-1.36003,1.000002
8349,271.237,0.0917,2,0.2,0,-2.421107,-1.354847,1.000001
8350,271.2659,0.1006,2,0.2,0,-2.417901,-1.349677,1.000001
8351,271.2935,0.1156,2,0.2,0,-2.414685,-1.344517,1.000001
8352,271.3204,0.0611,2,0.2,0,-2.41146,-1.339365,1.000001
8353,271.3492,0.1082,2,0.2,0,-2.408218,-1.334213,1.000001
8354,271.3788,0.0998,2,0.2,0,-2.404964,-1.329065,1.000001
8355,271.4106,0.0921,2,0.2,0,-2.401696,-1.32392,1.000001
8356,271.4416,0.109,2,0.2,0,-2.39842,-1.318785,1.000001
8357,271.4747,0.1081,2,0.2,0,-2.395134,-1.31366,1.000001
8358,271.5075,0.1077,2,0.2,0,-2.391838,-1.308543,1.000001
8359,271.5425,0.1012,2,0.2,0,-2.388529,-1.303431,1.000001
8360,271.5744,0.1003,2,0.2,0,-2.38521,-1.298326,1.000001
8361,271.6063,0.0997,2,0.2,0,-2.381877,-1.293224,1.000001
8362,271.6396,0.1314,2,0.2,0,-2.378534,-1.288131,1.000001
8363,271.6678,0.1005,2,0.2,0,-2.375182,-1.283047,1.000001
8364,271.7019,0.1005,2,0.2,0,-2.371822,-1.277974,1.000001
8365,271.7352,0.0849,2,0.2,0,-2.368452,-1.27291,1.000001
8366,271.7773,0.0846,2,0.2,0,-2.365069,-1.26785,1.000001
8367,271.8181,0.0761,2,0.2,0,-2.361674,-1.262795,1.000001
8368,271.8498,0.124,2,0.2,0,-2.358268,-1.257747,1.000001
8369,271.8812,0.0919,2,0.2,0,-2.354855,-1.252712,1.000001
8370,271.9089,0.077,2,0.2,0,-2.351434,-1.247689,1.000001
8371,271.9365,0.1085,2,0.2,0,-2.348001,-1.242671,1.000001
8372,271.965,0.0681,2,0.2,0,-2.344556,-1.237658,1.0
8373,271.9934,0.1403,2,0.2,0,-2.341096,-1.232648,1.0
8374,272.0246,0.1078,2,0.2,0,-2.337629,-1.227648,1.0
8375,272.0654,0.1079,2,0.2,0,-2.334151,-1.222658,1.0
8376,272.0982,0.1004,2,0.2,0,-2.330666,-1.217678,1.0
8377,272.1279,0.0922,2,0.2,0,-2.327167,-1.212702,1.0
8378,272.1575,0.0921,2,0.2,0,-2.323648,-1.207721,1.0
8379,272.1894,0.0696,2,0.2,0,-2.320116,-1.202742,1.0
8380,272.2185,0.1161,2,0.2,0,-2.316574,-1.197773,1.0
8381,272.2499,0.1004,2,0.2,0,-2.313028,-1.192821,1.0
8382,272.2816,0.0769,2,0.2,0,-2.309471,-1.187874,1.0
8383,272.3143,0.108,2,0.2,0,-2.305902,-1.182935,1.0
8384,272.3507,0.1074,2,0.2,0,-2.30232,-1.178,1.0
8385,272.382,0.1164,2,0.2,0,-2.298728,-1.173072,1.0
8386,272.4141,0.0693,2,0.2,0,-2.295127,-1.168155,1.0
8387,272.4458,0.1163,2,0.2,0,-2.291518,-1.163249,1.0
8388,272.4783,0.1075,2,0.2,0,-2.287898,-1.15835,1.0
8389,272.5112,0.0921,2,0.2,0,-2.28426,-1.153449,1.0
8390,272.5414,0.1082,2,0.2,0,-2.280612,-1.148556,1.0
8391,272.5719,0.1156,2,0.2,0,-2.27696,-1.143681,1.0
8392,272.6073,0.0923,2,0.2,0,-2.273305,-1.138823,1.0
8393,272.6413,0.0923,2,0.2,0,-2.269639,-1.133972,1.0
8394,272.6733,0.0842,2,0.2,0,-2.26596,-1.129127,1.0
8395,272.707,0.1074,2,0.2,0,-2.262273,-1.124291,1.0
8396,272.7399,0.1005,2,0.2,0,-2.258576,-1.119466,1.0
8397,272.7675,0.0773,2,0.2,0,-2.254869,-1.114648,1.0
8398,272.8033,0.1009,2,0.2,0,-2.251151,-1.109836,1.0
8399,272.8359,0.1076,2,0.2,0,-2.247421,-1.105032,1.0
8400,272.865,0.1085,2,0.2,0,-2.243681,-1.100235,1.0
8401,272.9017,0.1002,2,0.2,0,-2.239931,-1.095446,1.0
8402,272.9342,0.1316,2,0.2,0,-2.236172,-1.090667,1.0
8403,272.9663,0.0926,2,0.2,0,-2.232403,-1.085895,1.0
8404,272.9992,0.0852,2,0.2,0,-2.22862,-1.081127,1.0
8405,273.0279,0.1,2,0.2,0,-2.224824,-1.076362,1.0
8406,273.0621,0.1,2,0.2,0,-2.221015,-1.071603,1.0
8407,273.0932,0.0928,2,0.2,0,-2.217201,-1.066857,1.0
8408,273.127,0.0922,2,0.2,0,-2.21338,-1.062125,1.0
8409,273.1639,0.1236,2,0.2,0,-2.209546,-1.057397,1.0
8410,273.1971,0.1079,2,0.2,0,-2.205701,-1.052676,1.0
8411,273.2299,0.1001,2,0.2,0,-2.201845,-1.047962,1.0
8412,273.2596,0.1157,2,0.2,0,-2.197978,-1.043254,1.0
8413,273.2938,0.1392,2,0.2,0,-2.194099,-1.038555,1.0
8414,273.3248,0.084,2,0.2,0,-2.190212,-1.033865,1.0
8415,273.355,0.131,2,0.2,0,-2.186313,-1.029181,1.0
8416,273.3866,0.0923,2,0.2,0,-2.182403,-1.024505,1.0
8417,273.4194,0.1161,2,0.2,0,-2.178491,-1.019846,1.0
8418,273.4511,0.1,2,0.2,0,-2.174572,-1.0152,1.0
8419,273.4837,0.1392,2,0.2,0,-2.170638,-1.010556,1.0
8420,273.5181,0.0998,2,0.2,0,-2.16669,-1.005915,1.0
8421,273.5536,0.1004,2,0.2,0,-2.162731,-1.001282,1.0
8422,273.5851,0.1076,2,0.2,0,-2.15877,-0.996666,1.0
8423,273.6188,0.1161,2,0.2,0,-2.154799,-0.992059,1.0
8424,273.6506,0.1084,2,0.2,0,-2.150818,-0.987459,1.0
8425,273.6827,0.0845,2,0.2,0,-2.146827,-0.982869,1.0
8426,273.7151,0.1159,2,0.2,0,-2.142833,-0.978293,1.0
8427,273.7458,0.0931,2,0.2,0,-2.138831,-0.973728,1.0
8428,273.7792,0.1629,2,0.2,0,-2.134815,-0.969167,1.0
8429,273.8241,0.0766,2,0.2,0,-2.13079,-0.964615,1.0
8430,273.8568,0.1234,2,0.2,0,-2.126755,-0.96007,1.0
8431,273.8895,0.0928,2,0.2,0,-2.122711,-0.955534,1.0
8432,273.9193,0.1156,2,0.2,0,-2.118657,-0.951007,1.0
8433,273.9508,0.115,2,0.2,0,-2.114593,-0.946487,1.0
8434,273.9832,0.0691,2,0.2,0,-2.110518,-0.941973,1.000001
8435,274.0144,0.1315,2,0.2,0,-2.106436,-0.937471,1.000001
8436,274.0469,0.108,2,0.2,0,-2.102349,-0.932983,1.000001
8437,274.0783,0.1247,2,0.2,0,-2.09825,-0.9285,1.000001
8438,274.1143,0.0767,2,0.2,0,-2.094141,-0.924025,1.000001
8439,274.1471,0.1158,2,0.2,0,-2.09002,-0.919557,1.000001
8440,274.1783,0.0924,2,0.2,0,-2.085893,-0.9151,1.000001
8441,274.2099,0.109,2,0.2,0,-2.081752,-0.910648,1.000001
8442,274.2412,0.0851,2,0.2,0,-2.077598,-0.9062,1.000001
8443,274.2721,0.1007,2,0.2,0,-2.073428,-0.901754,1.000001
8444,274.3088,0.1081,2,0.2,0,-2.06925,-0.897319,1.000001
8445,274.3423,0.1166,2,0.2,0,-2.065063,-0.892895,1.000001
8446,274.3746,0.1011,2,0.2,0,-2.060863,-0.888473,1.000001
8447,274.4067,0.0842,2,0.2,0,-2.056647,-0.884056,1.000001
8448,274.44,0.131,2,0.2,0,-2.052421,-0.879646,1.000001
8449,274.4682,0.1239,2,0.2,0,-2.048187,-0.875247,1.000001
8450,274.498,0.1318,2,0.2,0,-2.043941,-0.870856,1.000001
8451,274.5272,0.1078,2,0.2,0,-2.039687,-0.866474,1.000001
8452,274.5601,0.1153,2,0.2,0,-2.035426,-0.862104,1.000001
8453,274.5939,0.1163,2,0.2,0,-2.031158,-0.857746,1.000001
8454,274.6285,0.1396,2,0.2,0,-2.026884,-0.8534,1.000001
8455,274.6634,0.123,2,0.2,0,-2.022602,-0.849064,1.000001
8456,274.6947,0.1236,2,0.2,0,-2.018315,-0.844742,1.000001
8457,274.7251,0.1552,2,0.2,0,-2.014026,-0.840435,1.000001
8458,274.7554,0.1243,2,0.2,0,-2.009728,-0.836138,1.000001
8459,274.7904,0.1481,2,0.2,0,-2.005419,-0.831848,1.000001
8460,274.8222,0.1157,2,0.2,0,-2.001101,-0.827567,1.000001
8461,274.8557,0.124,2,0.2,0,-1.996776,-0.823296,1.000001
8462,274.8899,0.1164,2,0.2,0,-1.992442,-0.819036,1.000001
8463,274.9222,0.1322,2,0.2,0,-1.988097,-0.814781,1.0
8464,274.9548,0.1081,2,0.2,0,-1.983741,-0.810536,1.0
8465,274.9843,0.1235,2,0.2,0,-1.979378,-0.8063,1.0
8466,275.0162,0.0929,2,0.2,0,-1.975007,-0.802076,1.0
8467,275.0503,0.116,2,0.2,0,-1.970626,-0.797859,1.0
8468,275.0819,0.0999,2,0.2,0,-1.966233,-0.793649,1.0
8469,275.117,0.0997,2,0.2,0,-1.96183,-0.789449,1.0
8470,275.1497,0.0918,2,0.2,0,-1.957417,-0.785256,1.0
8471,275.1808,0.1079,2,0.2,0,-1.952993,-0.781071,1.0
8472,275.2129,0.0998,2,0.2,0,-1.948556,-0.776891,1.0
8473,275.246,0.0928,2,0.2,0,-1.944104,-0.772717,0.999999
8474,275.2768,0.1314,2,0.2,0,-1.939645,-0.768551,0.999999
8475,275.3103,0.0775,2,0.2,0,-1.935177,-0.764397,0.999999
8476,275.3416,0.1313,2,0.2,0,-1.930699,-0.760249,0.999999
8477,275.3733,0.0693,2,0.2,0,-1.926212,-0.756112,0.999999
8478,275.4045,0.093,2,0.2,0,-1.921723,-0.75199,0.999999
8479,275.4423,0.1084,2,0.2,0,-1.917231,-0.747883,0.999999
8480,275.4752,0.1162,2,0.2,0,-1.91273,-0.743785,0.999999
8481,275.5104,0.1009,2,0.2,0,-1.908221,-0.739698,0.999999
8482,275.5413,0.0922,2,0.2,0,-1.903707,-0.735624,0.999999
8483,275.5727,0.1321,2,0.2,0,-1.899188,-0.731563,0.999999
8484,275.6058,0.0847,2,0.2,0,-1.894659,-0.72751,0.999999
8485,275.6364,0.1467,2,0.2,0,-1.89012,-0.723466,0.999999
8486,275.6656,0.0767,2,0.2,0,-1.885571,-0.719431,0.999998
8487,275.6984,0.124,2,0.2,0,-1.881013,-0.715406,0.999998
8488,275.7298,0.0926,2,0.2,0,-1.876453,-0.711396,0.999998
8489,275.7626,0.1154,2,0.2,0,-1.871884,-0.707395,0.999998
8490,275.7973,0.1165,2,0.2,0,-1.867308,-0.703406,0.999998
8491,275.8296,0.0847,2,0.2,0,-1.862726,-0.699428,0.999998
8492,275.8607,0.1312,2,0.2,0,-1.858137,-0.695462,0.999998
8493,275.8923,0.1236,2,0.2,0,-1.853538,-0.691504,0.999998
8494,275.9236,0.1231,2,0.2,0,-1.848924,-0.687551,0.999998
8495,275.9548,0.0846,2,0.2,0,-1.844302,-0.683607,0.999998
8496,275.9859,0.1472,2,0.2,0,-1.839665,-0.679667,0.999999
8497,276.019,0.1002,2,0.2,0,-1.835021,-0.675738,0.999999
8498,276.0546,0.1472,2,0.2,0,-1.830369,-0.67182,0.999999
8499,276.0892,0.1315,2,0.2,0,-1.825705,-0.667907,0.999999
8500,276.1193,0.1322,2,0.2,0,-1.821026,-0.663999,0.999999
8501,276.1533,0.1315,2,0.2,0,-1.816337,-0.660099,0.999999
8502,276.1839,0.1151,2,0.2,0,-1.811641,-0.65621,0.999999
8503,276.2159,0.1476,2,0.2,0,-1.806932,-0.652327,0.999999
8504,276.2473,0.1234,2,0.2,0,-1.802217,-0.648456,0.999999
8505,276.281,0.1084,2,0.2,0,-1.797496,-0.644597,0.999999
8506,276.3153,0.0925,2,0.2,0,-1.79277,-0.64075,1.0
8507,276.3466,0.1242,2,0.2,0,-1.788034,-0.636912,1.0
8508,276.3774,0.1161,2,0.2,0,-1.783291,-0.633085,1.0
8509,276.4101,0.077,2,0.2,0,-1.778543,-0.62927,1.0
8510,276.442,0.101,2,0.2,0,-1.773785,-0.625465,1.0
8511,276.4728,0.1393,2,0.2,0,-1.769021,-0.621671,1.0
8512,276.5054,0.1081,2,0.2,0,-1.764248,-0.617887,1.0
8513,276.5409,0.1154,2,0.2,0,-1.759467,-0.614113,1.0
8514,276.5744,0.1007,2,0.2,0,-1.75468,-0.610351,1.0
8515,276.6068,0.1004,2,0.2,0,-1.749887,-0.606601,1.0
8516,276.6384,0.0922,2,0.2,0,-1.745088,-0.602862,1.0
8517,276.6684,0.1083,2,0.2,0,-1.740275,-0.599129,1.0
8518,276.7025,0.124,2,0.2,0,-1.735455,-0.595407,1.0
8519,276.7348,0.1081,2,0.2,0,-1.73063,-0.591698,1.0
8520,276.7659,0.1001,2,0.2,0,-1.725801,-0.588003,1.0
8521,276.7967,0.1313,2,0.2,0,-1.720955,-0.58431,1.000001
8522,276.8306,0.1085,2,0.2,0,-1.716102,-0.580628,1.000001
8523,276.865,0.1159,2,0.2,0,-1.711246,-0.57696,1.000001
8524,276.8991,0.108,2,0.2,0,-1.706385,-0.573304,1.000001
8525,276.9326,0.1089,2,0.2,0,-1.701513,-0.569656,1.000001
8526,276.9611,0.116,2,0.2,0,-1.696626,-0.566014,1.000001
8527,276.9938,0.1155,2,0.2,0,-1.691735,-0.562384,1.000001
8528,277.025,0.1391,2,0.2,0,-1.686835,-0.558765,1.000001
8529,277.0596,0.1241,2,0.2,0,-1.681932,-0.55516,1.000002
8530,277.0898,0.1235,2,0.2,0,-1.67702,-0.551563,1.000002
8531,277.1209,0.0844,2,0.2,0,-1.672089,-0.547969,1.000002
8532,277.1561,0.1156,2,0.2,0,-1.667143,-0.544381,1.000002
8533,277.1903,0.1006,2,0.2,0,-1.662189,-0.540802,1.000002
8534,277.2227,0.1154,2,0.2,0,-1.657229,-0.537236,1.000002
8535,277.2546,0.1238,2,0.2,0,-1.652265,-0.533682,1.000002
8536,277.2838,0.0925,2,0.2,0,-1.647288,-0.530135,1.000002
8537,277.3158,0.116,2,0.2,0,-1.642304,-0.5266,1.000002
8538,277.3504,0.0859,2,0.2,0,-1.637317,-0.523078,1.000002
8539,277.3822,0.1004,2,0.2,0,-1.632331,-0.519572,1.000002
8540,277.4159,0.1547,2,0.2,0,-1.627338,-0.516078,1.000002
8541,277.4494,0.0773,2,0.2,0,-1.622339,-0.512596,1.000002
8542,277.4804,0.1157,2,0.2,0,-1.617331,-0.509123,1.000002
8543,277.5128,0.0927,2,0.2,0,-1.612314,-0.50566,1.000002
8544,277.5466,0.1083,2,0.2,0,-1.607291,-0.502209,1.000002
8545,277.5766,0.1306,2,0.2,0,-1.60226,-0.498768,1.000002
8546,277.6107,0.1154,2,0.2,0,-1.597218,-0.495335,1.000002
8547,277.6413,0.0924,2,0.2,0,-1.592162,-0.491908,1.000002
8548,277.6741,0.1084,2,0.2,0,-1.587095,-0.48849,1.000002
8549,277.7057,0.1001,2,0.2,0,-1.582031,-0.485089,1.000002
8550,277.7386,0.1235,2,0.2,0,-1.57696,-0.481701,1.000002
8551,277.771,0.1469,2,0.2,0,-1.571881,-0.478321,1.000002
8552,277.8052,0.1085,2,0.2,0,-1.566791,-0.474951,1.000002
8553,277.8371,0.1076,2,0.2,0,-1.561689,-0.471588,1.000002
8554,277.8715,0.1155,2,0.2,0,-1.556578,-0.468235,1.000001
8555,277.9021,0.1085,2,0.2,0,-1.551463,-0.464895,1.000001
8556,277.9339,0.0995,2,0.2,0,-1.546347,-0.46157,1.000001
8557,277.9654,0.1075,2,0.2,0,-1.541232,-0.458262,1.000001
8558,277.9995,0.1087,2,0.2,0,-1.536109,-0.454964,1.000001
8559,278.0317,0.1086,2,0.2,0,-1.530977,-0.451676,1.000001
8560,278.0649,0.1232,2,0.2,0,-1.525839,-0.4484,1.000001
8561,278.0974,0.1071,2,0.2,0,-1.520694,-0.445135,1.000001
8562,278.1286,0.1078,2,0.2,0,-1.515544,-0.441882,1.000001
8563,278.1613,0.1078,2,0.2,0,-1.510385,-0.438639,1.0
8564,278.1941,0.1092,2,0.2,0,-1.505217,-0.435406,1.0
8565,278.2266,0.0918,2,0.2,0,-1.500036,-0.43218,1.0
8566,278.2633,0.1237,2,0.2,0,-1.49484,-0.42896,1.0
8567,278.2942,0.1009,2,0.2,0,-1.489632,-0.425747,1.0
8568,278.3258,0.1245,2,0.2,0,-1.484417,-0.422546,1.0
8569,278.3573,0.1155,2,0.2,0,-1.479202,-0.41936,1.0
8570,278.3895,0.0923,2,0.2,0,-1.47398,-0.416185,1.0
8571,278.4216,0.1246,2,0.2,0,-1.468753,-0.413022,1.0
8572,278.4537,0.1081,2,0.2,0,-1.463523,-0.409873,0.999999
8573,278.4868,0.1237,2,0.2,0,-1.458296,-0.40674,0.999999
8574,278.5218,0.1002,2,0.2,0,-1.45307,-0.403623,0.999999
8575,278.5556,0.14,2,0.2,0,-1.447839,-0.400519,0.999999
8576,278.5887,0.0933,2,0.2,0,-1.4426,-0.397425,0.999999
8577,278.6205,0.1078,2,0.2,0,-1.437345,-0.394336,0.999999
8578,278.6503,0.1004,2,0.2,0,-1.432077,-0.391256,0.999999
8579,278.6824,0.1084,2,0.2,0,-1.426792,-0.38818,0.999999
8580,278.7134,0.1398,2,0.2,0,-1.421504,-0.385118,0.999999
8581,278.7455,0.092,2,0.2,0,-1.416211,-0.382068,0.999999
8582,278.7789,0.1316,2,0.2,0,-1.41091,-0.379028,0.999999
8583,278.8142,0.1075,2,0.2,0,-1.405597,-0.375998,0.999999
8584,278.847,0.1168,2,0.2,0,-1.40028,-0.372979,0.999999
8585,278.8791,0.1234,2,0.2,0,-1.394957,-0.369972,0.999999
8586,278.9102,0.1311,2,0.2,0,-1.389636,-0.366981,0.999999
8587,278.9427,0.1158,2,0.2,0,-1.384309,-0.364002,0.999999
8588,278.9729,0.1235,2,0.2,0,-1.378974,-0.361034,0.999999
8589,279.0061,0.1009,2,0.2,0,-1.373638,-0.35808,0.999999
8590,279.0419,0.1235,2,0.2,0,-1.368295,-0.355138,0.999999
8591,279.0725,0.0691,2,0.2,0,-1.36294,-0.352204,0.999999
8592,279.1038,0.1005,2,0.2,0,-1.357579,-0.349281,0.999999
8593,279.1368,0.0999,2,0.2,0,-1.352214,-0.346372,0.999999
8594,279.1675,0.1157,2,0.2,0,-1.346844,-0.343474,0.999999
8595,279.2026,0.0842,2,0.2,0,-1.341469,-0.340589,0.999999
8596,279.2362,0.1229,2,0.2,0,-1.336076,-0.33771,0.999999
8597,279.2692,0.0936,2,0.2,0,-1.330674,-0.334841,0.999999
8598,279.3024,0.1081,2,0.2,0,-1.325273,-0.331986,0.999999
8599,279.334,0.1083,2,0.2,0,-1.31987,-0.329146,1.0
8600,279.3645,0.115,2,0.2,0,-1.314459,-0.326316,1.0
8601,279.3955,0.1084,2,0.2,0,-1.309033,-0.323493,1.0
8602,279.4294,0.1386,2,0.2,0,-1.303601,-0.320682,1.0
8603,279.4646,0.1162,2,0.2,0,-1.298168,-0.317885,1.0
8604,279.4995,0.1244,2,0.2,0,-1.292736,-0.315104,1.0
8605,279.5294,0.1007,2,0.2,0,-1.287301,-0.312335,1.0
8606,279.5626,0.1081,2,0.2,0,-1.28186,-0.309578,1.0
8607,279.5946,0.1166,2,0.2,0,-1.276414,-0.306834,1.0
8608,279.6269,0.1074,2,0.2,0,-1.270959,-0.304099,1.0
8609,279.6611,0.1078,2,0.2,0,-1.265494,-0.301374,1.0
8610,279.6931,0.1393,2,0.2,0,-1.260019,-0.298659,1.0
8611,279.7223,0.0846,2,0.2,0,-1.254535,-0.295955,1.0
8612,279.7528,0.1157,2,0.2,0,-1.249053,-0.293266,1.0
8613,279.7848,0.0852,2,0.2,0,-1.243565,-0.290589,1.0
8614,279.818,0.1238,2,0.2,0,-1.238071,-0.287924,1.0
8615,279.8554,0.1088,2,0.2,0,-1.232569,-0.285269,1.0
8616,279.8896,0.1159,2,0.2,0,-1.227061,-0.282626,1.0
8617,279.9208,0.0924,2,0.2,0,-1.221556,-0.279999,1.0
8618,279.9499,0.0917,2,0.2,0,-1.216047,-0.277384,1.0
8619,279.9804,0.1087,2,0.2,0,-1.210531,-0.274781,1.0
8620,280.0143,0.0924,2,0.2,0,-1.205006,-0.272188,1.0
8621,280.0458,0.1079,2,0.2,0,-1.199472,-0.269606,1.0
8622,280.0767,0.0931,2,0.2,0,-1.19393,-0.267034,1.0
8623,280.1094,0.1083,2,0.2,0,-1.18838,-0.264473,1.0
8624,280.146,0.1318,2,0.2,0,-1.182823,-0.261923,1.0
8625,280.1771,0.1083,2,0.2,0,-1.177258,-0.259385,1.0
8626,280.2095,0.1236,2,0.2,0,-1.171684,-0.256856,1.0
8627,280.2423,0.1001,2,0.2,0,-1.166107,-0.254341,1.0
8628,280.2727,0.1162,2,0.2,0,-1.16053,-0.25184,1.0
8629,280.3052,0.1075,2,0.2,0,-1.154947,-0.249351,0.999999
8630,280.337,0.1002,2,0.2,0,-1.149364,-0.246876,0.999999
8631,280.3704,0.1004,2,0.2,0,-1.143781,-0.244416,0.999999
8632,280.4055,0.0772,2,0.2,0,-1.138198,-0.241971,0.999999
8633,280.4381,0.1163,2,0.2,0,-1.132605,-0.239535,0.999999
8634,280.4713,0.0928,2,0.2,0,-1.126993,-0.237106,0.999999
8635,280.5013,0.0998,2,0.2,0,-1.121368,-0.234685,0.999999
8636,280.5328,0.1005,2,0.2,0,-1.115738,-0.232277,0.999999
8637,280.5647,0.1083,2,0.2,0,-1.110105,-0.229882,0.999999
8638,280.5977,0.0851,2,0.2,0,-1.104473,-0.227502,0.999999
8639,280.631,0.101,2,0.2,0,-1.098841,-0.225136,0.999999
8640,280.6648,0.1075,2,0.2,0,-1.093208,-0.222784,0.999999
8641,280.6971,0.0776,2,0.2,0,-1.08757,-0.220444,0.999999
8642,280.7298,0.0854,2,0.2,0,-1.081924,-0.218115,0.999999
8643,280.7634,0.1092,2,0.2,0,-1.076264,-0.215794,0.999999
8644,280.7989,0.0854,2,0.2,0,-1.070595,-0.213484,0.999999
8645,280.8279,0.092,2,0.2,0,-1.064921,-0.211186,0.999999
8646,280.8625,0.069,2,0.2,0,-1.059245,-0.208902,0.999999
8647,280.8952,0.0928,2,0.2,0,-1.053577,-0.206635,0.999999
8648,280.9261,0.108,2,0.2,0,-1.047921,-0.204388,0.999999
8649,280.9669,0.0999,2,0.2,0,-1.042259,-0.202152,0.999999
8650,281.0014,0.0913,2,0.2,0,-1.036588,-0.199927,0.999999
8651,281.0297,0.1076,2,0.2,0,-1.030905,-0.197712,0.999999
8652,281.0612,0.1011,2,0.2,0,-1.025204,-0.195504,0.999999
8653,281.0897,0.1169,2,0.2,0,-1.019499,-0.193308,0.999999
8654,281.1199,0.1086,2,0.2,0,-1.013789,-0.191125,0.999999
8655,281.1507,0.1009,2,0.2,0,-1.008078,-0.188955,0.999999
8656,281.1821,0.1076,2,0.2,0,-1.002374,-0.186802,0.999999
8657,281.2159,0.1073,2,0.2,0,-0.996673,-0.184664,0.999999
8658,281.2466,0.1089,2,0.2,0,-0.990969,-0.18254,0.999999
8659,281.2809,0.1317,2,0.2,0,-0.985255,-0.180425,0.999999
8660,281.3136,0.1145,2,0.2,0,-0.979525,-0.178319,0.999999
8661,281.3495,0.1151,2,0.2,0,-0.973777,-0.17622,0.999999
8662,281.3814,0.0998,2,0.2,0,-0.968022,-0.174133,0.999999
8663,281.4127,0.1169,2,0.2,0,-0.962266,-0.172059,0.999999
8664,281.447,0.0941,2,0.2,0,-0.956513,-0.17,0.999999
8665,281.4784,0.0862,2,0.2,0,-0.950765,-0.167957,0.999999
8666,281.511,0.0699,2,0.2,0,-0.945019,-0.165928,0.999999
8667,281.5426,0.0927,2,0.2,0,-0.939273,-0.163913,0.999999
8668,281.5743,0.0847,2,0.2,0,-0.933522,-0.161911,0.999999
8669,281.6076,0.1314,2,0.2,0,-0.927763,-0.15992,0.999999
8670,281.642,0.1164,2,0.2,0,-0.921991,-0.157939,0.999999
8671,281.6765,0.0992,2,0.2,0,-0.916209,-0.155968,0.999999
8672,281.7086,0.1074,2,0.2,0,-0.910419,-0.154009,0.999999
8673,281.7422,0.1076,2,0.2,0,-0.904633,-0.152064,0.999999
8674,281.7748,0.1158,2,0.2,0,-0.898852,-0.150136,0.999999
8675,281.8062,0.1083,2,0.2,0,-0.89308,-0.148224,0.999999
8676,281.8362,0.1009,2,0.2,0,-0.88731,-0.146326,0.999999
8677,281.868,0.0852,2,0.2,0,-0.881541,-0.144443,0.999999
8678,281.9032,0.085,2,0.2,0,-0.875765,-0.142571,0.999999
8679,281.9335,0.0857,2,0.2,0,-0.869977,-0.140709,0.999999
8680,281.9686,0.0698,2,0.2,0,-0.864177,-0.138856,0.999999
8681,282.0011,0.1253,2,0.2,0,-0.858367,-0.137014,0.999999
8682,282.0325,0.108,2,0.2,0,-0.852549,-0.135184,0.999999
8683,282.0653,0.0996,2,0.2,0,-0.846723,-0.133364,0.999999
8684,282.0983,0.1153,2,0.2,0,-0.840892,-0.131557,0.999999
8685,282.1282,0.0993,2,0.2,0,-0.835061,-0.129763,0.999999
8686,282.1626,0.1235,2,0.2,0,-0.829228,-0.127983,0.999999
8687,282.1948,0.1085,2,0.2,0,-0.823403,-0.126219,0.999999
8688,282.2263,0.1316,2,0.2,0,-0.817589,-0.124473,0.999999
8689,282.2577,0.0605,2,0.2,0,-0.811775,-0.12274,0.999999
8690,282.2903,0.1312,2,0.2,0,-0.805962,-0.121021,0.999999
8691,282.3229,0.1159,2,0.2,0,-0.800147,-0.119315,0.999999
8692,282.3567,0.0846,2,0.2,0,-0.794325,-0.11762,0.999999
8693,282.3909,0.1248,2,0.2,0,-0.788497,-0.115937,0.999999
8694,282.4216,0.0849,2,0.2,0,-0.782666,-0.114267,0.999999
8695,282.4537,0.0762,2,0.2,0,-0.776829,-0.112609,0.999999
8696,282.4842,0.1006,2,0.2,0,-0.770982,-0.110961,0.999999
8697,282.5153,0.0774,2,0.2,0,-0.765126,-0.109323,0.999999
8698,282.5494,0.1157,2,0.2,0,-0.759254,-0.107695,0.999999
8699,282.5819,0.1242,2,0.2,0,-0.753369,-0.106077,0.999999
8700,282.6142,0.1158,2,0.2,0,-0.747482,-0.104472,0.999999
8701,282.6497,0.1072,2,0.2,0,-0.741597,-0.102882,0.999999
8702,282.6811,0.1072,2,0.2,0,-0.735714,-0.101306,0.999999
8703,282.7127,0.1154,2,0.2,0,-0.729831,-0.099743,0.999999
8704,282.7468,0.124,2,0.2,0,-0.723952,-0.098195,0.999999
8705,282.7757,0.1159,2,0.2,0,-0.71808,-0.096663,0.999999
8706,282.8059,0.1165,2,0.2,0,-0.712214,-0.095145,0.999999
8707,282.8388,0.1236,2,0.2,0,-0.706353,-0.093643,0.999999
8708,282.8692,0.0686,2,0.2,0,-0.700495,-0.092154,0.999999
8709,282.9022,0.0998,2,0.2,0,-0.694631,-0.090677,0.999999
8710,282.9359,0.0771,2,0.2,0,-0.688749,-0.089209,0.999999
8711,282.9681,0.1002,2,0.2,0,-0.682842,-0.087748,0.999999
8712,283.0009,0.1008,2,0.2,0,-0.676918,-0.086296,0.999999
8713,283.0318,0.0849,2,0.2,0,-0.670993,-0.084857,0.999999
8714,283.0676,0.0777,2,0.2,0,-0.665073,-0.083433,0.999999
8715,283.099,0.1003,2,0.2,0,-0.659153,-0.082022,0.999999
8716,283.1279,0.1079,2,0.2,0,-0.653229,-0.080623,0.999999
8717,283.1612,0.0998,2,0.2,0,-0.647297,-0.079236,0.999999
8718,283.1931,0.1309,2,0.2,0,-0.641355,-0.077859,0.999999
8719,283.2256,0.147,2,0.2,0,-0.635408,-0.076495,0.999999
8720,283.2622,0.1093,2,0.2,0,-0.629465,-0.075144,0.999999
8721,283.2934,0.1084,2,0.2,0,-0.623535,-0.073811,0.999999
8722,283.3249,0.1079,2,0.2,0,-0.617623,-0.072494,0.999999
8723,283.3574,0.0918,2,0.2,0,-0.611723,-0.071194,0.999999
8724,283.391,0.1156,2,0.2,0,-0.605829,-0.069908,0.999999
8725,283.4238,0.1079,2,0.2,0,-0.599931,-0.068635,0.999999
8726,283.4539,0.1162,2,0.2,0,-0.594023,-0.067373,0.999999
8727,283.4858,0.1174,2,0.2,0,-0.588105,-0.066122,0.999999
8728,283.5184,0.0931,2,0.2,0,-0.582183,-0.064883,0.999999
8729,283.556,0.1003,2,0.2,0,-0.576257,-0.063657,0.999999
8730,283.586,0.0926,2,0.2,0,-0.570323,-0.062443,0.999999
8731,283.6176,0.0689,2,0.2,0,-0.564375,-0.061239,0.999999
8732,283.6491,0.0768,2,0.2,0,-0.558406,-0.060044,0.999999
8733,283.6788,0.062,2,0.2,0,-0.552409,-0.058856,0.999999
8734,283.714,0.0777,2,0.2,0,-0.546385,-0.057677,0.999999
8735,283.7465,0.0776,2,0.2,0,-0.540341,-0.056506,0.999999
8736,283.778,0.0931,2,0.2,0,-0.534295,-0.055349,0.999999
8737,283.8145,0.0779,2,0.2,0,-0.528261,-0.054208,0.999999
8738,283.8467,0.0848,2,0.2,0,-0.522247,-0.053083,0.999999
8739,283.8788,0.1003,2,0.2,0,-0.516247,-0.051975,0.999999
8740,283.9097,0.1236,2,0.2,0,-0.510252,-0.05088,0.999999
8741,283.942,0.1078,2,0.2,0,-0.504257,-0.049799,0.999999
8742,283.9705,0.1238,3,0.2,0,-0.498257,-0.048731,0.999999
8743,284.0053,0.1313,3,0.2,0,-0.492252,-0.047675,0.999999
8744,284.0375,0.1159,3,0.2,0,-0.486249,-0.046632,0.999999
8745,284.0701,0.1245,3,0.2,0,-0.480259,-0.045605,0.999999
8746,284.1053,0.1,3,0.2,0,-0.474292,-0.044595,0.999999
8747,284.1393,0.1081,3,0.2,0,-0.468339,-0.043601,0.999999
8748,284.1707,0.1234,3,0.2,0,-0.462393,-0.04262,0.999999
8749,284.2019,0.1378,3,0.2,0,-0.456443,-0.041652,0.999998
8750,284.2322,0.1458,3,0.2,0,-0.450484,-0.040695,0.999998
8751,284.2631,0.1539,3,0.2,0,-0.444508,-0.039749,0.999998
8752,284.2975,0.1536,3,0.2,0,-0.438516,-0.038813,0.999998
8753,284.3306,0.1463,3,0.2,0,-0.432512,-0.037887,0.999998
8754,284.3644,0.1225,3,0.2,0,-0.426504,-0.036974,0.999998
8755,284.3981,0.1228,3,0.2,0,-0.420499,-0.036074,0.999998
8756,284.4294,0.1149,3,0.2,0,-0.4145,-0.035188,0.999998
8757,284.4627,0.1159,3,0.2,0,-0.408508,-0.034315,0.999998
8758,284.4946,0.1236,3,0.2,0,-0.402518,-0.033455,0.999998
8759,284.5252,0.132,3,0.2,0,-0.396534,-0.032608,0.999998
8760,284.5544,0.1083,3,0.2,0,-0.390555,-0.031774,0.999998
8761,284.5858,0.116,3,0.2,0,-0.384575,-0.030952,0.999998
8762,284.6172,0.1231,3,0.2,0,-0.378588,-0.030142,0.999999
8763,284.6499,0.1314,3,0.2,0,-0.372596,-0.029343,0.999999
8764,284.6852,0.1392,3,0.2,0,-0.366593,-0.028556,0.999999
8765,284.7157,0.1308,3,0.2,0,-0.360579,-0.027779,0.999999
8766,284.7514,0.1074,3,0.2,0,-0.354552,-0.027014,0.999999
8767,284.7825,0.1155,3,0.2,0,-0.348513,-0.02626,0.999999
8768,284.8153,0.1238,3,0.2,0,-0.342464,-0.025518,0.999999
8769,284.847,0.1001,3,0.2,0,-0.336409,-0.024788,0.999999
8770,284.8754,0.1087,3,0.2,0,-0.330355,-0.02407,0.999999
8771,284.9099,0.0999,3,0.2,0,-0.324311,-0.023367,0.999999
8772,284.9412,0.1153,3,0.2,0,-0.318276,-0.022678,0.999999
8773,284.9737,0.1156,3,0.2,0,-0.312253,-0.022003,0.999999
8774,285.0057,0.1159,3,0.2,0,-0.306237,-0.021342,0.999999
8775,285.0423,0.1225,3,0.2,0,-0.300223,-0.020694,0.999999
8776,285.0729,0.1384,3,0.2,0,-0.29421,-0.02006,0.999999
8777,285.1047,0.1541,3,0.2,0,-0.288192,-0.019438,0.999999
8778,285.1378,0.1616,3,0.2,0,-0.282164,-0.018829,0.999999
8779,285.1686,0.1773,3,0.2,0,-0.27612,-0.018231,0.999999
8780,285.2012,0.2014,3,0.2,0,-0.270062,-0.017644,0.999999
8781,285.2327,0.2011,3,0.2,0,-0.263996,-0.017069,0.999999
8782,285.264,0.1377,3,0.2,0,-0.257926,-0.016506,0.999999
8783,285.2981,0.1614,3,0.2,0,-0.25185,-0.015956,0.999999
8784,285.3321,0.1535,3,0.2,0,-0.245773,-0.015417,0.999999
8785,285.3657,0.1698,3,0.2,0,-0.239697,-0.014892,0.999999
8786,285.398,0.1619,3,0.2,0,-0.233621,-0.014379,1.0
8787,285.4304,0.1703,3,0.2,0,-0.227546,-0.013878,1.0
8788,285.4631,0.1627,3,0.2,0,-0.221475,-0.013391,1.0
8789,285.4936,0.1628,3,0.2,0,-0.215407,-0.012917,1.0
8790,285.5257,0.1393,3,0.2,0,-0.209337,-0.012455,1.0
8791,285.5565,0.1386,3,0.2,0,-0.203264,-0.012007,1.0
8792,285.5895,0.1469,3,0.2,0,-0.19719,-0.011571,1.0
8793,285.6229,0.1552,3,0.2,0,-0.191116,-0.011147,1.0
8794,285.6593,0.1477,3,0.2,0,-0.185047,-0.010737,1.0
8795,285.6907,0.1394,3,0.2,0,-0.178988,-0.01034,1.0
8796,285.7227,0.1152,3,0.2,0,-0.172944,-0.009957,1.0
8797,285.7536,0.1474,3,0.2,0,-0.166915,-0.009588,1.0
8798,285.7868,0.1317,3,0.2,0,-0.160896,-0.009231,1.0
8799,285.8185,0.1319,3,0.2,0,-0.15488,-0.008887,1.0
8800,285.8542,0.14,3,0.2,0,-0.148861,-0.008556,1.0
8801,285.8849,0.1161,3,0.2,0,-0.142834,-0.008237,1.0
8802,285.9179,0.1321,3,0.2,0,-0.136796,-0.007929,1.0
8803,285.9516,0.1481,3,0.2,0,-0.130746,-0.007633,1.0
8804,285.98,0.1562,3,0.2,0,-0.124679,-0.007349,1.0
8805,286.0141,0.1801,3,0.2,0,-0.118598,-0.007077,1.0
8806,286.0464,0.1397,3,0.2,0,-0.112504,-0.006817,1.0
8807,286.0812,0.1637,3,0.2,0,-0.106403,-0.006569,1.0
8808,286.1148,0.1006,3,0.2,0,-0.100304,-0.006334,1.0
8809,286.1464,0.1008,3,0.2,0,-0.094213,-0.006113,1.0
8810,286.1773,0.0692,3,0.2,0,-0.088134,-0.005904,1.0
8811,286.209,0.0784,3,0.2,0,-0.082065,-0.005709,1.0
8812,286.2413,0.0454,3,0.2,0,-0.076004,-0.005528,1.0
8813,286.2731,0.0292,3,0.2,0,-0.06995,-0.00536,1.0
8814,286.3078,0.0613,3,0.2,0,-0.0639,-0.005205,1.0
8815,286.343,0.0613,3,0.2,0,-0.057851,-0.005064,1.0
8816,286.3745,0.0769,3,0.2,0,-0.051796,-0.004936,1.0
8817,286.4057,0.085,3,0.2,0,-0.04573,-0.004821,1.0
8818,286.4355,0.1081,3,0.2,0,-0.039645,-0.004719,1.0
8819,286.4675,0.1241,3,0.2,0,-0.033538,-0.004631,1.0
8820,286.5027,0.1246,3,0.2,0,-0.027406,-0.004556,1.0
8821,286.5334,0.1171,3,0.2,0,-0.021249,-0.004495,1.0
8822,286.5682,0.1329,3,0.2,0,-0.015079,-0.004448,1.0
8823,286.6022,0.1171,3,0.2,0,-0.00891,-0.004416,0.999999
8824,286.6334,0.1325,3,0.2,0,-0.002756,-0.004398,0.999999
8825,286.6637,0.1173,3,0.2,0,0.003366,-0.004395,0.999999
8826,286.6981,0.1397,3,0.2,0,0.009449,-0.004405,0.999999
8827,286.7298,0.1477,3,0.2,0,0.015485,-0.00443,0.999999
8828,286.7648,0.1244,3,0.2,0,0.021475,-0.004467,0.999998
8829,286.7983,0.1168,3,0.2,0,0.027429,-0.004517,0.999998
8830,286.8295,0.093,3,0.2,0,0.033358,-0.004579,0.999998
8831,286.8615,0.1017,3,0.2,0,0.039276,-0.004653,0.999997
8832,286.8931,0.0856,3,0.2,0,0.045195,-0.004739,0.999997
8833,286.9255,0.0775,3,0.2,0,0.051122,-0.004837,0.999997
8834,286.9578,0.0546,3,0.2,0,0.057066,-0.004946,0.999996
8835,286.9906,0.0546,3,0.2,0,0.063034,-0.005068,0.999996
8836,287.0236,0.0547,3,0.2,0,0.069031,-0.0052,0.999996
8837,287.0588,0.07,3,0.2,0,0.075061,-0.005346,0.999995
8838,287.0903,0.0699,3,0.2,0,0.081126,-0.005503,0.999995
8839,287.1215,0.0466,3,0.2,0,0.087221,-0.005674,0.999995
8840,287.1527,0.0863,3,0.2,0,0.093345,-0.005857,0.999994
8841,287.1858,0.0711,3,0.2,0,0.09949,-0.006055,0.999994
8842,287.2173,0.0853,3,0.2,0,0.10565,-0.006266,0.999994
8843,287.2489,0.1014,3,0.2,0,0.111816,-0.006492,0.999994
8844,287.2823,0.139,3,0.2,0,0.117979,-0.006733,0.999993
8845,287.3163,0.1155,3,0.2,0,0.124134,-0.006987,0.999993
8846,287.3505,0.1005,3,0.2,0,0.130271,-0.007256,0.999993
8847,287.3849,0.0851,3,0.2,0,0.136383,-0.007539,0.999993
8848,287.4162,0.0701,3,0.2,0,0.142467,-0.007834,0.999993
8849,287.4505,0.0858,3,0.2,0,0.148527,-0.008143,0.999993
8850,287.4801,0.0859,3,0.2,0,0.154567,-0.008465,0.999993
8851,287.514,0.1015,3,0.2,0,0.160591,-0.008799,0.999993
8852,287.5459,0.0937,3,0.2,0,0.166602,-0.009146,0.999993
8853,287.5785,0.0939,3,0.2,0,0.17261,-0.009505,0.999993
8854,287.6099,0.1247,3,0.2,0,0.178624,-0.009878,0.999993
8855,287.6426,0.1239,3,0.2,0,0.184648,-0.010263,0.999993
8856,287.6746,0.1083,3,0.2,0,0.190686,-0.010661,0.999993
8857,287.7063,0.1012,3,0.2,0,0.196737,-0.011073,0.999993
8858,287.7408,0.1245,3,0.2,0,0.202798,-0.011498,0.999993
8859,287.776,0.1246,3,0.2,0,0.208867,-0.011935,0.999993
8860,287.8096,0.1245,3,0.2,0,0.214937,-0.012386,0.999993
8861,287.8398,0.1331,3,0.2,0,0.221001,-0.012849,0.999994
8862,287.8732,0.1334,3,0.2,0,0.227053,-0.013324,0.999994
8863,287.9045,0.1179,3,0.2,0,0.23309,-0.013811,0.999994
8864,287.9375,0.1182,3,0.2,0,0.239109,-0.01431,0.999994
8865,287.9716,0.0953,3,0.2,0,0.245109,-0.014821,0.999995
8866,288.0057,0.0952,3,0.2,0,0.251092,-0.015343,0.999995
8867,288.0383,0.1249,3,0.2,0,0.257061,-0.015877,0.999995
8868,288.0696,0.1323,3,0.2,0,0.263025,-0.016424,0.999996
8869,288.1013,0.1242,3,0.2,0,0.268989,-0.016984,0.999996
8870,288.132,0.1012,3,0.2,0,0.274962,-0.017558,0.999996
8871,288.1631,0.1087,3,0.2,0,0.280946,-0.018145,0.999996
8872,288.1976,0.0935,3,0.2,0,0.286945,-0.018746,0.999997
8873,288.2296,0.1091,3,0.2,0,0.292958,-0.019362,0.999997
8874,288.2641,0.1086,3,0.2,0,0.298982,-0.019991,0.999997
8875,288.2985,0.0627,3,0.2,0,0.305018,-0.020634,0.999998
8876,288.331,0.078,3,0.2,0,0.311063,-0.021291,0.999998
8877,288.3609,0.0627,3,0.2,0,0.317113,-0.021962,0.999998
8878,288.3949,0.078,3,0.2,0,0.323163,-0.022646,0.999999
8879,288.4265,0.0699,3,0.2,0,0.329207,-0.023342,0.999999
8880,288.4576,0.0852,3,0.2,0,0.335242,-0.024051,0.999999
8881,288.4887,0.0703,3,0.2,0,0.341265,-0.024772,1.0
8882,288.5224,0.0619,3,0.2,0,0.347274,-0.025505,1.0
8883,288.5598,0.062,3,0.2,0,0.353272,-0.026249,1.0
8884,288.5933,0.0768,3,0.2,0,0.359265,-0.027007,1.000001
8885,288.6255,0.0766,3,0.2,0,0.365261,-0.027778,1.000001
8886,288.6574,0.0691,3,0.2,0,0.371266,-0.028563,1.000001
8887,288.6915,0.0927,3,0.2,0,0.377288,-0.029363,1.000002
8888,288.7198,0.0773,3,0.2,0,0.383326,-0.030179,1.000002
8889,288.7513,0.0854,3,0.2,0,0.389375,-0.03101,1.000002
8890,288.781,0.0931,3,0.2,0,0.395427,-0.031854,1.000002
8891,288.8134,0.0855,3,0.2,0,0.401471,-0.03271,1.000003
8892,288.8498,0.0856,3,0.2,0,0.407503,-0.033578,1.000003
8893,288.8815,0.1014,3,0.2,0,0.413529,-0.034458,1.000003
8894,288.9145,0.0934,3,0.2,0,0.41955,-0.035351,1.000003
8895,288.9462,0.1165,3,0.2,0,0.425567,-0.036257,1.000003
8896,288.9772,0.1245,3,0.2,0,0.431579,-0.037175,1.000004
8897,289.0098,0.1003,3,0.2,0,0.43759,-0.038107,1.000004
8898,289.0417,0.092,3,0.2,0,0.443601,-0.039052,1.000004
8899,289.0743,0.0765,3,0.2,0,0.449619,-0.040011,1.000004
8900,289.1047,0.0924,3,0.2,0,0.455644,-0.040984,1.000004
8901,289.1371,0.0851,3,0.2,0,0.461668,-0.041971,1.000005
8902,289.1709,0.0927,3,0.2,0,0.467684,-0.042969,1.000005
8903,289.206,0.0928,3,0.2,0,0.473695,-0.043979,1.000005
8904,289.238,0.0927,3,0.2,0,0.479703,-0.045001,1.000005
8905,289.2711,0.0926,3,0.2,0,0.485706,-0.046036,1.000005
8906,289.3025,0.0926,3,0.2,0,0.491702,-0.047082,1.000005
8907,289.3346,0.0847,3,0.2,0,0.497692,-0.04814,1.000005
8908,289.3679,0.0845,3,0.2,0,0.503679,-0.04921,1.000005
8909,289.398,0.0456,3,0.2,0,0.509667,-0.050294,1.000005
8910,289.43,0.0534,3,0.2,0,0.515655,-0.05139,1.000005
8911,289.4645,0.0681,3,0.2,0,0.521638,-0.052499,1.000006
8912,289.4975,0.0529,3,0.2,0,0.527618,-0.05362,1.000006
8913,289.5297,0.0836,3,0.2,0,0.533596,-0.054754,1.000006
8914,289.5633,0.0603,3,0.2,0,0.539572,-0.0559,1.000006
8915,289.5945,0.0602,3,0.2,0,0.545546,-0.057058,1.000006
8916,289.6259,0.0605,3,0.2,0,0.551521,-0.05823,1.000006
8917,289.659,0.0373,3,0.2,0,0.557496,-0.059414,1.000006
8918,289.6944,0.0612,3,0.2,0,0.563475,-0.060612,1.000006
8919,289.7265,0.0846,3,0.2,0,0.569453,-0.061823,1.000006
8920,289.7576,0.0693,3,0.2,0,0.575426,-0.063046,1.000006
8921,289.7892,0.0843,3,0.2,0,0.58139,-0.06428,1.000006
8922,289.8207,0.1078,3,0.2,0,0.587348,-0.065526,1.000005
8923,289.8542,0.1008,3,0.2,0,0.5933,-0.066784,1.000005
8924,289.8868,0.0928,3,0.2,0,0.599249,-0.068054,1.000005
8925,289.918,0.0695,3,0.2,0,0.605194,-0.069337,1.000005
8926,289.9545,0.0769,3,0.2,0,0.611137,-0.070633,1.000005
8927,289.9861,0.0532,3,0.2,0,0.617078,-0.071941,1.000005
8928,290.018,0.0758,3,0.2,0,0.623019,-0.073264,1.000005
8929,290.0509,0.0848,3,0.2,0,0.628958,-0.074599,1.000005
8930,290.0795,0.0845,3,0.2,0,0.634894,-0.075947,1.000005
8931,290.1136,0.0605,3,0.2,0,0.640826,-0.077308,1.000005
8932,290.1444,0.0689,3,0.2,0,0.646757,-0.078682,1.000005
8933,290.1784,0.0367,3,0.2,0,0.652688,-0.080069,1.000004
8934,290.2149,0.0529,3,0.2,0,0.658617,-0.08147,1.000004
8935,290.2468,0.0522,3,0.2,0,0.664546,-0.082884,1.000004
8936,290.2772,0.0908,3,0.2,0,0.670474,-0.084311,1.000004
8937,290.3099,0.0687,3,0.2,0,0.676403,-0.085751,1.000004
8938,290.3429,0.0768,3,0.2,0,0.682324,-0.087203,1.000004
8939,290.374,0.0697,3,0.2,0,0.688236,-0.088666,1.000004
8940,290.4061,0.085,3,0.2,0,0.694141,-0.090141,1.000003
8941,290.4382,0.1086,3,0.2,0,0.700041,-0.091628,1.000003
8942,290.4709,0.1011,3,0.2,0,0.705938,-0.093127,1.000003
8943,290.5069,0.116,3,0.2,0,0.711829,-0.094639,1.000003
8944,290.5437,0.0854,3,0.2,0,0.717719,-0.096164,1.000003
8945,290.5765,0.1093,3,0.2,0,0.723613,-0.097703,1.000003
8946,290.6115,0.1014,3,0.2,0,0.729501,-0.099254,1.000003
8947,290.6432,0.0773,3,0.2,0,0.735384,-0.100818,1.000003
8948,290.6721,0.0846,3,0.2,0,0.741268,-0.102396,1.000002
8949,290.706,0.1074,3,0.2,0,0.747155,-0.103988,1.000002
8950,290.7368,0.0755,3,0.2,0,0.753042,-0.105594,1.000002
8951,290.7694,0.0835,3,0.2,0,0.758926,-0.107212,1.000002
8952,290.7996,0.0376,3,0.2,0,0.764803,-0.108842,1.000002
8953,290.8349,0.069,3,0.2,0,0.770664,-0.110481,1.000002
8954,290.8695,0.0757,3,0.2,0,0.776512,-0.11213,1.000002
8955,290.9012,0.0762,3,0.2,0,0.782355,-0.113791,1.000002
8956,290.9347,0.0916,3,0.2,0,0.788198,-0.115465,1.000002
8957,290.9666,0.0839,3,0.2,0,0.794041,-0.117153,1.000001
8958,290.9979,0.0691,3,0.2,0,0.799891,-0.118857,1.000001
8959,291.0312,0.1164,3,0.2,0,0.805746,-0.120576,1.000001
8960,291.0639,0.0774,3,0.2,0,0.811601,-0.122308,1.000001
8961,291.0978,0.1327,3,0.2,0,0.817449,-0.124052,1.000001
8962,291.1293,0.1011,3,0.2,0,0.823288,-0.125807,1.000001
8963,291.1611,0.1088,3,0.2,0,0.829123,-0.127574,1.000001
8964,291.1928,0.1086,3,0.2,0,0.834959,-0.129356,1.000001
8965,291.2255,0.0935,3,0.2,0,0.840795,-0.13115,1.000001
8966,291.258,0.0921,3,0.2,0,0.846619,-0.132956,1.000001
8967,291.292,0.0527,3,0.2,0,0.852432,-0.134772,1.000001
8968,291.3229,0.0836,3,0.2,0,0.858233,-0.136598,1.000001
8969,291.3595,0.0755,3,0.2,0,0.864016,-0.138432,1.0
8970,291.3906,0.0678,3,0.2,0,0.869791,-0.140277,1.0
8971,291.418,0.0837,3,0.2,0,0.875567,-0.142137,1.0
8972,291.4493,0.092,3,0.2,0,0.881353,-0.144014,1.0
8973,291.4815,0.0922,3,0.2,0,0.887145,-0.145906,1.0
8974,291.5151,0.1003,3,0.2,0,0.892938,-0.147812,1.0
8975,291.5496,0.1083,3,0.2,0,0.898729,-0.149731,1.0
8976,291.5831,0.1091,3,0.2,0,0.90452,-0.151663,1.0
8977,291.6139,0.1165,3,0.2,0,0.910308,-0.153609,1.0
8978,291.6469,0.0925,3,0.2,0,0.916093,-0.155566,1.0
8979,291.6773,0.0843,3,0.2,0,0.921871,-0.157536,1.0
8980,291.7103,0.0923,3,0.2,0,0.927645,-0.159518,1.0
8981,291.7418,0.0533,3,0.2,0,0.933409,-0.161511,1.0
8982,291.7755,0.0684,3,0.2,0,0.939156,-0.163511,1.0
8983,291.8112,0.0601,3,0.2,0,0.944886,-0.165521,1.0
8984,291.8424,0.0759,3,0.2,0,0.950608,-0.167541,1.0
8985,291.8735,0.1077,3,0.2,0,0.956333,-0.169576,1.0
8986,291.9056,0.0765,3,0.2,0,0.962063,-0.171627,1.0
8987,291.9391,0.0926,3,0.2,0,0.967795,-0.173693,1.0
8988,291.9716,0.0927,3,0.2,0,0.973525,-0.175772,1.0
8989,292.0019,0.0997,3,0.2,0,0.979255,-0.177866,1.0
8990,292.037,0.0926,3,0.2,0,0.984986,-0.179973,1.0
8991,292.0686,0.1087,3,0.2,0,0.990717,-0.182095,1.0
8992,292.1015,0.0539,3,0.2,0,0.996441,-0.184228,1.0
8993,292.1348,0.0927,3,0.2,0,1.002152,-0.18637,1.0
8994,292.1668,0.1005,3,0.2,0,1.007844,-0.188519,1.0
8995,292.1974,0.0755,3,0.2,0,1.013525,-0.190678,1.0
8996,292.2278,0.0835,3,0.2,0,1.019201,-0.192849,1.0
8997,292.2604,0.0767,3,0.2,0,1.024881,-0.195036,1.0
8998,292.2953,0.077,3,0.2,0,1.030565,-0.197239,1.0
8999,292.3278,0.0846,3,0.2,0,1.036248,-0.199455,1.0
9000,292.3618,0.0918,3,0.2,0,1.041927,-0.201684,1.0
9001,292.3935,0.1084,3,0.2,0,1.047596,-0.203923,1.0
9002,292.4257,0.0928,3,0.2,0,1.053255,-0.206173,1.0
9003,292.4588,0.077,3,0.2,0,1.058901,-0.20843,1.0
9004,292.4873,0.1163,3,0.2,0,1.064541,-0.2107,1.0
9005,292.5184,0.0846,3,0.2,0,1.070176,-0.212982,1.0
9006,292.5511,0.0594,3,0.2,0,1.075813,-0.215279,1.0
9007,292.5824,0.1005,3,0.2,0,1.08145,-0.217589,1.0
9008,292.6137,0.0697,3,0.2,0,1.08708,-0.219912,1.0
9009,292.6492,0.0688,3,0.2,0,1.092708,-0.222247,1.0
9010,292.6816,0.0848,3,0.2,0,1.09833,-0.224594,1.0
9011,292.713,0.077,3,0.2,0,1.103947,-0.226953,1.0
9012,292.7445,0.0933,3,0.2,0,1.109554,-0.229323,1.0
9013,292.7746,0.062,3,0.2,0,1.115155,-0.231703,1.0
9014,292.8106,0.1081,3,0.2,0,1.120747,-0.234094,1.0
9015,292.8422,0.0923,3,0.2,0,1.126332,-0.236497,1.0
9016,292.8751,0.0916,3,0.2,0,1.131914,-0.238912,1.0
9017,292.9092,0.0923,3,0.2,0,1.137497,-0.241342,1.0
9018,292.9424,0.0692,3,0.2,0,1.143073,-0.243783,1.0
9019,292.9742,0.0999,3,0.2,0,1.148641,-0.246235,1.0
9020,293.007,0.0922,3,0.2,0,1.154204,-0.248699,1.0
9021,293.0368,0.1158,3,0.2,0,1.159767,-0.251178,1.0
9022,293.0685,0.1078,3,0.2,0,1.165329,-0.25367,1.0
9023,293.1009,0.1165,3,0.2,0,1.170893,-0.256177,1.0
9024,293.1339,0.1086,3,0.2,0,1.17645,-0.258696,1.0
9025,293.1695,0.0924,3,0.2,0,1.181998,-0.261225,1.000001
9026,293.202,0.0996,3,0.2,0,1.187536,-0.263764,1.000001
9027,293.235,0.0694,3,0.2,0,1.193058,-0.26631,1.000001
9028,293.2654,0.1001,3,0.2,0,1.198573,-0.268867,1.000001
9029,293.298,0.0696,3,0.2,0,1.204084,-0.271437,1.000001
9030,293.3288,0.1005,3,0.2,0,1.209588,-0.274018,1.000001
9031,293.3608,0.1161,3,0.2,0,1.215092,-0.276613,1.000001
9032,293.391,0.1007,3,0.2,0,1.220587,-0.279219,1.000001
9033,293.4251,0.1237,3,0.2,0,1.226079,-0.281837,1.000001
9034,293.4632,0.0605,3,0.2,0,1.231569,-0.284469,1.000001
9035,293.4975,0.1,3,0.2,0,1.237047,-0.28711,1.000001
9036,293.5306,0.0606,3,0.2,0,1.242516,-0.28976,1.000001
9037,293.5637,0.1003,3,0.2,0,1.247981,-0.292423,1.000002
9038,293.5982,0.0775,3,0.2,0,1.253443,-0.295099,1.000002
9039,293.6272,0.1158,3,0.2,0,1.258904,-0.297789,1.000002
9040,293.6561,0.108,3,0.2,0,1.264357,-0.30049,1.000002
9041,293.6894,0.0933,3,0.2,0,1.269801,-0.3032,1.000002
9042,293.7208,0.0918,3,0.2,0,1.275241,-0.305924,1.000002
9043,293.754,0.0997,3,0.2,0,1.280671,-0.308657,1.000002
9044,293.7879,0.1001,3,0.2,0,1.286094,-0.311401,1.000002
9045,293.8211,0.1084,3,0.2,0,1.291506,-0.314154,1.000002
9046,293.8551,0.0999,3,0.2,0,1.296914,-0.316919,1.000002
9047,293.8862,0.1161,3,0.2,0,1.302321,-0.3197,1.000002
9048,293.9167,0.1083,3,0.2,0,1.307731,-0.322496,1.000002
9049,293.9502,0.1083,3,0.2,0,1.31314,-0.325306,1.000002
9050,293.9809,0.0845,3,0.2,0,1.318534,-0.328123,1.000002
9051,294.012,0.0839,3,0.2,0,1.323916,-0.330949,1.000002
9052,294.0456,0.0846,3,0.2,0,1.329291,-0.333786,1.000003
9053,294.0805,0.0843,3,0.2,0,1.334661,-0.336636,1.000003
9054,294.1147,0.0771,3,0.2,0,1.340028,-0.339498,1.000003
9055,294.1465,0.1002,3,0.2,0,1.345396,-0.342376,1.000003
9056,294.1787,0.0695,3,0.2,0,1.350763,-0.345267,1.000003
9057,294.21,0.1239,3,0.2,0,1.35612,-0.348169,1.000003
9058,294.2426,0.0928,3,0.2,0,1.361465,-0.351079,1.000003
9059,294.2733,0.1083,3,0.2,0,1.366797,-0.353996,1.000002
9060,294.306,0.092,3,0.2,0,1.372124,-0.356926,1.000002
9061,294.3417,0.1159,3,0.2,0,1.37745,-0.35987,1.000002
9062,294.3739,0.108,3,0.2,0,1.382775,-0.362829,1.000002
9063,294.406,0.1159,3,0.2,0,1.38809,-0.365797,1.000002
9064,294.4391,0.0771,3,0.2,0,1.393394,-0.368774,1.000002
9065,294.4682,0.131,3,0.2,0,1.398692,-0.371763,1.000002
9066,294.5029,0.1083,3,0.2,0,1.403986,-0.374764,1.000002
9067,294.535,0.1161,3,0.2,0,1.409268,-0.377773,1.000002
9068,294.565,0.1153,3,0.2,0,1.414539,-0.380791,1.000002
9069,294.5983,0.0919,3,0.2,0,1.41981,-0.383824,1.000002
9070,294.6295,0.0927,3,0.2,0,1.425081,-0.386872,1.000002
9071,294.6637,0.0774,3,0.2,0,1.430347,-0.389932,1.000002
9072,294.6977,0.0999,3,0.2,0,1.435603,-0.393002,1.000002
9073,294.7301,0.0999,3,0.2,0,1.440852,-0.396082,1.000002
9074,294.7625,0.1,3,0.2,0,1.446098,-0.399176,1.000002
9075,294.7927,0.0844,3,0.2,0,1.451349,-0.402288,1.000002
9076,294.8266,0.0921,3,0.2,0,1.456601,-0.405416,1.000002
9077,294.8594,0.1008,3,0.2,0,1.461849,-0.408556,1.000001
9078,294.895,0.0931,3,0.2,0,1.467081,-0.411702,1.000001
9079,294.9257,0.0848,3,0.2,0,1.472297,-0.414855,1.000001
9080,294.9581,0.092,3,0.2,0,1.477499,-0.418013,1.000001
9081,294.9896,0.0999,3,0.2,0,1.482691,-0.421181,1.000001
9082,295.0183,0.085,3,0.2,0,1.487883,-0.424365,1.000001
9083,295.0515,0.0846,3,0.2,0,1.493069,-0.42756,1.000001
9084,295.0821,0.1011,3,0.2,0,1.498245,-0.430764,1.000001
9085,295.1158,0.1078,3,0.2,0,1.503407,-0.433975,1.000001
9086,295.1515,0.1078,3,0.2,0,1.508556,-0.437194,1.000001
9087,295.1822,0.0927,3,0.2,0,1.513704,-0.440426,1.000001
9088,295.2156,0.1087,3,0.2,0,1.518847,-0.443671,1.000001
9089,295.2458,0.0923,3,0.2,0,1.523985,-0.446929,1.000001
9090,295.2765,0.0929,3,0.2,0,1.529116,-0.450197,1.000001
9091,295.3087,0.0928,3,0.2,0,1.53424,-0.453477,1.0
9092,295.3423,0.1155,3,0.2,0,1.539355,-0.456766,1.0
9093,295.3747,0.1233,3,0.2,0,1.544467,-0.460068,1.0
9094,295.41,0.0927,3,0.2,0,1.549574,-0.463383,1.0
9095,295.4425,0.1154,3,0.2,0,1.554676,-0.46671,1.0
9096,295.4727,0.0923,3,0.2,0,1.559774,-0.47005,1.0
9097,295.5056,0.1005,3,0.2,0,1.564861,-0.473399,1.0
9098,295.537,0.0925,3,0.2,0,1.569942,-0.476758,1.0
9099,295.5685,0.0686,3,0.2,0,1.575014,-0.480128,1.0
9100,295.6014,0.1161,3,0.2,0,1.580082,-0.483511,1.0
9101,295.6339,0.0683,3,0.2,0,1.585143,-0.486904,1.0
9102,295.6671,0.0851,3,0.2,0,1.590199,-0.49031,1.0
9103,295.704,0.1003,3,0.2,0,1.595244,-0.493724,1.0
9104,295.737,0.0849,3,0.2,0,1.600275,-0.497145,1.0
9105,295.7693,0.1241,3,0.2,0,1.605299,-0.500576,1.0
9106,295.8019,0.1077,3,0.2,0,1.610318,-0.50402,1.0
9107,295.8319,0.0913,3,0.2,0,1.615331,-0.507476,1.0
9108,295.8615,0.1086,3,0.2,0,1.620335,-0.510941,0.999999
9109,295.8943,0.0918,3,0.2,0,1.62533,-0.514416,0.999999
9110,295.9261,0.1404,3,0.2,0,1.630312,-0.517898,0.999999
9111,295.9579,0.1159,3,0.2,0,1.635285,-0.521389,0.999999
9112,295.9945,0.0915,3,0.2,0,1.640259,-0.524897,0.999999
9113,296.0268,0.1243,3,0.2,0,1.645236,-0.528423,0.999999
9114,296.0599,0.1,3,0.2,0,1.650206,-0.53196,0.999999
9115,296.0898,0.1232,3,0.2,0,1.655161,-0.535502,0.999999
9116,296.1204,0.0845,3,0.2,0,1.660113,-0.539058,0.999999
9117,296.1505,0.1236,3,0.2,0,1.665055,-0.542622,1.0
9118,296.182,0.1004,3,0.2,0,1.669994,-0.5462,1.0
9119,296.2141,0.1313,3,0.2,0,1.674922,-0.549786,1.0
9120,296.2487,0.109,3,0.2,0,1.679843,-0.553384,1.0
9121,296.2833,0.1005,3,0.2,0,1.684753,-0.556988,1.0
9122,296.3191,0.0996,3,0.2,0,1.689654,-0.560604,1.0
9123,296.3492,0.0529,3,0.2,0,1.694554,-0.564234,1.0
9124,296.3825,0.0927,3,0.2,0,1.699453,-0.56788,1.000001
9125,296.4143,0.1001,3,0.2,0,1.704337,-0.571532,1.000001
9126,296.4469,0.116,3,0.2,0,1.70921,-0.575192,1.000001
9127,296.4799,0.0778,3,0.2,0,1.714067,-0.578856,1.000001
9128,296.5138,0.0927,3,0.2,0,1.718922,-0.582536,1.000002
9129,296.5457,0.092,3,0.2,0,1.723768,-0.586224,1.000002
9130,296.5751,0.124,3,0.2,0,1.728604,-0.589922,1.000002
9131,296.6044,0.1006,3,0.2,0,1.733426,-0.593626,1.000003
9132,296.6345,0.1319,3,0.2,0,1.738242,-0.597341,1.000003
9133,296.6678,0.1314,3,0.2,0,1.743048,-0.601065,1.000003
9134,296.7021,0.1244,3,0.2,0,1.74785,-0.604801,1.000003
9135,296.736,0.0931,3,0.2,0,1.752644,-0.608549,1.000004
9136,296.7684,0.0929,3,0.2,0,1.757432,-0.612307,1.000004
9137,296.8018,0.1404,3,0.2,0,1.762208,-0.616072,1.000004
9138,296.8347,0.0613,3,0.2,0,1.766977,-0.619849,1.000004
9139,296.8638,0.1162,3,0.2,0,1.771741,-0.623638,1.000004
9140,296.8984,0.1074,3,0.2,0,1.776498,-0.627438,1.000004
9141,296.9289,0.1161,3,0.2,0,1.781245,-0.631246,1.000004
9142,296.9612,0.1316,3,0.2,0,1.785973,-0.635056,1.000004
9143,296.9945,0.1076,3,0.2,0,1.790695,-0.638878,1.000005
9144,297.0258,0.139,3,0.2,0,1.79541,-0.64271,1.000005
9145,297.0591,0.0999,3,0.2,0,1.80012,-0.646555,1.000005
9146,297.0908,0.1395,3,0.2,0,1.804822,-0.650411,1.000005
9147,297.124,0.1081,3,0.2,0,1.809519,-0.654279,1.000005
9148,297.1573,0.1082,3,0.2,0,1.814206,-0.658157,1.000005
9149,297.1901,0.1006,3,0.2,0,1.818889,-0.662047,1.000005
9150,297.2222,0.1,3,0.2,0,1.823566,-0.665951,1.000005
9151,297.2525,0.1,3,0.2,0,1.828233,-0.669862,1.000005
9152,297.2869,0.1082,3,0.2,0,1.832888,-0.67378,1.000004
9153,297.3182,0.1156,3,0.2,0,1.837538,-0.677713,1.000004
9154,297.3547,0.0842,3,0.2,0,1.842191,-0.681663,1.000004
9155,297.3852,0.1318,3,0.2,0,1.846834,-0.685622,1.000004
9156,297.418,0.0774,3,0.2,0,1.851465,-0.689589,1.000004
9157,297.4515,0.1315,3,0.2,0,1.856081,-0.69356,1.000004
9158,297.4789,0.1005,3,0.2,0,1.860691,-0.697542,1.000004
9159,297.5096,0.1004,3,0.2,0,1.865289,-0.701532,1.000004
9160,297.557,0.1161,3,0.2,0,1.86987,-0.705523,1.000003
9161,297.5751,0.1316,3,0.2,0,1.874435,-0.709518,1.000003
9162,297.6103,0.1241,3,0.2,0,1.878994,-0.713525,1.000003
9163,297.6465,0.1164,3,0.2,0,1.883544,-0.71754,1.000003
9164,297.6784,0.0916,3,0.2,0,1.888087,-0.721567,1.000003
9165,297.7119,0.0772,3,0.2,0,1.89262,-0.725602,1.000003
9166,297.7417,0.1388,3,0.2,0,1.897145,-0.729646,1.000002
9167,297.7726,0.1003,3,0.2,0,1.901661,-0.7337,1.000002
9168,297.8026,0.108,3,0.2,0,1.906173,-0.737767,1.000002
9169,297.8338,0.069,3,0.2,0,1.910679,-0.741845,1.000002
9170,297.8651,0.1242,3,0.2,0,1.915174,-0.745931,1.000002
9171,297.8985,0.1231,3,0.2,0,1.919661,-0.750026,1.000001
9172,297.9332,0.1166,3,0.2,0,1.924142,-0.754134,1.000001
9173,297.9655,0.1158,3,0.2,0,1.928617,-0.758252,1.000001
9174,298.0008,0.0843,3,0.2,0,1.933082,-0.762379,1.000001
9175,298.0299,0.1163,3,0.2,0,1.937537,-0.766514,1.0
9176,298.0629,0.0931,3,0.2,0,1.941987,-0.770664,1.0
9177,298.0948,0.1155,3,0.2,0,1.946434,-0.774827,1.0
9178,298.1268,0.0924,3,0.2,0,1.950874,-0.779002,1.0
9179,298.1567,0.1247,3,0.2,0,1.955302,-0.783183,1.0
9180,298.1893,0.0854,3,0.2,0,1.959725,-0.787378,0.999999
9181,298.2249,0.1242,3,0.2,0,1.964145,-0.791588,0.999999
9182,298.2591,0.1156,3,0.2,0,1.968562,-0.795814,0.999999
9183,298.2909,0.0917,3,0.2,0,1.972969,-0.800048,0.999999
9184,298.3221,0.1005,3,0.2,0,1.977368,-0.804295,0.999999
9185,298.3555,0.1161,3,0.2,0,1.981763,-0.808554,0.999998
9186,298.3849,0.1229,3,0.2,0,1.986146,-0.812821,0.999998
9187,298.4161,0.1158,3,0.2,0,1.99051,-0.817088,0.999998
9188,298.4507,0.1161,3,0.2,0,1.994859,-0.821358,0.999998
9189,298.482,0.1158,3,0.2,0,1.999195,-0.825634,0.999998
9190,298.515,0.1233,3,0.2,0,2.003515,-0.829912,0.999998
9191,298.5487,0.1239,3,0.2,0,2.00782,-0.834193,0.999997
9192,298.5827,0.1318,3,0.2,0,2.012113,-0.83848,0.999997
9193,298.6152,0.1402,3,0.2,0,2.016399,-0.842779,0.999997
9194,298.6471,0.1242,3,0.2,0,2.020678,-0.847088,0.999997
9195,298.6768,0.1083,3,0.2,0,2.024946,-0.851404,0.999997
9196,298.7073,0.1234,3,0.2,0,2.029206,-0.85573,0.999997
9197,298.7392,0.1399,3,0.2,0,2.033459,-0.860069,0.999997
9198,298.7708,0.1005,3,0.2,0,2.037708,-0.86442,0.999997
9199,298.8054,0.0923,3,0.2,0,2.041947,-0.86878,0.999996
9200,298.8378,0.1004,3,0.2,0,2.046175,-0.873149,0.999996
9201,298.8689,0.1314,3,0.2,0,2.050395,-0.877526,0.999996
9202,298.9025,0.0767,3,0.2,0,2.054606,-0.881914,0.999996
9203,298.9326,0.1231,3,0.2,0,2.05881,-0.886312,0.999996
9204,298.9635,0.0922,3,0.2,0,2.063003,-0.890719,0.999996
9205,298.9976,0.1394,3,0.2,0,2.067192,-0.895139,0.999996
9206,299.03,0.0922,3,0.2,0,2.071375,-0.899573,0.999996
9207,299.0637,0.1002,3,0.2,0,2.075553,-0.90402,0.999996
9208,299.098,0.0922,3,0.2,0,2.079723,-0.908477,0.999996
9209,299.1297,0.108,3,0.2,0,2.083884,-0.912944,0.999996
9210,299.1604,0.1315,3,0.2,0,2.088037,-0.917421,0.999996
9211,299.1928,0.1166,3,0.2,0,2.092183,-0.92191,0.999996
9212,299.224,0.1314,3,0.2,0,2.096314,-0.926402,0.999996
9213,299.2545,0.0693,3,0.2,0,2.100431,-0.930897,0.999996
9214,299.286,0.1085,3,0.2,0,2.104534,-0.935396,0.999996
9215,299.3181,0.0848,3,0.2,0,2.108626,-0.939903,0.999996
9216,299.3514,0.1005,3,0.2,0,2.112705,-0.944415,0.999996
9217,299.3848,0.1087,3,0.2,0,2.116769,-0.94893,0.999996
9218,299.4185,0.0924,3,0.2,0,2.120822,-0.953452,0.999996
9219,299.4504,0.1152,3,0.2,0,2.12487,-0.957988,0.999996
9220,299.481,0.1,3,0.2,0,2.128912,-0.962537,0.999996
9221,299.5121,0.1474,3,0.2,0,2.132943,-0.967094,0.999996
9222,299.5469,0.0925,3,0.2,0,2.136963,-0.971658,0.999996
9223,299.5766,0.1231,3,0.2,0,2.140972,-0.976229,0.999996
9224,299.6143,0.0771,3,0.2,0,2.144973,-0.980811,0.999996
9225,299.6473,0.1397,3,0.2,0,2.148961,-0.985398,0.999996
9226,299.6776,0.1081,3,0.2,0,2.152938,-0.989992,0.999996
9227,299.7099,0.1236,3,0.2,0,2.156904,-0.994593,0.999997
9228,299.7427,0.1158,3,0.2,0,2.160861,-0.999203,0.999997
9229,299.7735,0.1073,3,0.2,0,2.164808,-1.003822,0.999997
9230,299.8049,0.1158,3,0.2,0,2.168747,-1.008451,0.999997
9231,299.8377,0.1008,3,0.2,0,2.172679,-1.013091,0.999997
9232,299.8715,0.1231,3,0.2,0,2.1766,-1.017738,0.999997
9233,299.9068,0.0997,3,0.2,0,2.180515,-1.022398,0.999997
9234,299.9371,0.1085,3,0.2,0,2.184425,-1.027071,0.999997
9235,299.9709,0.1161,3,0.2,0,2.188328,-1.031758,0.999998
